arm,configuration,scheme,seed,rounds,backend,gate_m,primary_eval,macro_acc,macro_f1,acc_head,f1_head,acc_proto,f1_proto,acc_local_routed,fpkd_head_selfeval_per_site,fpkd_proto_per_site_routed,fedgh_random_partner_acc,fedgh_random_partner_same_class_frac,fedgh_other_class_partner_acc,silhouette_class,xfm_prototype_cosine,fm_probe_balanced_acc,recall_BRCA,recall_COAD,recall_STAD,recall_LGG,recall_LUAD,recall_HNSC,recall_SKCM,recall_CESC,recall_PAAD,used_in,source_file
method_linear_stratified,"Reference protocol: linear architecture-tied projectors, both prototype terms, averaged head",stratified,62,150,gpu,8,head,0.5430697026143466,0.5431431867608394,0.5430697026143466,0.5431431867608394,0.5487141391082929,0.5505952920378598,,,,,,,-0.17763079702854156,0.6302122473716736,1.0,0.9703264094955489,0.8288770053475936,0.18461538461538463,1.0,0.6915887850467289,0.7010309278350515,0.4727272727272727,0.038461538461538464,0.0,"Tables 5-11, Figs. 2-5",r2_batch/method_linear_stratified_s62.json
method_linear_stratified,"Reference protocol: linear architecture-tied projectors, both prototype terms, averaged head",stratified,63,150,gpu,8,head,0.5873570722106123,0.6336918866434662,0.5873570722106123,0.6336918866434662,0.4201584673997742,0.4557657751275517,,,,,,,-0.08772977441549301,0.4691286351945665,1.0,1.0,0.7988826815642458,0.25806451612903225,0.9238095238095239,0.7431192660550459,0.6020408163265306,0.2909090909090909,0.46938775510204084,0.2,"Tables 5-11, Figs. 2-5",r2_batch/method_linear_stratified_s63.json
method_linear_stratified,"Reference protocol: linear architecture-tied projectors, both prototype terms, averaged head",stratified,64,150,gpu,8,head,0.7180637441388034,0.7478496469793132,0.7180637441388034,0.7478496469793132,0.6051531941971342,0.6356305254154855,,,,,,,-0.2183394879102707,0.7439523769749535,1.0,0.9969040247678018,0.8085106382978723,0.4351145038167939,0.9902439024390244,0.9797979797979798,0.8526315789473684,0.5,0.5660377358490566,0.3333333333333333,"Tables 5-11, Figs. 2-5",r2_batch/method_linear_stratified_s64.json
method_linear_stratified,"Reference protocol: linear architecture-tied projectors, both prototype terms, averaged head",stratified,65,150,gpu,8,head,0.5755506543503942,0.6059827745211303,0.5755506543503942,0.6059827745211303,0.24078180573116498,0.2222858576707424,,,,,,,-0.040995046496391296,0.4972201817565494,1.0,0.9968354430379747,0.9010989010989011,0.2857142857142857,0.9826589595375722,0.4339622641509434,0.7319587628865979,0.4727272727272727,0.20833333333333334,0.16666666666666666,"Tables 5-11, Figs. 2-5",r2_batch/method_linear_stratified_s65.json
method_linear_stratified,"Reference protocol: linear architecture-tied projectors, both prototype terms, averaged head",stratified,66,150,gpu,8,head,0.6169625506861057,0.6379834933823181,0.6169625506861057,0.6379834933823181,0.47737541630591995,0.43656393238501584,,,,,,,-0.11970821768045425,0.625590917136934,1.0,0.9827089337175793,0.9473684210526315,0.41911764705882354,0.835820895522388,0.9523809523809523,0.7142857142857143,0.25,0.45098039215686275,0.0,"Tables 5-11, Figs. 2-5",r2_batch/method_linear_stratified_s66.json
method_linear_stratified,"Reference protocol: linear architecture-tied projectors, both prototype terms, averaged head",stratified,67,150,gpu,8,head,0.6055130356817239,0.6009772143422236,0.6055130356817239,0.6009772143422236,0.46823061697262186,0.4347369010627609,,,,,,,-0.2354961782693863,0.6452061533927917,0.9992266047950503,0.9970326409495549,0.875,0.21641791044776118,1.0,0.6565656565656566,0.7755102040816326,0.7090909090909091,0.22,0.0,"Tables 5-11, Figs. 2-5",r2_batch/method_linear_stratified_s67.json
method_linear_stratified,"Reference protocol: linear architecture-tied projectors, both prototype terms, averaged head",stratified,68,150,gpu,8,head,0.4931014546568597,0.499014643162267,0.4931014546568597,0.499014643162267,0.669115490768162,0.6794513488326497,,,,,,,-0.24380457401275635,0.755678203370836,1.0,0.9791044776119403,0.8142076502732241,0.022556390977443608,0.9104477611940298,0.7739130434782608,0.5346534653465347,0.23636363636363636,0.0784313725490196,0.08823529411764706,"Tables 5-11, Figs. 2-5",r2_batch/method_linear_stratified_s68.json
method_linear_stratified,"Reference protocol: linear architecture-tied projectors, both prototype terms, averaged head",stratified,69,150,gpu,8,head,0.5989405474935757,0.5762674348473913,0.5989405474935757,0.5762674348473913,0.5659570644502525,0.5853348185356559,,,,,,,-0.08826638013124466,0.6838445530997382,1.0,0.9831460674157303,0.9470899470899471,0.09352517985611511,0.9947643979057592,0.9807692307692307,0.7878787878787878,0.44642857142857145,0.1568627450980392,0.0,"Tables 5-11, Figs. 2-5",r2_batch/method_linear_stratified_s69.json
method_linear_stratified,"Reference protocol: linear architecture-tied projectors, both prototype terms, averaged head",stratified,70,150,gpu,8,head,0.5653815850152026,0.5569150273406306,0.5653815850152026,0.5569150273406306,0.3498668684414176,0.34148951863750265,,,,,,,-0.12306700646877289,0.5341810252931383,1.0,0.9879154078549849,0.7872340425531915,0.41732283464566927,0.9947368421052631,0.73,0.9381443298969072,0.16363636363636364,0.041666666666666664,0.027777777777777776,"Tables 5-11, Figs. 2-5",r2_batch/method_linear_stratified_s70.json
method_linear_stratified,"Reference protocol: linear architecture-tied projectors, both prototype terms, averaged head",stratified,71,150,gpu,8,head,0.6561106685566057,0.6544264787350818,0.6561106685566057,0.6544264787350818,0.6896933474468478,0.7071362721540815,,,,,,,-0.06236176937818527,0.5638082126776377,1.0,0.9907407407407407,0.8556149732620321,0.3858267716535433,1.0,1.0,0.801980198019802,0.6,0.2708333333333333,0.0,"Tables 5-11, Figs. 2-5",r2_batch/method_linear_stratified_s71.json
method_linear_stratified,"Reference protocol: linear architecture-tied projectors, both prototype terms, averaged head",stratified,72,150,gpu,8,head,0.6062979293662885,0.6427719682028261,0.6062979293662885,0.6427719682028261,0.5813795832803149,0.61826433268585,,,,,,,-0.14541204273700714,0.4675038390689426,1.0,0.9722222222222222,0.8700564971751412,0.4453125,1.0,0.808695652173913,0.5789473684210527,0.41818181818181815,0.16326530612244897,0.2,"Tables 5-11, Figs. 2-5",r2_batch/method_linear_stratified_s72.json
method_linear_stratified,"Reference protocol: linear architecture-tied projectors, both prototype terms, averaged head",stratified,73,150,gpu,8,head,0.6333207156017543,0.6346419388593636,0.6333207156017543,0.6346419388593636,0.3904244156411322,0.3633779165692927,,,,,,,-0.21098807454109192,0.5721272925535837,1.0,1.0,0.8448275862068966,0.39097744360902253,0.8770949720670391,0.905982905982906,0.8865979381443299,0.5636363636363636,0.23076923076923078,0.0,"Tables 5-11, Figs. 2-5",r2_batch/method_linear_stratified_s73.json
method_linear_stratified,"Reference protocol: linear architecture-tied projectors, both prototype terms, averaged head",stratified,74,150,gpu,8,head,0.40213800911569825,0.4167704594111787,0.40213800911569825,0.4167704594111787,0.4199984409821669,0.4164918117859398,,,,,,,-0.08140471577644348,0.5853243503305647,0.9993552546744037,0.9969604863221885,0.8201058201058201,0.1015625,0.7301587301587301,0.2727272727272727,0.45454545454545453,0.01818181818181818,0.0,0.225,"Tables 5-11, Figs. 2-5",r2_batch/method_linear_stratified_s74.json
method_linear_stratified,"Reference protocol: linear architecture-tied projectors, both prototype terms, averaged head",stratified,75,150,gpu,8,head,0.6239492850497437,0.6219992604428043,0.6239492850497437,0.6219992604428043,0.574349377017052,0.568820276811182,,,,,,,-0.13686509430408478,0.4672134783532884,1.0,0.9784615384615385,0.8743169398907104,0.3828125,0.9952380952380953,0.6111111111111112,0.6868686868686869,0.6785714285714286,0.40816326530612246,0.0,"Tables 5-11, Figs. 2-5",r2_batch/method_linear_stratified_s75.json
method_linear_stratified,"Reference protocol: linear architecture-tied projectors, both prototype terms, averaged head",stratified,76,150,gpu,8,head,0.6363209706959707,0.6495102817929405,0.6363209706959707,0.6495102817929405,0.3681750137327435,0.30619227577590097,,,,,,,-0.18735387921333313,0.7430642379654778,0.9990253411306043,1.0,0.8791208791208791,0.265625,1.0,0.8571428571428571,0.9081632653061225,0.5535714285714286,0.16326530612244897,0.1,"Tables 5-11, Figs. 2-5",r2_batch/method_linear_stratified_s76.json
method_linear_stratified,"Reference protocol: linear architecture-tied projectors, both prototype terms, averaged head",stratified,77,150,gpu,8,head,0.5628557247255865,0.5729788709945421,0.5628557247255865,0.5729788709945421,0.5538931886859657,0.5490278393204877,,,,,,,-0.07462318241596222,0.5273624625470903,1.0,0.9723926380368099,0.9259259259259259,0.3333333333333333,1.0,0.7872340425531915,0.5979381443298969,0.2545454545454545,0.11538461538461539,0.07894736842105263,"Tables 5-11, Figs. 2-5",r2_batch/method_linear_stratified_s77.json
method_linear_stratified,"Reference protocol: linear architecture-tied projectors, both prototype terms, averaged head",stratified,78,150,gpu,8,head,0.6117673170642131,0.6404251613202945,0.6117673170642131,0.6404251613202945,0.5543703704388341,0.5968478480385903,,,,,,,-0.23336289823055267,0.5213392376899719,0.9991769547325102,1.0,0.7591623036649214,0.4222222222222222,1.0,0.7924528301886793,0.711340206185567,0.42857142857142855,0.39215686274509803,0.0,"Tables 5-11, Figs. 2-5",r2_batch/method_linear_stratified_s78.json
method_linear_stratified,"Reference protocol: linear architecture-tied projectors, both prototype terms, averaged head",stratified,79,150,gpu,8,head,0.6775893552965605,0.683100785024553,0.6775893552965605,0.683100785024553,0.3540635211080796,0.3342764819694319,,,,,,,-0.15520036220550537,0.704627686076694,1.0,0.9818181818181818,0.7580645161290323,0.5307692307692308,1.0,0.9134615384615384,0.7731958762886598,0.7636363636363637,0.37735849056603776,0.0,"Tables 5-11, Figs. 2-5",r2_batch/method_linear_stratified_s79.json
method_linear_stratified,"Reference protocol: linear architecture-tied projectors, both prototype terms, averaged head",stratified,80,150,gpu,8,head,0.6554692461102954,0.6937996926650674,0.6554692461102954,0.6937996926650674,0.5434780502879334,0.5225817905072588,,,,,,,-0.04556037858128548,0.6284315784772238,0.998914223669924,1.0,0.6077348066298343,0.09302325581395349,0.9948186528497409,0.9523809523809523,0.7676767676767676,0.6607142857142857,0.4807692307692308,0.34210526315789475,"Tables 5-11, Figs. 2-5",r2_batch/method_linear_stratified_s80.json
method_linear_stratified,"Reference protocol: linear architecture-tied projectors, both prototype terms, averaged head",stratified,81,150,gpu,8,head,0.6110238994316266,0.6116247744150201,0.6110238994316266,0.6116247744150201,0.5676736730846068,0.6110669844536669,,,,,,,-0.14827126264572144,0.5535282923115624,1.0,0.9882352941176471,0.6276595744680851,0.5303030303030303,1.0,0.9902912621359223,0.7835051546391752,0.43636363636363634,0.14285714285714285,0.0,"Tables 5-11, Figs. 2-5",r2_batch/method_linear_stratified_s81.json
method_linear_stratified,"Reference protocol: linear architecture-tied projectors, both prototype terms, averaged head",stratified,82,150,gpu,8,head,0.538531080102722,0.5615438759916833,0.538531080102722,0.5615438759916833,0.5525773588878992,0.5721315573856226,,,,,,,-0.2035101056098938,0.6623500121964349,1.0,0.9969512195121951,0.7814207650273224,0.18181818181818182,1.0,0.8230088495575221,0.53,0.3090909090909091,0.22448979591836735,0.0,"Tables 5-11, Figs. 2-5",r2_batch/method_linear_stratified_s82.json
method_linear_stratified,"Reference protocol: linear architecture-tied projectors, both prototype terms, averaged head",stratified,83,150,gpu,8,head,0.6461070402952356,0.6442284389756726,0.6461070402952356,0.6442284389756726,0.5011039463095442,0.5074089092042168,,,,,,,-0.13678738474845886,0.6849435435401069,1.0,0.9970149253731343,0.925531914893617,0.13636363636363635,1.0,0.9150943396226415,0.7722772277227723,0.6071428571428571,0.46153846153846156,0.0,"Tables 5-11, Figs. 2-5",r2_batch/method_linear_stratified_s83.json
method_linear_stratified,"Reference protocol: linear architecture-tied projectors, both prototype terms, averaged head",stratified,84,150,gpu,8,head,0.5676408485127262,0.5675821528193548,0.5676408485127262,0.5675821528193548,0.36203221349725484,0.31774145032083456,,,,,,,-0.07263096421957016,0.3747742904557122,1.0,0.9938837920489296,0.8166666666666667,0.4806201550387597,1.0,0.7105263157894737,0.7070707070707071,0.4,0.0,0.0,"Tables 5-11, Figs. 2-5",r2_batch/method_linear_stratified_s84.json
method_linear_stratified,"Reference protocol: linear architecture-tied projectors, both prototype terms, averaged head",stratified,85,150,gpu,8,head,0.5509967755282033,0.5496331620498314,0.5509967755282033,0.5496331620498314,0.27104213414821066,0.20375750319453959,,,,,,,-0.10633191466331482,0.6284647716416253,1.0,1.0,0.9202127659574468,0.25190839694656486,1.0,0.7333333333333333,0.57,0.4642857142857143,0.019230769230769232,0.0,"Tables 5-11, Figs. 2-5",r2_batch/method_linear_stratified_s85.json
method_linear_stratified,"Reference protocol: linear architecture-tied projectors, both prototype terms, averaged head",stratified,86,150,gpu,8,head,0.7409454503763558,0.7527444146708199,0.7409454503763558,0.7527444146708199,0.5450235436668156,0.5150538406560268,,,,,,,-0.27685487270355225,0.7704148888587952,1.0,1.0,0.9470899470899471,0.1386861313868613,0.9953917050691244,1.0,0.88,0.4642857142857143,0.6041666666666666,0.6388888888888888,"Tables 5-11, Figs. 2-5",r2_batch/method_linear_stratified_s86.json
method_linear_stratified,"Reference protocol: linear architecture-tied projectors, both prototype terms, averaged head",stratified,87,150,gpu,8,head,0.48034440713655946,0.49581001386544593,0.48034440713655946,0.49581001386544593,0.4120446690943853,0.3780093549111474,,,,,,,-0.11417107284069061,0.39451920323901707,1.0,1.0,0.6741573033707865,0.4523809523809524,0.7777777777777778,0.38317757009345793,0.7083333333333334,0.32727272727272727,0.0,0.0,"Tables 5-11, Figs. 2-5",r2_batch/method_linear_stratified_s87.json
method_linear_stratified,"Reference protocol: linear architecture-tied projectors, both prototype terms, averaged head",stratified,88,150,gpu,8,head,0.6542537287487193,0.6683081597756301,0.6542537287487193,0.6683081597756301,0.5667693289384795,0.5809109348858279,,,,,,,-0.10434392094612122,0.5047713915506998,1.0,1.0,0.8032786885245902,0.5476190476190477,1.0,0.9911504424778761,0.8020833333333334,0.43859649122807015,0.16666666666666666,0.1388888888888889,"Tables 5-11, Figs. 2-5",r2_batch/method_linear_stratified_s88.json
method_linear_stratified,"Reference protocol: linear architecture-tied projectors, both prototype terms, averaged head",stratified,89,150,gpu,8,head,0.5233291078522788,0.5477440118747903,0.5233291078522788,0.5477440118747903,0.632696882413035,0.650870484434243,,,,,,,-0.25176113843917847,0.6412249604860941,0.9990503323836658,0.9611940298507463,0.7631578947368421,0.3023255813953488,0.8916256157635468,0.7476635514018691,0.6185567010309279,0.17543859649122806,0.25,0.0,"Tables 5-11, Figs. 2-5",r2_batch/method_linear_stratified_s89.json
method_linear_stratified,"Reference protocol: linear architecture-tied projectors, both prototype terms, averaged head",stratified,90,150,gpu,8,head,0.5536223058152646,0.577066014296005,0.5536223058152646,0.577066014296005,0.5170562492927551,0.5334754018115896,,,,,,,0.03291267529129982,0.43249090181456673,0.9991474850809889,0.9939024390243902,0.6892655367231638,0.1349206349206349,0.9521276595744681,0.7264150943396226,0.673469387755102,0.25,0.5625,0.0,"Tables 5-11, Figs. 2-5",r2_batch/method_linear_stratified_s90.json
method_linear_stratified,"Reference protocol: linear architecture-tied projectors, both prototype terms, averaged head",stratified,91,150,gpu,8,head,0.5649422117782342,0.5944990419497035,0.5649422117782342,0.5944990419497035,0.4347830473103891,0.41860908385881745,,,,,,,-0.15895646810531616,0.5363976193798913,1.0,1.0,0.8054054054054054,0.3007518796992481,0.9887640449438202,0.6481481481481481,0.53125,0.5454545454545454,0.0,0.2647058823529412,"Tables 5-11, Figs. 2-5",r2_batch/method_linear_stratified_s91.json
method_linear_balanced,"Reference protocol: linear architecture-tied projectors, both prototype terms, averaged head",balanced,62,150,gpu,8,head,0.6501261088510835,0.6419338392994234,0.6501261088510835,0.6419338392994234,0.4791850591648813,0.43215499257902273,,,,,,,-0.09436896443367004,0.2191424138016171,1.0,0.9910979228486647,0.893048128342246,0.2923076923076923,1.0,0.7289719626168224,0.9587628865979382,0.7818181818181819,0.0,0.20512820512820512,"Tables 5-11, Figs. 2-5",r2_batch/method_linear_balanced_s62.json
method_linear_balanced,"Reference protocol: linear architecture-tied projectors, both prototype terms, averaged head",balanced,63,150,gpu,8,head,0.693208047838651,0.7427231032150696,0.693208047838651,0.7427231032150696,0.3659544761630949,0.3336733871908793,,,,,,,-0.3411869704723358,0.5792008228600025,1.0,1.0,0.6033519553072626,0.5161290322580645,0.9619047619047619,0.9357798165137615,0.7755102040816326,0.4727272727272727,0.673469387755102,0.3,"Tables 5-11, Figs. 2-5",r2_batch/method_linear_balanced_s63.json
method_linear_balanced,"Reference protocol: linear architecture-tied projectors, both prototype terms, averaged head",balanced,64,150,gpu,8,head,0.5386623186968637,0.5199313990559696,0.5386623186968637,0.5199313990559696,0.47441879428333433,0.47289633377197365,,,,,,,-0.14969760179519653,0.4987696210543315,1.0,0.9876160990712074,0.8138297872340425,0.33587786259541985,0.8975609756097561,0.8686868686868687,0.7368421052631579,0.0,0.20754716981132076,0.0,"Tables 5-11, Figs. 2-5",r2_batch/method_linear_balanced_s64.json
method_linear_balanced,"Reference protocol: linear architecture-tied projectors, both prototype terms, averaged head",balanced,65,150,gpu,8,head,0.7017827828582496,0.7140725396068893,0.7017827828582496,0.7140725396068893,0.6229083522732094,0.6323627134874871,,,,,,,-0.152817502617836,0.5590841703944736,0.9990942028985508,0.9588607594936709,0.7472527472527473,0.7669172932330827,1.0,0.9528301886792453,0.845360824742268,0.45454545454545453,0.4791666666666667,0.1111111111111111,"Tables 5-11, Figs. 2-5",r2_batch/method_linear_balanced_s65.json
method_linear_balanced,"Reference protocol: linear architecture-tied projectors, both prototype terms, averaged head",balanced,66,150,gpu,8,head,0.6847605243624322,0.7063895327417575,0.6847605243624322,0.7063895327417575,0.687234183905249,0.705333196801716,,,,,,,-0.26306068897247314,0.7480945587158203,1.0,0.9193083573487032,0.6947368421052632,0.8823529411764706,1.0,0.9333333333333333,0.6836734693877551,0.5357142857142857,0.3137254901960784,0.2,"Tables 5-11, Figs. 2-5",r2_batch/method_linear_balanced_s66.json
method_linear_balanced,"Reference protocol: linear architecture-tied projectors, both prototype terms, averaged head",balanced,67,150,gpu,8,head,0.5790779165290101,0.5974568204847039,0.5790779165290101,0.5974568204847039,0.48704850542980604,0.48053000413142893,,,,,,,-0.04308459162712097,0.45195087790489197,1.0,1.0,0.7608695652173914,0.26119402985074625,0.9354838709677419,0.8383838383838383,0.5612244897959183,0.45454545454545453,0.4,0.0,"Tables 5-11, Figs. 2-5",r2_batch/method_linear_balanced_s67.json
method_linear_balanced,"Reference protocol: linear architecture-tied projectors, both prototype terms, averaged head",balanced,68,150,gpu,8,head,0.6917335173687169,0.6832865189396273,0.6917335173687169,0.6832865189396273,0.6943064320673856,0.6969107552889939,,,,,,,0.15712007880210876,0.4777984735038545,1.0,0.982089552238806,0.9234972677595629,0.15789473684210525,1.0,0.9739130434782609,0.7425742574257426,0.8181818181818182,0.5098039215686274,0.11764705882352941,"Tables 5-11, Figs. 2-5",r2_batch/method_linear_balanced_s68.json
method_linear_balanced,"Reference protocol: linear architecture-tied projectors, both prototype terms, averaged head",balanced,69,150,gpu,8,head,0.6600961246011631,0.6750602451312532,0.6600961246011631,0.6750602451312532,0.6913913766055608,0.6840276848178479,,,,,,,-0.18771785497665405,0.4520109279288186,1.0,0.9775280898876404,0.8306878306878307,0.5611510791366906,0.9947643979057592,0.75,0.6565656565656566,0.4642857142857143,0.7058823529411765,0.0,"Tables 5-11, Figs. 2-5",r2_batch/method_linear_balanced_s69.json
method_linear_balanced,"Reference protocol: linear architecture-tied projectors, both prototype terms, averaged head",balanced,70,150,gpu,8,head,0.6764315435758028,0.7032669838268392,0.6764315435758028,0.7032669838268392,0.703965010435661,0.7183409707889342,,,,,,,-0.08241648972034454,0.6659932235876719,1.0,0.9758308157099698,0.8936170212765957,0.25196850393700787,0.9947368421052631,0.81,0.8556701030927835,0.4727272727272727,0.5,0.3333333333333333,"Tables 5-11, Figs. 2-5",r2_batch/method_linear_balanced_s70.json
method_linear_balanced,"Reference protocol: linear architecture-tied projectors, both prototype terms, averaged head",balanced,71,150,gpu,8,head,0.6585477037857337,0.6757577981656148,0.6585477037857337,0.6757577981656148,0.30403917603626557,0.27947167347306806,,,,,,,-0.11050183326005936,0.00300300563685596,1.0,0.9938271604938271,0.9786096256684492,0.4645669291338583,1.0,0.7864077669902912,0.6633663366336634,0.5818181818181818,0.4583333333333333,0.0,"Tables 5-11, Figs. 2-5",r2_batch/method_linear_balanced_s71.json
method_linear_balanced,"Reference protocol: linear architecture-tied projectors, both prototype terms, averaged head",balanced,72,150,gpu,8,head,0.6944757261796136,0.7115663102964184,0.6944757261796136,0.7115663102964184,0.3748912647126835,0.35003109175389063,,,,,,,-0.18035513162612915,0.6675330003102621,1.0,0.9814814814814815,0.9096045197740112,0.28125,1.0,0.8608695652173913,0.7684210526315789,0.5818181818181818,0.5918367346938775,0.275,"Tables 5-11, Figs. 2-5",r2_batch/method_linear_balanced_s72.json
method_linear_balanced,"Reference protocol: linear architecture-tied projectors, both prototype terms, averaged head",balanced,73,150,gpu,8,head,0.6176641462088854,0.596646284342953,0.6176641462088854,0.596646284342953,0.4586198395305377,0.4085066182540258,,,,,,,-0.1094835177063942,0.4711680445406172,1.0,0.9203539823008849,0.9080459770114943,0.2781954887218045,1.0,0.6752136752136753,0.865979381443299,0.8727272727272727,0.038461538461538464,0.0,"Tables 5-11, Figs. 2-5",r2_batch/method_linear_balanced_s73.json
method_linear_balanced,"Reference protocol: linear architecture-tied projectors, both prototype terms, averaged head",balanced,74,150,gpu,8,head,0.5251472756849953,0.5361499531252069,0.5251472756849953,0.5361499531252069,0.4280838683468707,0.37163823217577724,,,,,,,-0.17765653133392334,0.5760710073841943,0.99867197875166,0.993920972644377,0.8306878306878307,0.4453125,0.9576719576719577,0.7909090909090909,0.3333333333333333,0.0,0.22448979591836735,0.15,"Tables 5-11, Figs. 2-5",r2_batch/method_linear_balanced_s74.json
method_linear_balanced,"Reference protocol: linear architecture-tied projectors, both prototype terms, averaged head",balanced,75,150,gpu,8,head,0.5369700279439579,0.5617801667401466,0.5369700279439579,0.5617801667401466,0.4402617244324569,0.3712877777121646,,,,,,,-0.06552160531282425,0.21157282570170033,1.0,0.9907692307692307,0.7377049180327869,0.3515625,0.9952380952380953,0.39814814814814814,0.7878787878787878,0.42857142857142855,0.14285714285714285,0.0,"Tables 5-11, Figs. 2-5",r2_batch/method_linear_balanced_s75.json
method_linear_balanced,"Reference protocol: linear architecture-tied projectors, both prototype terms, averaged head",balanced,76,150,gpu,8,head,0.6243996659091786,0.6124162965546217,0.6243996659091786,0.6124162965546217,0.5379823637243323,0.5284940745748684,,,,,,,-0.05796002969145775,0.4224758330318663,1.0,0.9968847352024922,0.7307692307692307,0.671875,1.0,0.8476190476190476,0.9387755102040817,0.39285714285714285,0.04081632653061224,0.0,"Tables 5-11, Figs. 2-5",r2_batch/method_linear_balanced_s76.json
method_linear_balanced,"Reference protocol: linear architecture-tied projectors, both prototype terms, averaged head",balanced,77,150,gpu,8,head,0.48305530166119465,0.5103663956722995,0.48305530166119465,0.5103663956722995,0.3370286474456801,0.3378676183003742,,,,,,,-0.2666742205619812,0.6357089711560143,0.9992301770592764,0.9601226993865031,0.8783068783068783,0.22764227642276422,0.845771144278607,0.5957446808510638,0.18556701030927836,0.2545454545454545,0.057692307692307696,0.34210526315789475,"Tables 5-11, Figs. 2-5",r2_batch/method_linear_balanced_s77.json
method_linear_balanced,"Reference protocol: linear architecture-tied projectors, both prototype terms, averaged head",balanced,78,150,gpu,8,head,0.6875930655502915,0.7128143500965287,0.6875930655502915,0.7128143500965287,0.5583800782920889,0.5985178687631248,,,,,,,-0.15674713253974915,0.5953364769617716,0.999231950844854,0.9851632047477745,0.8429319371727748,0.45185185185185184,1.0,0.9528301886792453,0.8969072164948454,0.6071428571428571,0.23529411764705882,0.21621621621621623,"Tables 5-11, Figs. 2-5",r2_batch/method_linear_balanced_s78.json
method_linear_balanced,"Reference protocol: linear architecture-tied projectors, both prototype terms, averaged head",balanced,79,150,gpu,8,head,0.5645918466417491,0.5719895023232099,0.5645918466417491,0.5719895023232099,0.5674508114876786,0.5228516528700327,,,,,,,0.005057072266936302,0.22789822767178217,1.0,0.793939393939394,0.7849462365591398,0.6846153846153846,1.0,0.6057692307692307,0.6288659793814433,0.5454545454545454,0.03773584905660377,0.0,"Tables 5-11, Figs. 2-5",r2_batch/method_linear_balanced_s79.json
method_linear_balanced,"Reference protocol: linear architecture-tied projectors, both prototype terms, averaged head",balanced,80,150,gpu,8,head,0.693382178007028,0.6982683799965046,0.693382178007028,0.6982683799965046,0.2703685939242549,0.22565223103594528,,,,,,,-0.16346381604671478,0.5244665311442481,1.0,0.9884726224783862,0.9613259668508287,0.40310077519379844,1.0,0.8285714285714286,0.797979797979798,0.8571428571428571,0.40384615384615385,0.0,"Tables 5-11, Figs. 2-5",r2_batch/method_linear_balanced_s80.json
method_linear_balanced,"Reference protocol: linear architecture-tied projectors, both prototype terms, averaged head",balanced,81,150,gpu,8,head,0.49597960135586994,0.49903342568675285,0.49597960135586994,0.49903342568675285,0.4810774697023327,0.4792341306560169,,,,,,,-0.050106555223464966,0.47031057212087846,1.0,1.0,0.7021276595744681,0.05303030303030303,0.9880239520958084,0.7184466019417476,0.6288659793814433,0.32727272727272727,0.02040816326530612,0.02564102564102564,"Tables 5-11, Figs. 2-5",r2_batch/method_linear_balanced_s81.json
method_linear_balanced,"Reference protocol: linear architecture-tied projectors, both prototype terms, averaged head",balanced,82,150,gpu,8,head,0.5936235242224756,0.6030431725348961,0.5936235242224756,0.6030431725348961,0.6542697726559782,0.6657331226417726,,,,,,,-0.1992025226354599,0.5477733032570945,1.0,1.0,0.907103825136612,0.2727272727272727,0.9333333333333333,0.8938053097345132,0.73,0.4727272727272727,0.08163265306122448,0.05128205128205128,"Tables 5-11, Figs. 2-5",r2_batch/method_linear_balanced_s82.json
method_linear_balanced,"Reference protocol: linear architecture-tied projectors, both prototype terms, averaged head",balanced,83,150,gpu,8,head,0.7806173244854101,0.7900101216079793,0.7806173244854101,0.7900101216079793,0.5163531676669769,0.4501092925654732,,,,,,,-0.13844147324562073,0.39604051411151886,1.0,0.9880597014925373,0.6117021276595744,0.7272727272727273,1.0,0.839622641509434,0.7425742574257426,0.8035714285714286,0.36538461538461536,0.9473684210526315,"Tables 5-11, Figs. 2-5",r2_batch/method_linear_balanced_s83.json
method_linear_balanced,"Reference protocol: linear architecture-tied projectors, both prototype terms, averaged head",balanced,84,150,gpu,8,head,0.6041917487737424,0.6197189745461748,0.6041917487737424,0.6197189745461748,0.39814291423736436,0.37994052346488966,,,,,,,-0.07185539603233337,0.3930930296579997,1.0,1.0,0.6833333333333333,0.3875968992248062,0.9948186528497409,0.9298245614035088,0.8585858585858586,0.21818181818181817,0.21153846153846154,0.15384615384615385,"Tables 5-11, Figs. 2-5",r2_batch/method_linear_balanced_s84.json
method_linear_balanced,"Reference protocol: linear architecture-tied projectors, both prototype terms, averaged head",balanced,85,150,gpu,8,head,0.6479717129979703,0.6632153839882098,0.6479717129979703,0.6632153839882098,0.4320681088925408,0.33517374598240374,,,,,,,-0.11285939812660217,0.6019080678621928,0.9992816091954023,1.0,0.8138297872340425,0.0916030534351145,1.0,0.7619047619047619,0.85,0.6071428571428571,0.5961538461538461,0.1111111111111111,"Tables 5-11, Figs. 2-5",r2_batch/method_linear_balanced_s85.json
method_linear_balanced,"Reference protocol: linear architecture-tied projectors, both prototype terms, averaged head",balanced,86,150,gpu,8,head,0.7519594432177266,0.7646822752388667,0.7519594432177266,0.7646822752388667,0.46307321371274424,0.434837884808071,,,,,,,-0.13768799602985382,0.19464699206097671,1.0,0.9884393063583815,0.8359788359788359,0.5912408759124088,0.9585253456221198,0.9557522123893806,0.9,0.8571428571428571,0.4583333333333333,0.2222222222222222,"Tables 5-11, Figs. 2-5",r2_batch/method_linear_balanced_s86.json
method_linear_balanced,"Reference protocol: linear architecture-tied projectors, both prototype terms, averaged head",balanced,87,150,gpu,8,head,0.6132387638488715,0.6063415572798992,0.6132387638488715,0.6063415572798992,0.3286829839148135,0.24747760669251914,,,,,,,-0.34913134574890137,0.5703199704488119,1.0,0.9970501474926253,0.8651685393258427,0.5555555555555556,0.8095238095238095,0.3925233644859813,0.8125,0.2909090909090909,0.7959183673469388,0.0,"Tables 5-11, Figs. 2-5",r2_batch/method_linear_balanced_s87.json
method_linear_balanced,"Reference protocol: linear architecture-tied projectors, both prototype terms, averaged head",balanced,88,150,gpu,8,head,0.6296853664508658,0.6372415670638836,0.6296853664508658,0.6372415670638836,0.5268023559741877,0.49753357274748694,,,,,,,-0.13394419848918915,0.2990343239572313,1.0,0.9745222929936306,0.7978142076502732,0.5317460317460317,1.0,0.7876106194690266,0.84375,0.5789473684210527,0.041666666666666664,0.1111111111111111,"Tables 5-11, Figs. 2-5",r2_batch/method_linear_balanced_s88.json
method_linear_balanced,"Reference protocol: linear architecture-tied projectors, both prototype terms, averaged head",balanced,89,150,gpu,8,head,0.6212995787480775,0.637865897555607,0.6212995787480775,0.637865897555607,0.4047264783024829,0.3548114597201162,,,,,,,-0.2801953852176666,0.3363600172516372,0.9990791896869244,1.0,0.7210526315789474,0.5426356589147286,0.8768472906403941,0.7102803738317757,0.7216494845360825,0.3157894736842105,0.019230769230769232,0.6842105263157895,"Tables 5-11, Figs. 2-5",r2_batch/method_linear_balanced_s89.json
method_linear_balanced,"Reference protocol: linear architecture-tied projectors, both prototype terms, averaged head",balanced,90,150,gpu,8,head,0.6724359508686018,0.6762570669545639,0.6724359508686018,0.6762570669545639,0.49536628829595664,0.4901043205585297,,,,,,,-0.04707292839884758,0.4474547770288255,1.0,0.9817073170731707,0.6779661016949152,0.7698412698412699,1.0,0.7452830188679245,0.826530612244898,0.6964285714285714,0.3541666666666667,0.0,"Tables 5-11, Figs. 2-5",r2_batch/method_linear_balanced_s90.json
method_linear_balanced,"Reference protocol: linear architecture-tied projectors, both prototype terms, averaged head",balanced,91,150,gpu,8,head,0.7640288138475388,0.7828907434922633,0.7640288138475388,0.7828907434922633,0.7515121779478592,0.764916283192684,,,,,,,0.2133762389421463,0.3387971404525969,1.0,1.0,0.8702702702702703,0.5338345864661654,0.9943820224719101,0.9814814814814815,0.8333333333333334,0.7636363636363637,0.6346153846153846,0.2647058823529412,"Tables 5-11, Figs. 2-5",r2_batch/method_linear_balanced_s91.json
method_linear_cancer_correlated,"Reference protocol: linear architecture-tied projectors, both prototype terms, averaged head",cancer_correlated,62,150,gpu,8,head,0.6838716291488804,0.6941009443461469,0.6838716291488804,0.6941009443461469,0.6549449180345147,0.6506369778493603,,,,,,,-0.3922494351863861,0.21792947832081053,1.0,0.9406528189910979,0.9197860962566845,0.7923076923076923,0.9751243781094527,0.5794392523364486,0.7010309278350515,0.7272727272727273,0.5192307692307693,0.0,"Tables 5-11, Figs. 2-5",r2_batch/method_linear_cancer_correlated_s62.json
method_linear_cancer_correlated,"Reference protocol: linear architecture-tied projectors, both prototype terms, averaged head",cancer_correlated,63,150,gpu,8,head,0.6745602720063077,0.6864378724158001,0.6745602720063077,0.6864378724158001,0.6254967414271656,0.6449510368914925,,,,,,,0.2465723305940628,0.1601982903149393,1.0,0.9335347432024169,0.8491620111731844,0.4274193548387097,0.9952380952380953,0.8073394495412844,0.9387755102040817,0.38181818181818183,0.3877551020408163,0.35,"Tables 5-11, Figs. 2-5",r2_batch/method_linear_cancer_correlated_s63.json
method_linear_cancer_correlated,"Reference protocol: linear architecture-tied projectors, both prototype terms, averaged head",cancer_correlated,64,150,gpu,8,head,0.7664810650639181,0.7728230032014998,0.7664810650639181,0.7728230032014998,0.5542742596961937,0.4932593059679017,,,,,,,-0.2663242220878601,0.5333010388745202,1.0,0.9009287925696594,0.9361702127659575,0.6870229007633588,0.9902439024390244,0.9090909090909091,0.8210526315789474,0.9107142857142857,0.3584905660377358,0.38461538461538464,"Tables 5-11, Figs. 2-5",r2_batch/method_linear_cancer_correlated_s64.json
method_linear_cancer_correlated,"Reference protocol: linear architecture-tied projectors, both prototype terms, averaged head",cancer_correlated,65,150,gpu,8,head,0.6806856052390887,0.678136651802652,0.6806856052390887,0.678136651802652,0.5078259184625362,0.43907440294956346,,,,,,,0.013594049960374832,0.26733024087217117,1.0,0.9715189873417721,0.9395604395604396,0.43609022556390975,0.9942196531791907,0.9528301886792453,0.9690721649484536,0.6545454545454545,0.20833333333333334,0.0,"Tables 5-11, Figs. 2-5",r2_batch/method_linear_cancer_correlated_s65.json
method_linear_cancer_correlated,"Reference protocol: linear architecture-tied projectors, both prototype terms, averaged head",cancer_correlated,66,150,gpu,8,head,0.7825706751914433,0.7944145874373265,0.7825706751914433,0.7944145874373265,0.8227207879292405,0.830003723718195,,,,,,,-0.04665874317288399,0.6012884769588709,1.0,0.9423631123919308,0.9789473684210527,0.27205882352941174,0.9950248756218906,0.9809523809523809,0.7959183673469388,1.0,0.39215686274509803,0.6857142857142857,"Tables 5-11, Figs. 2-5",r2_batch/method_linear_cancer_correlated_s66.json
method_linear_cancer_correlated,"Reference protocol: linear architecture-tied projectors, both prototype terms, averaged head",cancer_correlated,67,150,gpu,8,head,0.7002157050811066,0.7102554131571771,0.7002157050811066,0.7102554131571771,0.6250543787690512,0.5693227950183043,,,,,,,0.24816054105758667,-0.23366842036032015,1.0,0.9020771513353115,0.9402173913043478,0.8582089552238806,1.0,0.8181818181818182,0.8673469387755102,0.2909090909090909,0.0,0.625,"Tables 5-11, Figs. 2-5",r2_batch/method_linear_cancer_correlated_s67.json
method_linear_cancer_correlated,"Reference protocol: linear architecture-tied projectors, both prototype terms, averaged head",cancer_correlated,68,150,gpu,8,head,0.7247893273188057,0.7361070565661503,0.7247893273188057,0.7361070565661503,0.47350618152431323,0.4498924460365714,,,,,,,-0.3506169021129608,0.4215526729822159,1.0,0.9641791044776119,0.7650273224043715,0.6842105263157895,0.9701492537313433,0.8956521739130435,0.8217821782178217,0.6181818181818182,0.803921568627451,0.0,"Tables 5-11, Figs. 2-5",r2_batch/method_linear_cancer_correlated_s68.json
method_linear_cancer_correlated,"Reference protocol: linear architecture-tied projectors, both prototype terms, averaged head",cancer_correlated,69,150,gpu,8,head,0.6657257731131485,0.6871073513904018,0.6657257731131485,0.6871073513904018,0.33055763038539987,0.20706508087395045,,,,,,,-0.16137081384658813,0.2322747235496839,1.0,0.9971910112359551,0.8888888888888888,0.6762589928057554,0.9842931937172775,0.9134615384615384,0.7474747474747475,0.30357142857142855,0.09803921568627451,0.38235294117647056,"Tables 5-11, Figs. 2-5",r2_batch/method_linear_cancer_correlated_s69.json
method_linear_cancer_correlated,"Reference protocol: linear architecture-tied projectors, both prototype terms, averaged head",cancer_correlated,70,150,gpu,8,head,0.7391544663001258,0.7422420407369178,0.7391544663001258,0.7422420407369178,0.7423653696778153,0.7465205348656482,,,,,,,0.37039902806282043,0.2576657934114337,1.0,0.9123867069486404,0.898936170212766,0.889763779527559,0.9947368421052631,0.87,0.8350515463917526,0.41818181818181815,0.8333333333333334,0.0,"Tables 5-11, Figs. 2-5",r2_batch/method_linear_cancer_correlated_s70.json
method_linear_cancer_correlated,"Reference protocol: linear architecture-tied projectors, both prototype terms, averaged head",cancer_correlated,71,150,gpu,8,head,0.7312037816916872,0.7605334840163752,0.7312037816916872,0.7605334840163752,0.7984307798478163,0.8117460684475656,,,,,,,0.25972217321395874,0.27768192160874605,1.0,0.8672839506172839,0.8074866310160428,0.8346456692913385,0.9943820224719101,0.7475728155339806,0.8415841584158416,0.6545454545454545,0.5,0.3333333333333333,"Tables 5-11, Figs. 2-5",r2_batch/method_linear_cancer_correlated_s71.json
method_linear_cancer_correlated,"Reference protocol: linear architecture-tied projectors, both prototype terms, averaged head",cancer_correlated,72,150,gpu,8,head,0.7050114903556887,0.6949765454634923,0.7050114903556887,0.6949765454634923,0.6456915929919186,0.6021190513145296,,,,,,,-0.06301465630531311,0.24370722596844038,1.0,0.9166666666666666,0.8813559322033898,0.59375,1.0,0.8434782608695652,0.7157894736842105,0.7818181818181819,0.6122448979591837,0.0,"Tables 5-11, Figs. 2-5",r2_batch/method_linear_cancer_correlated_s72.json
method_linear_cancer_correlated,"Reference protocol: linear architecture-tied projectors, both prototype terms, averaged head",cancer_correlated,73,150,gpu,8,head,0.850640575884794,0.8487480130319331,0.850640575884794,0.8487480130319331,0.724993955410447,0.7470005561513996,,,,,,,0.2997179627418518,0.23557532113045454,1.0,0.831858407079646,0.8505747126436781,0.9924812030075187,1.0,0.9145299145299145,0.845360824742268,0.8727272727272727,0.8076923076923077,0.5405405405405406,"Tables 5-11, Figs. 2-5",r2_batch/method_linear_cancer_correlated_s73.json
method_linear_cancer_correlated,"Reference protocol: linear architecture-tied projectors, both prototype terms, averaged head",cancer_correlated,74,150,gpu,8,head,0.6861720285996291,0.6963894087835576,0.6861720285996291,0.6963894087835576,0.44103320722706063,0.3417346485018513,,,,,,,0.011482945643365383,0.10611182102002203,1.0,0.993920972644377,0.7354497354497355,0.671875,0.9735449735449735,0.8272727272727273,0.8484848484848485,0.6,0.0,0.525,"Tables 5-11, Figs. 2-5",r2_batch/method_linear_cancer_correlated_s74.json
method_linear_cancer_correlated,"Reference protocol: linear architecture-tied projectors, both prototype terms, averaged head",cancer_correlated,75,150,gpu,8,head,0.790996200364939,0.8064052586289452,0.790996200364939,0.8064052586289452,0.6483831733724396,0.6189437054090966,,,,,,,-0.25261950492858887,0.5390425953600142,1.0,0.9876923076923076,0.9617486338797814,0.7578125,1.0,0.8703703703703703,0.8484848484848485,0.7321428571428571,0.2857142857142857,0.675,"Tables 5-11, Figs. 2-5",r2_batch/method_linear_cancer_correlated_s75.json
method_linear_cancer_correlated,"Reference protocol: linear architecture-tied projectors, both prototype terms, averaged head",cancer_correlated,76,150,gpu,8,head,0.6820323273943542,0.6691103741983564,0.6820323273943542,0.6691103741983564,0.6385075844933595,0.5645406470603553,,,,,,,-0.02595078945159912,0.30625132160882157,1.0,0.9376947040498442,0.978021978021978,0.421875,0.8629441624365483,0.9428571428571428,0.9795918367346939,0.8928571428571429,0.12244897959183673,0.0,"Tables 5-11, Figs. 2-5",r2_batch/method_linear_cancer_correlated_s76.json
method_linear_cancer_correlated,"Reference protocol: linear architecture-tied projectors, both prototype terms, averaged head",cancer_correlated,77,150,gpu,8,head,0.7523438910856761,0.7682532883794504,0.7523438910856761,0.7682532883794504,0.6665763253564086,0.627207227062052,,,,,,,-0.15699224174022675,0.3044127594265673,1.0,0.9662576687116564,0.8359788359788359,0.5772357723577236,0.9950248756218906,0.851063829787234,0.865979381443299,0.8,0.3269230769230769,0.5526315789473685,"Tables 5-11, Figs. 2-5",r2_batch/method_linear_cancer_correlated_s77.json
method_linear_cancer_correlated,"Reference protocol: linear architecture-tied projectors, both prototype terms, averaged head",cancer_correlated,78,150,gpu,8,head,0.7937136904875639,0.8046043558400535,0.7937136904875639,0.8046043558400535,0.3567873670571909,0.22915382567265105,,,,,,,-0.2246037870645523,0.07010086439549923,0.9991364421416234,0.9584569732937686,0.9424083769633508,0.4,0.9601990049751243,0.8962264150943396,0.9381443298969072,0.7321428571428571,0.45098039215686275,0.8648648648648649,"Tables 5-11, Figs. 2-5",r2_batch/method_linear_cancer_correlated_s78.json
method_linear_cancer_correlated,"Reference protocol: linear architecture-tied projectors, both prototype terms, averaged head",cancer_correlated,79,150,gpu,8,head,0.6654691989478432,0.6618251745686424,0.6654691989478432,0.6618251745686424,0.5670476268924367,0.5448906277846953,,,,,,,-0.31795215606689453,0.5403180085122585,1.0,0.9818181818181818,0.7903225806451613,0.5615384615384615,1.0,0.8942307692307693,0.845360824742268,0.7272727272727273,0.18867924528301888,0.0,"Tables 5-11, Figs. 2-5",r2_batch/method_linear_cancer_correlated_s79.json
method_linear_cancer_correlated,"Reference protocol: linear architecture-tied projectors, both prototype terms, averaged head",cancer_correlated,80,150,gpu,8,head,0.7934517456440286,0.8065419914361043,0.7934517456440286,0.8065419914361043,0.7836356375163707,0.7825352807439596,,,,,,,0.19426891207695007,0.15610554162412882,1.0,0.8760806916426513,0.7458563535911602,0.6046511627906976,0.9948186528497409,0.8952380952380953,0.7575757575757576,0.7678571428571429,0.7884615384615384,0.7105263157894737,"Tables 5-11, Figs. 2-5",r2_batch/method_linear_cancer_correlated_s80.json
method_linear_cancer_correlated,"Reference protocol: linear architecture-tied projectors, both prototype terms, averaged head",cancer_correlated,81,150,gpu,8,head,0.6578104113780481,0.6315749006555781,0.6578104113780481,0.6315749006555781,0.7113828936940298,0.6784329260370351,,,,,,,-0.24392877519130707,0.41267114505171776,1.0,0.9029411764705882,0.7127659574468085,0.9696969696969697,0.9401197604790419,0.7572815533980582,0.8556701030927835,0.7818181818181819,0.0,0.0,"Tables 5-11, Figs. 2-5",r2_batch/method_linear_cancer_correlated_s81.json
method_linear_cancer_correlated,"Reference protocol: linear architecture-tied projectors, both prototype terms, averaged head",cancer_correlated,82,150,gpu,8,head,0.6289454899027708,0.6395619087337606,0.6289454899027708,0.6395619087337606,0.6408176908104573,0.6106554992468882,,,,,,,-0.1362580806016922,0.29942047595977783,1.0,0.9817073170731707,0.8633879781420765,0.696969696969697,0.9435897435897436,0.7433628318584071,0.99,0.23636363636363636,0.0,0.20512820512820512,"Tables 5-11, Figs. 2-5",r2_batch/method_linear_cancer_correlated_s82.json
method_linear_cancer_correlated,"Reference protocol: linear architecture-tied projectors, both prototype terms, averaged head",cancer_correlated,83,150,gpu,8,head,0.7164410139278969,0.7130553243249852,0.7164410139278969,0.7130553243249852,0.7492133802067564,0.7441617399312892,,,,,,,-0.024774661287665367,0.3325809629427062,1.0,0.9701492537313433,0.8351063829787234,0.7272727272727273,1.0,0.7075471698113207,0.6831683168316832,0.6785714285714286,0.8461538461538461,0.0,"Tables 5-11, Figs. 2-5",r2_batch/method_linear_cancer_correlated_s83.json
method_linear_cancer_correlated,"Reference protocol: linear architecture-tied projectors, both prototype terms, averaged head",cancer_correlated,84,150,gpu,8,head,0.6904616129519962,0.7034639132150635,0.6904616129519962,0.7034639132150635,0.5597029933338828,0.507515952772104,,,,,,,-0.1139211431145668,0.3376482079426448,1.0,0.9480122324159022,0.7611111111111111,0.7829457364341085,0.9481865284974094,0.868421052631579,0.8181818181818182,0.7090909090909091,0.09615384615384616,0.28205128205128205,"Tables 5-11, Figs. 2-5",r2_batch/method_linear_cancer_correlated_s84.json
method_linear_cancer_correlated,"Reference protocol: linear architecture-tied projectors, both prototype terms, averaged head",cancer_correlated,85,150,gpu,8,head,0.8080290576996719,0.8364812481805016,0.8080290576996719,0.8364812481805016,0.665109590178051,0.6434770012268549,,,,,,,-0.15697884559631348,0.40769817266199326,1.0,0.9938837920489296,0.9680851063829787,0.7786259541984732,0.9444444444444444,0.9809523809523809,0.89,0.6607142857142857,0.5,0.5555555555555556,"Tables 5-11, Figs. 2-5",r2_batch/method_linear_cancer_correlated_s85.json
method_linear_cancer_correlated,"Reference protocol: linear architecture-tied projectors, both prototype terms, averaged head",cancer_correlated,86,150,gpu,8,head,0.6917885789007651,0.6887109523781783,0.6917885789007651,0.6887109523781783,0.7289320986129412,0.7155407897867445,,,,,,,-0.2397402971982956,0.5024962509050965,1.0,0.9566473988439307,0.8253968253968254,0.8321167883211679,0.9723502304147466,0.5663716814159292,0.85,0.7857142857142857,0.4375,0.0,"Tables 5-11, Figs. 2-5",r2_batch/method_linear_cancer_correlated_s86.json
method_linear_cancer_correlated,"Reference protocol: linear architecture-tied projectors, both prototype terms, averaged head",cancer_correlated,87,150,gpu,8,head,0.7440704058127776,0.7399299477992549,0.7440704058127776,0.7399299477992549,0.7081417283415938,0.7000788098724064,,,,,,,-0.14385102689266205,0.3155411947518587,1.0,0.8790560471976401,0.8314606741573034,0.7142857142857143,0.9259259259259259,0.897196261682243,0.8958333333333334,0.8181818181818182,0.7346938775510204,0.0,"Tables 5-11, Figs. 2-5",r2_batch/method_linear_cancer_correlated_s87.json
method_linear_cancer_correlated,"Reference protocol: linear architecture-tied projectors, both prototype terms, averaged head",cancer_correlated,88,150,gpu,8,head,0.6593438388203001,0.6640124511860289,0.6593438388203001,0.6640124511860289,0.7226876205609742,0.7230423931467146,,,,,,,0.13014492392539978,-0.003644349053502083,1.0,0.945859872611465,0.9672131147540983,0.7301587301587301,0.86,0.7433628318584071,0.875,0.3333333333333333,0.4791666666666667,0.0,"Tables 5-11, Figs. 2-5",r2_batch/method_linear_cancer_correlated_s88.json
method_linear_cancer_correlated,"Reference protocol: linear architecture-tied projectors, both prototype terms, averaged head",cancer_correlated,89,150,gpu,8,head,0.7414759278181946,0.7382979198924106,0.7414759278181946,0.7382979198924106,0.7790725144463614,0.780927269800764,,,,,,,-0.5296158790588379,0.6566407812966241,1.0,0.982089552238806,0.7,0.8062015503875969,0.9950738916256158,0.9532710280373832,0.8041237113402062,0.7017543859649122,0.7307692307692307,0.0,"Tables 5-11, Figs. 2-5",r2_batch/method_linear_cancer_correlated_s89.json
method_linear_cancer_correlated,"Reference protocol: linear architecture-tied projectors, both prototype terms, averaged head",cancer_correlated,90,150,gpu,8,head,0.6873390585666761,0.6868018146988049,0.6873390585666761,0.6868018146988049,0.665315231866689,0.6474360353222208,,,,,,,-0.07960144430398941,0.26262592358721626,1.0,0.8689024390243902,0.9209039548022598,0.7698412698412699,1.0,0.9150943396226415,0.9285714285714286,0.5535714285714286,0.22916666666666666,0.0,"Tables 5-11, Figs. 2-5",r2_batch/method_linear_cancer_correlated_s90.json
method_linear_cancer_correlated,"Reference protocol: linear architecture-tied projectors, both prototype terms, averaged head",cancer_correlated,91,150,gpu,8,head,0.7146752550885311,0.7302418100414416,0.7146752550885311,0.7302418100414416,0.6267877223317326,0.579625331967355,,,,,,,-0.1821354478597641,0.20542606644864594,1.0,0.967551622418879,0.8108108108108109,0.3233082706766917,0.9550561797752809,0.9351851851851852,0.7916666666666666,0.8181818181818182,0.6538461538461539,0.17647058823529413,"Tables 5-11, Figs. 2-5",r2_batch/method_linear_cancer_correlated_s91.json
method_linear_adversarial,"Reference protocol: linear architecture-tied projectors, both prototype terms, averaged head",adversarial,62,150,gpu,8,head,0.7125451114986182,0.6727897443094055,0.7125451114986182,0.6727897443094055,0.7521262253065361,0.7302918378220489,,,,,,,0.5015073418617249,nan,1.0,0.9970326409495549,0.9251336898395722,0.038461538461538464,1.0,1.0,0.9896907216494846,0.9818181818181818,0.019230769230769232,0.46153846153846156,"Tables 5-11, Figs. 2-5",r2_batch/method_linear_adversarial_s62.json
method_linear_adversarial,"Reference protocol: linear architecture-tied projectors, both prototype terms, averaged head",adversarial,63,150,gpu,8,head,0.7492320359992076,0.7316776859724669,0.7492320359992076,0.7316776859724669,0.8260006110967474,0.8403713959194239,,,,,,,0.703976035118103,nan,1.0,1.0,0.994413407821229,1.0,1.0,0.8440366972477065,0.9591836734693877,0.9454545454545454,0.0,0.0,"Tables 5-11, Figs. 2-5",r2_batch/method_linear_adversarial_s63.json
method_linear_adversarial,"Reference protocol: linear architecture-tied projectors, both prototype terms, averaged head",adversarial,64,150,gpu,8,head,0.8316323133894846,0.840485236481352,0.8316323133894846,0.840485236481352,0.7582083529388951,0.7746552355079538,,,,,,,0.5947825908660889,nan,1.0,1.0,1.0,1.0,0.9951219512195122,0.9797979797979798,1.0,0.6607142857142857,0.8490566037735849,0.0,"Tables 5-11, Figs. 2-5",r2_batch/method_linear_adversarial_s64.json
method_linear_adversarial,"Reference protocol: linear architecture-tied projectors, both prototype terms, averaged head",adversarial,65,150,gpu,8,head,0.8445805218218112,0.845334411382871,0.8445805218218112,0.845334411382871,0.8676831314288358,0.8652421635876637,,,,,,,0.6974073052406311,nan,1.0,0.9968354430379747,1.0,1.0,1.0,1.0,0.7422680412371134,0.9454545454545454,0.9166666666666666,0.0,"Tables 5-11, Figs. 2-5",r2_batch/method_linear_adversarial_s65.json
method_linear_adversarial,"Reference protocol: linear architecture-tied projectors, both prototype terms, averaged head",adversarial,66,150,gpu,8,head,0.8604408373621815,0.8494434113051262,0.8604408373621815,0.8494434113051262,0.9481314691704602,0.9514648532986922,,,,,,,0.6961958408355713,nan,1.0,0.9711815561959655,1.0,1.0,0.9950248756218906,1.0,0.9489795918367347,0.9464285714285714,0.8823529411764706,0.0,"Tables 5-11, Figs. 2-5",r2_batch/method_linear_adversarial_s66.json
method_linear_adversarial,"Reference protocol: linear architecture-tied projectors, both prototype terms, averaged head",adversarial,67,150,gpu,8,head,0.6049382716049383,0.5652211151640526,0.6049382716049383,0.5652211151640526,0.7950419626532387,0.789462764146804,,,,,,,0.6560662984848022,nan,1.0,1.0,1.0,1.0,1.0,0.4444444444444444,1.0,0.0,0.0,0.0,"Tables 5-11, Figs. 2-5",r2_batch/method_linear_adversarial_s67.json
method_linear_adversarial,"Reference protocol: linear architecture-tied projectors, both prototype terms, averaged head",adversarial,68,150,gpu,8,head,0.8920617001213699,0.8624482007613674,0.8920617001213699,0.8624482007613674,0.9415660232574782,0.9399947964069251,,,,,,,0.664545476436615,nan,1.0,0.9880597014925373,0.8797814207650273,1.0,1.0,0.45217391304347826,0.9801980198019802,0.9636363636363636,1.0,0.7647058823529411,"Tables 5-11, Figs. 2-5",r2_batch/method_linear_adversarial_s68.json
method_linear_adversarial,"Reference protocol: linear architecture-tied projectors, both prototype terms, averaged head",adversarial,69,150,gpu,8,head,0.8645601239291391,0.8399029933590462,0.8645601239291391,0.8399029933590462,0.8639554964082128,0.840297342764912,,,,,,,0.6897978782653809,nan,1.0,0.9887640449438202,0.9894179894179894,1.0,0.9947643979057592,0.9711538461538461,0.9797979797979798,0.8571428571428571,1.0,0.0,"Tables 5-11, Figs. 2-5",r2_batch/method_linear_adversarial_s69.json
method_linear_adversarial,"Reference protocol: linear architecture-tied projectors, both prototype terms, averaged head",adversarial,70,150,gpu,8,head,0.8611863799273569,0.8414926604747066,0.8611863799273569,0.8414926604747066,0.8939668959638168,0.8959503827516637,,,,,,,0.62815260887146,nan,1.0,0.9909365558912386,0.9095744680851063,1.0,0.9947368421052631,0.98,0.9587628865979382,1.0,0.9166666666666666,0.0,"Tables 5-11, Figs. 2-5",r2_batch/method_linear_adversarial_s70.json
method_linear_adversarial,"Reference protocol: linear architecture-tied projectors, both prototype terms, averaged head",adversarial,71,150,gpu,8,head,0.8181860297718424,0.8215163236184505,0.8181860297718424,0.8215163236184505,0.8857104292706158,0.8920653081867241,,,,,,,0.6270748972892761,nan,1.0,0.9938271604938271,0.983957219251337,0.5275590551181102,1.0,1.0,0.2376237623762376,0.9818181818181818,1.0,0.6388888888888888,"Tables 5-11, Figs. 2-5",r2_batch/method_linear_adversarial_s71.json
method_linear_adversarial,"Reference protocol: linear architecture-tied projectors, both prototype terms, averaged head",adversarial,72,150,gpu,8,head,0.8742637072399435,0.8649038661366031,0.8742637072399435,0.8649038661366031,0.9208735223167062,0.9370071871040886,,,,,,,0.6703900694847107,nan,1.0,0.9783950617283951,0.9943502824858758,0.2265625,1.0,1.0,0.9894736842105263,1.0,0.9795918367346939,0.7,"Tables 5-11, Figs. 2-5",r2_batch/method_linear_adversarial_s72.json
method_linear_adversarial,"Reference protocol: linear architecture-tied projectors, both prototype terms, averaged head",adversarial,73,150,gpu,8,head,0.9074493298082399,0.9241670024934611,0.9074493298082399,0.9241670024934611,0.9276844021304266,0.9440185058024535,,,,,,,0.6860082149505615,nan,0.9990842490842491,1.0,0.8735632183908046,0.9924812030075187,1.0,0.9914529914529915,0.9690721649484536,0.9272727272727272,0.9807692307692307,0.43243243243243246,"Tables 5-11, Figs. 2-5",r2_batch/method_linear_adversarial_s73.json
method_linear_adversarial,"Reference protocol: linear architecture-tied projectors, both prototype terms, averaged head",adversarial,74,150,gpu,8,head,0.7752555553646823,0.751764426713318,0.7752555553646823,0.751764426713318,0.7920185533528787,0.7822843375930107,,,,,,,0.4701342284679413,nan,1.0,1.0,0.9312169312169312,0.171875,0.9947089947089947,1.0,1.0,0.9090909090909091,0.02040816326530612,0.95,"Tables 5-11, Figs. 2-5",r2_batch/method_linear_adversarial_s74.json
method_linear_adversarial,"Reference protocol: linear architecture-tied projectors, both prototype terms, averaged head",adversarial,75,150,gpu,8,head,0.9261494384510258,0.9463809673025785,0.9261494384510258,0.9463809673025785,0.9559580542913877,0.9684718925924519,,,,,,,0.7152547836303711,nan,1.0,1.0,1.0,1.0,1.0,0.9907407407407407,0.8787878787878788,0.9107142857142857,0.7551020408163265,0.8,"Tables 5-11, Figs. 2-5",r2_batch/method_linear_adversarial_s75.json
method_linear_adversarial,"Reference protocol: linear architecture-tied projectors, both prototype terms, averaged head",adversarial,76,150,gpu,8,head,0.87077010291296,0.8579704400417405,0.87077010291296,0.8579704400417405,0.8752878074306646,0.8693789393385687,,,,,,,0.6652486324310303,nan,1.0,1.0,0.967032967032967,1.0,1.0,1.0,1.0,0.9107142857142857,0.9591836734693877,0.0,"Tables 5-11, Figs. 2-5",r2_batch/method_linear_adversarial_s76.json
method_linear_adversarial,"Reference protocol: linear architecture-tied projectors, both prototype terms, averaged head",adversarial,77,150,gpu,8,head,0.7367904647299944,0.7261249905421387,0.7367904647299944,0.7261249905421387,0.7856678698333301,0.7985658739140518,,,,,,,0.6172220706939697,nan,1.0,1.0,1.0,0.0,1.0,0.9680851063829787,1.0,0.9636363636363636,0.6730769230769231,0.02631578947368421,"Tables 5-11, Figs. 2-5",r2_batch/method_linear_adversarial_s77.json
method_linear_adversarial,"Reference protocol: linear architecture-tied projectors, both prototype terms, averaged head",adversarial,78,150,gpu,8,head,0.7382408189374086,0.7193915966019404,0.7382408189374086,0.7193915966019404,0.8453506650059809,0.8618252276813386,,,,,,,0.5904545783996582,nan,1.0,0.9940652818991098,0.9947643979057592,0.45925925925925926,1.0,1.0,1.0,1.0,0.19607843137254902,0.0,"Tables 5-11, Figs. 2-5",r2_batch/method_linear_adversarial_s78.json
method_linear_adversarial,"Reference protocol: linear architecture-tied projectors, both prototype terms, averaged head",adversarial,79,150,gpu,8,head,0.8036010361570152,0.809343355067282,0.8036010361570152,0.809343355067282,0.8387876386378805,0.8562939212206979,,,,,,,0.5444309711456299,nan,1.0,0.9939393939393939,0.45698924731182794,0.8615384615384616,1.0,1.0,1.0,0.9636363636363636,0.37735849056603776,0.5789473684210527,"Tables 5-11, Figs. 2-5",r2_batch/method_linear_adversarial_s79.json
method_linear_adversarial,"Reference protocol: linear architecture-tied projectors, both prototype terms, averaged head",adversarial,80,150,gpu,8,head,0.932861529096304,0.9300355746791453,0.932861529096304,0.9300355746791453,0.9398746117903214,0.9443561093566589,,,,,,,0.543701171875,nan,1.0,1.0,0.861878453038674,0.7131782945736435,0.9948186528497409,0.9904761904761905,0.98989898989899,0.9821428571428571,0.9423076923076923,0.9210526315789473,"Tables 5-11, Figs. 2-5",r2_batch/method_linear_adversarial_s80.json
method_linear_adversarial,"Reference protocol: linear architecture-tied projectors, both prototype terms, averaged head",adversarial,81,150,gpu,8,head,0.8161719699534825,0.772247648392979,0.8161719699534825,0.772247648392979,0.8775679991395144,0.8919132416483004,,,,,,,0.6401200890541077,nan,1.0,0.9676470588235294,1.0,0.03787878787878788,1.0,1.0,1.0,0.8727272727272727,0.8775510204081632,0.5897435897435898,"Tables 5-11, Figs. 2-5",r2_batch/method_linear_adversarial_s81.json
method_linear_adversarial,"Reference protocol: linear architecture-tied projectors, both prototype terms, averaged head",adversarial,82,150,gpu,8,head,0.7307603568259307,0.7092216135823266,0.7307603568259307,0.7092216135823266,0.8113110230908825,0.8341734500758917,,,,,,,0.6113728284835815,nan,1.0,1.0,0.994535519125683,0.7121212121212122,1.0,1.0,0.99,0.8545454545454545,0.0,0.02564102564102564,"Tables 5-11, Figs. 2-5",r2_batch/method_linear_adversarial_s82.json
method_linear_adversarial,"Reference protocol: linear architecture-tied projectors, both prototype terms, averaged head",adversarial,83,150,gpu,8,head,0.8504747668772145,0.8580183500538964,0.8504747668772145,0.8580183500538964,0.9502569777123424,0.9661811952333834,,,,,,,0.7155196666717529,nan,1.0,1.0,0.9946808510638298,1.0,0.9947089947089947,0.9811320754716981,0.8712871287128713,0.9642857142857143,0.7692307692307693,0.07894736842105263,"Tables 5-11, Figs. 2-5",r2_batch/method_linear_adversarial_s83.json
method_linear_adversarial,"Reference protocol: linear architecture-tied projectors, both prototype terms, averaged head",adversarial,84,150,gpu,8,head,0.871695588362255,0.8608134387015027,0.871695588362255,0.8608134387015027,0.8846724101110066,0.8818351650261049,,,,,,,0.708443820476532,nan,1.0,1.0,1.0,1.0,1.0,1.0,0.9595959595959596,0.9818181818181818,0.9038461538461539,0.0,"Tables 5-11, Figs. 2-5",r2_batch/method_linear_adversarial_s84.json
method_linear_adversarial,"Reference protocol: linear architecture-tied projectors, both prototype terms, averaged head",adversarial,85,150,gpu,8,head,0.7653259034110098,0.7371602901985265,0.7653259034110098,0.7371602901985265,0.846706500749054,0.8623041251484649,,,,,,,0.7104855179786682,nan,1.0,1.0,0.9893617021276596,1.0,1.0,1.0,0.97,0.9285714285714286,0.0,0.0,"Tables 5-11, Figs. 2-5",r2_batch/method_linear_adversarial_s85.json
method_linear_adversarial,"Reference protocol: linear architecture-tied projectors, both prototype terms, averaged head",adversarial,86,150,gpu,8,head,0.8025687561255892,0.821743910613858,0.8025687561255892,0.821743910613858,0.8915832799473693,0.8964623387705755,,,,,,,0.551935076713562,nan,1.0,1.0,0.9841269841269841,0.5474452554744526,1.0,0.9734513274336283,0.98,0.5714285714285714,0.25,0.9166666666666666,"Tables 5-11, Figs. 2-5",r2_batch/method_linear_adversarial_s86.json
method_linear_adversarial,"Reference protocol: linear architecture-tied projectors, both prototype terms, averaged head",adversarial,87,150,gpu,8,head,0.7367112147839778,0.7025745116819581,0.7367112147839778,0.7025745116819581,0.8195048993320484,0.8167485314119877,,,,,,,0.6528030037879944,nan,1.0,0.9823008849557522,1.0,0.5079365079365079,0.9947089947089947,1.0,1.0,0.14545454545454545,1.0,0.0,"Tables 5-11, Figs. 2-5",r2_batch/method_linear_adversarial_s87.json
method_linear_adversarial,"Reference protocol: linear architecture-tied projectors, both prototype terms, averaged head",adversarial,88,150,gpu,8,head,0.8283797397894349,0.8230780973857859,0.8283797397894349,0.8230780973857859,0.886206902020442,0.9036871601716209,,,,,,,0.5481407046318054,nan,1.0,0.9968152866242038,0.8469945355191257,0.7619047619047619,1.0,0.9911504424778761,1.0,0.08771929824561403,0.9375,0.8333333333333334,"Tables 5-11, Figs. 2-5",r2_batch/method_linear_adversarial_s88.json
method_linear_adversarial,"Reference protocol: linear architecture-tied projectors, both prototype terms, averaged head",adversarial,89,150,gpu,8,head,0.8819685197210466,0.8873319129866905,0.8819685197210466,0.8873319129866905,0.8953527683435946,0.9071602968697801,,,,,,,0.6489868760108948,nan,0.9990662931839402,1.0,1.0,0.2713178294573643,1.0,1.0,0.8556701030927835,1.0,0.9423076923076923,0.868421052631579,"Tables 5-11, Figs. 2-5",r2_batch/method_linear_adversarial_s89.json
method_linear_adversarial,"Reference protocol: linear architecture-tied projectors, both prototype terms, averaged head",adversarial,90,150,gpu,8,head,0.892116082261927,0.9121368661896595,0.892116082261927,0.9121368661896595,0.8818642221768579,0.9033626721726843,,,,,,,0.5667123794555664,nan,1.0,1.0,0.9943502824858758,0.6746031746031746,0.9893617021276596,0.9811320754716981,0.9897959183673469,0.6428571428571429,0.8958333333333334,0.8611111111111112,"Tables 5-11, Figs. 2-5",r2_batch/method_linear_adversarial_s90.json
method_linear_adversarial,"Reference protocol: linear architecture-tied projectors, both prototype terms, averaged head",adversarial,91,150,gpu,8,head,0.8914607671308854,0.9198423181333157,0.8914607671308854,0.9198423181333157,0.9177731783697671,0.9395206287117533,,,,,,,0.6455026268959045,nan,1.0,1.0,0.8594594594594595,1.0,0.9943820224719101,0.9814814814814815,1.0,0.509090909090909,0.8846153846153846,0.7941176470588235,"Tables 5-11, Figs. 2-5",r2_batch/method_linear_adversarial_s91.json
fpkd_B_stratified,"FedProtoKD, tuned (per-model projector averaging)",stratified,62,150,gpu,,,0.23050397876355364,0.1623389633963403,,,,,,,,,,,,,,,,,,,,,,,"Tables 5, 8, Fig. 4",r2_batch/fpkd_B_stratified_s62.json
fpkd_B_stratified,"FedProtoKD, tuned (per-model projector averaging)",stratified,63,150,gpu,,,0.24094807382915928,0.1516482730785853,,,,,,,,,,,,,,,,,,,,,,,"Tables 5, 8, Fig. 4",r2_batch/fpkd_B_stratified_s63.json
fpkd_B_stratified,"FedProtoKD, tuned (per-model projector averaging)",stratified,64,150,gpu,,,0.2868614719571758,0.2544254203726534,,,,,,,,,,,,,,,,,,,,,,,"Tables 5, 8, Fig. 4",r2_batch/fpkd_B_stratified_s64.json
fpkd_B_stratified,"FedProtoKD, tuned (per-model projector averaging)",stratified,65,150,gpu,,,0.20436156752700807,0.16173853164044527,,,,,,,,,,,,,,,,,,,,,,,"Tables 5, 8, Fig. 4",r2_batch/fpkd_B_stratified_s65.json
fpkd_B_stratified,"FedProtoKD, tuned (per-model projector averaging)",stratified,66,150,gpu,,,0.26998014445369667,0.22812187604383796,,,,,,,,,,,,,,,,,,,,,,,"Tables 5, 8, Fig. 4",r2_batch/fpkd_B_stratified_s66.json
fpkd_B_stratified,"FedProtoKD, tuned (per-model projector averaging)",stratified,67,150,gpu,,,0.19264809521031848,0.11107686492919565,,,,,,,,,,,,,,,,,,,,,,,"Tables 5, 8, Fig. 4",r2_batch/fpkd_B_stratified_s67.json
fpkd_B_stratified,"FedProtoKD, tuned (per-model projector averaging)",stratified,68,150,gpu,,,0.22726136807657843,0.1466417341398178,,,,,,,,,,,,,,,,,,,,,,,"Tables 5, 8, Fig. 4",r2_batch/fpkd_B_stratified_s68.json
fpkd_B_stratified,"FedProtoKD, tuned (per-model projector averaging)",stratified,69,150,gpu,,,0.2133535111700494,0.16663049462963841,,,,,,,,,,,,,,,,,,,,,,,"Tables 5, 8, Fig. 4",r2_batch/fpkd_B_stratified_s69.json
fpkd_B_stratified,"FedProtoKD, tuned (per-model projector averaging)",stratified,70,150,gpu,,,0.16497547408191796,0.0962301521330709,,,,,,,,,,,,,,,,,,,,,,,"Tables 5, 8, Fig. 4",r2_batch/fpkd_B_stratified_s70.json
fpkd_B_stratified,"FedProtoKD, tuned (per-model projector averaging)",stratified,71,150,gpu,,,0.2799969042765264,0.2215269134676946,,,,,,,,,,,,,,,,,,,,,,,"Tables 5, 8, Fig. 4",r2_batch/fpkd_B_stratified_s71.json
fpkd_B_stratified,"FedProtoKD, tuned (per-model projector averaging)",stratified,72,150,gpu,,,0.368533821141175,0.330842977030334,,,,,,,,,,,,,,,,,,,,,,,"Tables 5, 8, Fig. 4",r2_batch/fpkd_B_stratified_s72.json
fpkd_B_stratified,"FedProtoKD, tuned (per-model projector averaging)",stratified,73,150,gpu,,,0.24733437464095134,0.1719479183777081,,,,,,,,,,,,,,,,,,,,,,,"Tables 5, 8, Fig. 4",r2_batch/fpkd_B_stratified_s73.json
fpkd_B_stratified,"FedProtoKD, tuned (per-model projector averaging)",stratified,74,150,gpu,,,0.24708217738285704,0.21429288841968538,,,,,,,,,,,,,,,,,,,,,,,"Tables 5, 8, Fig. 4",r2_batch/fpkd_B_stratified_s74.json
fpkd_B_stratified,"FedProtoKD, tuned (per-model projector averaging)",stratified,75,150,gpu,,,0.20777469507319235,0.16476307427666617,,,,,,,,,,,,,,,,,,,,,,,"Tables 5, 8, Fig. 4",r2_batch/fpkd_B_stratified_s75.json
fpkd_B_stratified,"FedProtoKD, tuned (per-model projector averaging)",stratified,76,150,gpu,,,0.21013050011697956,0.11507261078741528,,,,,,,,,,,,,,,,,,,,,,,"Tables 5, 8, Fig. 4",r2_batch/fpkd_B_stratified_s76.json
fpkd_B_stratified,"FedProtoKD, tuned (per-model projector averaging)",stratified,77,150,gpu,,,0.37411686090486773,0.33842938359905267,,,,,,,,,,,,,,,,,,,,,,,"Tables 5, 8, Fig. 4",r2_batch/fpkd_B_stratified_s77.json
fpkd_B_stratified,"FedProtoKD, tuned (per-model projector averaging)",stratified,78,150,gpu,,,0.23616432079877306,0.17292347784171128,,,,,,,,,,,,,,,,,,,,,,,"Tables 5, 8, Fig. 4",r2_batch/fpkd_B_stratified_s78.json
fpkd_B_stratified,"FedProtoKD, tuned (per-model projector averaging)",stratified,79,150,gpu,,,0.18762475586374958,0.08731804773240216,,,,,,,,,,,,,,,,,,,,,,,"Tables 5, 8, Fig. 4",r2_batch/fpkd_B_stratified_s79.json
fpkd_B_stratified,"FedProtoKD, tuned (per-model projector averaging)",stratified,80,150,gpu,,,0.27498041708212473,0.19628540253804255,,,,,,,,,,,,,,,,,,,,,,,"Tables 5, 8, Fig. 4",r2_batch/fpkd_B_stratified_s80.json
fpkd_B_stratified,"FedProtoKD, tuned (per-model projector averaging)",stratified,81,150,gpu,,,0.31489294942444823,0.2974348030908773,,,,,,,,,,,,,,,,,,,,,,,"Tables 5, 8, Fig. 4",r2_batch/fpkd_B_stratified_s81.json
fpkd_B_stratified,"FedProtoKD, tuned (per-model projector averaging)",stratified,82,150,gpu,,,0.22520508424217736,0.17592948891888124,,,,,,,,,,,,,,,,,,,,,,,"Tables 5, 8, Fig. 4",r2_batch/fpkd_B_stratified_s82.json
fpkd_B_stratified,"FedProtoKD, tuned (per-model projector averaging)",stratified,83,150,gpu,,,0.2716949084155255,0.22269372164695275,,,,,,,,,,,,,,,,,,,,,,,"Tables 5, 8, Fig. 4",r2_batch/fpkd_B_stratified_s83.json
fpkd_B_stratified,"FedProtoKD, tuned (per-model projector averaging)",stratified,84,150,gpu,,,0.2448433244446028,0.21156842284291635,,,,,,,,,,,,,,,,,,,,,,,"Tables 5, 8, Fig. 4",r2_batch/fpkd_B_stratified_s84.json
fpkd_B_stratified,"FedProtoKD, tuned (per-model projector averaging)",stratified,85,150,gpu,,,0.29200654785338237,0.25518151346758056,,,,,,,,,,,,,,,,,,,,,,,"Tables 5, 8, Fig. 4",r2_batch/fpkd_B_stratified_s85.json
fpkd_B_stratified,"FedProtoKD, tuned (per-model projector averaging)",stratified,86,150,gpu,,,0.2891768253523761,0.21080770723573564,,,,,,,,,,,,,,,,,,,,,,,"Tables 5, 8, Fig. 4",r2_batch/fpkd_B_stratified_s86.json
fpkd_B_stratified,"FedProtoKD, tuned (per-model projector averaging)",stratified,87,150,gpu,,,0.23481767555180458,0.1622996227131949,,,,,,,,,,,,,,,,,,,,,,,"Tables 5, 8, Fig. 4",r2_batch/fpkd_B_stratified_s87.json
fpkd_B_stratified,"FedProtoKD, tuned (per-model projector averaging)",stratified,88,150,gpu,,,0.24219695511029077,0.15448480789946487,,,,,,,,,,,,,,,,,,,,,,,"Tables 5, 8, Fig. 4",r2_batch/fpkd_B_stratified_s88.json
fpkd_B_stratified,"FedProtoKD, tuned (per-model projector averaging)",stratified,89,150,gpu,,,0.24446254074475401,0.18938925115756883,,,,,,,,,,,,,,,,,,,,,,,"Tables 5, 8, Fig. 4",r2_batch/fpkd_B_stratified_s89.json
fpkd_B_stratified,"FedProtoKD, tuned (per-model projector averaging)",stratified,90,150,gpu,,,0.32104661609423013,0.29926884570133017,,,,,,,,,,,,,,,,,,,,,,,"Tables 5, 8, Fig. 4",r2_batch/fpkd_B_stratified_s90.json
fpkd_B_stratified,"FedProtoKD, tuned (per-model projector averaging)",stratified,91,150,gpu,,,0.19208533531419394,0.11417725174842795,,,,,,,,,,,,,,,,,,,,,,,"Tables 5, 8, Fig. 4",r2_batch/fpkd_B_stratified_s91.json
fpkd_B_balanced,"FedProtoKD, tuned (per-model projector averaging)",balanced,62,150,gpu,,,0.33087044445679425,0.29766839868632017,,,,,,,,,,,,,,,,,,,,,,,"Tables 5, 8, Fig. 4",r2_batch/fpkd_B_balanced_s62.json
fpkd_B_balanced,"FedProtoKD, tuned (per-model projector averaging)",balanced,63,150,gpu,,,0.2318773768806486,0.10250855811245113,,,,,,,,,,,,,,,,,,,,,,,"Tables 5, 8, Fig. 4",r2_batch/fpkd_B_balanced_s63.json
fpkd_B_balanced,"FedProtoKD, tuned (per-model projector averaging)",balanced,64,150,gpu,,,0.2430738822901041,0.18538910595137986,,,,,,,,,,,,,,,,,,,,,,,"Tables 5, 8, Fig. 4",r2_batch/fpkd_B_balanced_s64.json
fpkd_B_balanced,"FedProtoKD, tuned (per-model projector averaging)",balanced,65,150,gpu,,,0.3024132434048419,0.24492836082579725,,,,,,,,,,,,,,,,,,,,,,,"Tables 5, 8, Fig. 4",r2_batch/fpkd_B_balanced_s65.json
fpkd_B_balanced,"FedProtoKD, tuned (per-model projector averaging)",balanced,66,150,gpu,,,0.28823488372393563,0.20767963758132207,,,,,,,,,,,,,,,,,,,,,,,"Tables 5, 8, Fig. 4",r2_batch/fpkd_B_balanced_s66.json
fpkd_B_balanced,"FedProtoKD, tuned (per-model projector averaging)",balanced,67,150,gpu,,,0.3662665297229901,0.2979135262216095,,,,,,,,,,,,,,,,,,,,,,,"Tables 5, 8, Fig. 4",r2_batch/fpkd_B_balanced_s67.json
fpkd_B_balanced,"FedProtoKD, tuned (per-model projector averaging)",balanced,68,150,gpu,,,0.25127506291999535,0.22267700187025755,,,,,,,,,,,,,,,,,,,,,,,"Tables 5, 8, Fig. 4",r2_batch/fpkd_B_balanced_s68.json
fpkd_B_balanced,"FedProtoKD, tuned (per-model projector averaging)",balanced,69,150,gpu,,,0.4039094355577814,0.3330153967390841,,,,,,,,,,,,,,,,,,,,,,,"Tables 5, 8, Fig. 4",r2_batch/fpkd_B_balanced_s69.json
fpkd_B_balanced,"FedProtoKD, tuned (per-model projector averaging)",balanced,70,150,gpu,,,0.3123165788553363,0.28258314307353993,,,,,,,,,,,,,,,,,,,,,,,"Tables 5, 8, Fig. 4",r2_batch/fpkd_B_balanced_s70.json
fpkd_B_balanced,"FedProtoKD, tuned (per-model projector averaging)",balanced,71,150,gpu,,,0.15397515390489666,0.09103243486506904,,,,,,,,,,,,,,,,,,,,,,,"Tables 5, 8, Fig. 4",r2_batch/fpkd_B_balanced_s71.json
fpkd_B_balanced,"FedProtoKD, tuned (per-model projector averaging)",balanced,72,150,gpu,,,0.2230349886014471,0.135522519646583,,,,,,,,,,,,,,,,,,,,,,,"Tables 5, 8, Fig. 4",r2_batch/fpkd_B_balanced_s72.json
fpkd_B_balanced,"FedProtoKD, tuned (per-model projector averaging)",balanced,73,150,gpu,,,0.31703590874500337,0.24114439669572274,,,,,,,,,,,,,,,,,,,,,,,"Tables 5, 8, Fig. 4",r2_batch/fpkd_B_balanced_s73.json
fpkd_B_balanced,"FedProtoKD, tuned (per-model projector averaging)",balanced,74,150,gpu,,,0.3008190458138744,0.24292110943129547,,,,,,,,,,,,,,,,,,,,,,,"Tables 5, 8, Fig. 4",r2_batch/fpkd_B_balanced_s74.json
fpkd_B_balanced,"FedProtoKD, tuned (per-model projector averaging)",balanced,75,150,gpu,,,0.25891242445488805,0.17393281681135037,,,,,,,,,,,,,,,,,,,,,,,"Tables 5, 8, Fig. 4",r2_batch/fpkd_B_balanced_s75.json
fpkd_B_balanced,"FedProtoKD, tuned (per-model projector averaging)",balanced,76,150,gpu,,,0.24384740921293677,0.158766115904688,,,,,,,,,,,,,,,,,,,,,,,"Tables 5, 8, Fig. 4",r2_batch/fpkd_B_balanced_s76.json
fpkd_B_balanced,"FedProtoKD, tuned (per-model projector averaging)",balanced,77,150,gpu,,,0.27399112385582186,0.21253823600895538,,,,,,,,,,,,,,,,,,,,,,,"Tables 5, 8, Fig. 4",r2_batch/fpkd_B_balanced_s77.json
fpkd_B_balanced,"FedProtoKD, tuned (per-model projector averaging)",balanced,78,150,gpu,,,0.3350991283089957,0.26830778037851183,,,,,,,,,,,,,,,,,,,,,,,"Tables 5, 8, Fig. 4",r2_batch/fpkd_B_balanced_s78.json
fpkd_B_balanced,"FedProtoKD, tuned (per-model projector averaging)",balanced,79,150,gpu,,,0.2553220375801021,0.23140585597489302,,,,,,,,,,,,,,,,,,,,,,,"Tables 5, 8, Fig. 4",r2_batch/fpkd_B_balanced_s79.json
fpkd_B_balanced,"FedProtoKD, tuned (per-model projector averaging)",balanced,80,150,gpu,,,0.26219786546587237,0.2202460886997492,,,,,,,,,,,,,,,,,,,,,,,"Tables 5, 8, Fig. 4",r2_batch/fpkd_B_balanced_s80.json
fpkd_B_balanced,"FedProtoKD, tuned (per-model projector averaging)",balanced,81,150,gpu,,,0.24626734373756337,0.2280331558915396,,,,,,,,,,,,,,,,,,,,,,,"Tables 5, 8, Fig. 4",r2_batch/fpkd_B_balanced_s81.json
fpkd_B_balanced,"FedProtoKD, tuned (per-model projector averaging)",balanced,82,150,gpu,,,0.28477282446438146,0.23320411536822222,,,,,,,,,,,,,,,,,,,,,,,"Tables 5, 8, Fig. 4",r2_batch/fpkd_B_balanced_s82.json
fpkd_B_balanced,"FedProtoKD, tuned (per-model projector averaging)",balanced,83,150,gpu,,,0.43170396937822186,0.31531456982707945,,,,,,,,,,,,,,,,,,,,,,,"Tables 5, 8, Fig. 4",r2_batch/fpkd_B_balanced_s83.json
fpkd_B_balanced,"FedProtoKD, tuned (per-model projector averaging)",balanced,84,150,gpu,,,0.2483349377020233,0.18529276511974074,,,,,,,,,,,,,,,,,,,,,,,"Tables 5, 8, Fig. 4",r2_batch/fpkd_B_balanced_s84.json
fpkd_B_balanced,"FedProtoKD, tuned (per-model projector averaging)",balanced,85,150,gpu,,,0.28582316866401164,0.2434285750608501,,,,,,,,,,,,,,,,,,,,,,,"Tables 5, 8, Fig. 4",r2_batch/fpkd_B_balanced_s85.json
fpkd_B_balanced,"FedProtoKD, tuned (per-model projector averaging)",balanced,86,150,gpu,,,0.26505680650023256,0.19836503799704702,,,,,,,,,,,,,,,,,,,,,,,"Tables 5, 8, Fig. 4",r2_batch/fpkd_B_balanced_s86.json
fpkd_B_balanced,"FedProtoKD, tuned (per-model projector averaging)",balanced,87,150,gpu,,,0.25067739896478414,0.13311150332693233,,,,,,,,,,,,,,,,,,,,,,,"Tables 5, 8, Fig. 4",r2_batch/fpkd_B_balanced_s87.json
fpkd_B_balanced,"FedProtoKD, tuned (per-model projector averaging)",balanced,88,150,gpu,,,0.2926043965505285,0.254702406085234,,,,,,,,,,,,,,,,,,,,,,,"Tables 5, 8, Fig. 4",r2_batch/fpkd_B_balanced_s88.json
fpkd_B_balanced,"FedProtoKD, tuned (per-model projector averaging)",balanced,89,150,gpu,,,0.27041359617950345,0.17740265158291843,,,,,,,,,,,,,,,,,,,,,,,"Tables 5, 8, Fig. 4",r2_batch/fpkd_B_balanced_s89.json
fpkd_B_balanced,"FedProtoKD, tuned (per-model projector averaging)",balanced,90,150,gpu,,,0.3246222102736947,0.2660487003869514,,,,,,,,,,,,,,,,,,,,,,,"Tables 5, 8, Fig. 4",r2_batch/fpkd_B_balanced_s90.json
fpkd_B_balanced,"FedProtoKD, tuned (per-model projector averaging)",balanced,91,150,gpu,,,0.2555112331690951,0.18044781090331433,,,,,,,,,,,,,,,,,,,,,,,"Tables 5, 8, Fig. 4",r2_batch/fpkd_B_balanced_s91.json
fpkd_B_cancer_correlated,"FedProtoKD, tuned (per-model projector averaging)",cancer_correlated,62,150,gpu,,,0.4030364941748733,0.3313443443380326,,,,,,,,,,,,,,,,,,,,,,,"Tables 5, 8, Fig. 4",r2_batch/fpkd_B_cancer_correlated_s62.json
fpkd_B_cancer_correlated,"FedProtoKD, tuned (per-model projector averaging)",cancer_correlated,63,150,gpu,,,0.3676771311441456,0.29242515974590977,,,,,,,,,,,,,,,,,,,,,,,"Tables 5, 8, Fig. 4",r2_batch/fpkd_B_cancer_correlated_s63.json
fpkd_B_cancer_correlated,"FedProtoKD, tuned (per-model projector averaging)",cancer_correlated,64,150,gpu,,,0.45416854672028883,0.34488156541475706,,,,,,,,,,,,,,,,,,,,,,,"Tables 5, 8, Fig. 4",r2_batch/fpkd_B_cancer_correlated_s64.json
fpkd_B_cancer_correlated,"FedProtoKD, tuned (per-model projector averaging)",cancer_correlated,65,150,gpu,,,0.4252253560761254,0.3711728216051975,,,,,,,,,,,,,,,,,,,,,,,"Tables 5, 8, Fig. 4",r2_batch/fpkd_B_cancer_correlated_s65.json
fpkd_B_cancer_correlated,"FedProtoKD, tuned (per-model projector averaging)",cancer_correlated,66,150,gpu,,,0.3404210110852109,0.2245244319933305,,,,,,,,,,,,,,,,,,,,,,,"Tables 5, 8, Fig. 4",r2_batch/fpkd_B_cancer_correlated_s66.json
fpkd_B_cancer_correlated,"FedProtoKD, tuned (per-model projector averaging)",cancer_correlated,67,150,gpu,,,0.4633653486725038,0.4039175167184408,,,,,,,,,,,,,,,,,,,,,,,"Tables 5, 8, Fig. 4",r2_batch/fpkd_B_cancer_correlated_s67.json
fpkd_B_cancer_correlated,"FedProtoKD, tuned (per-model projector averaging)",cancer_correlated,68,150,gpu,,,0.4648458653780976,0.4619091729679463,,,,,,,,,,,,,,,,,,,,,,,"Tables 5, 8, Fig. 4",r2_batch/fpkd_B_cancer_correlated_s68.json
fpkd_B_cancer_correlated,"FedProtoKD, tuned (per-model projector averaging)",cancer_correlated,69,150,gpu,,,0.4326582047081964,0.33029013818435893,,,,,,,,,,,,,,,,,,,,,,,"Tables 5, 8, Fig. 4",r2_batch/fpkd_B_cancer_correlated_s69.json
fpkd_B_cancer_correlated,"FedProtoKD, tuned (per-model projector averaging)",cancer_correlated,70,150,gpu,,,0.42111874757229706,0.3648966097167657,,,,,,,,,,,,,,,,,,,,,,,"Tables 5, 8, Fig. 4",r2_batch/fpkd_B_cancer_correlated_s70.json
fpkd_B_cancer_correlated,"FedProtoKD, tuned (per-model projector averaging)",cancer_correlated,71,150,gpu,,,0.4281512577320927,0.3355557593601982,,,,,,,,,,,,,,,,,,,,,,,"Tables 5, 8, Fig. 4",r2_batch/fpkd_B_cancer_correlated_s71.json
fpkd_B_cancer_correlated,"FedProtoKD, tuned (per-model projector averaging)",cancer_correlated,72,150,gpu,,,0.28292052583855537,0.21406288945824212,,,,,,,,,,,,,,,,,,,,,,,"Tables 5, 8, Fig. 4",r2_batch/fpkd_B_cancer_correlated_s72.json
fpkd_B_cancer_correlated,"FedProtoKD, tuned (per-model projector averaging)",cancer_correlated,73,150,gpu,,,0.441380487385168,0.4018714412027784,,,,,,,,,,,,,,,,,,,,,,,"Tables 5, 8, Fig. 4",r2_batch/fpkd_B_cancer_correlated_s73.json
fpkd_B_cancer_correlated,"FedProtoKD, tuned (per-model projector averaging)",cancer_correlated,74,150,gpu,,,0.36629437456860625,0.23701775218106816,,,,,,,,,,,,,,,,,,,,,,,"Tables 5, 8, Fig. 4",r2_batch/fpkd_B_cancer_correlated_s74.json
fpkd_B_cancer_correlated,"FedProtoKD, tuned (per-model projector averaging)",cancer_correlated,75,150,gpu,,,0.460739337738427,0.3978512164910222,,,,,,,,,,,,,,,,,,,,,,,"Tables 5, 8, Fig. 4",r2_batch/fpkd_B_cancer_correlated_s75.json
fpkd_B_cancer_correlated,"FedProtoKD, tuned (per-model projector averaging)",cancer_correlated,76,150,gpu,,,0.4697149766382517,0.3841156052767095,,,,,,,,,,,,,,,,,,,,,,,"Tables 5, 8, Fig. 4",r2_batch/fpkd_B_cancer_correlated_s76.json
fpkd_B_cancer_correlated,"FedProtoKD, tuned (per-model projector averaging)",cancer_correlated,77,150,gpu,,,0.25924784340100465,0.13250451865093701,,,,,,,,,,,,,,,,,,,,,,,"Tables 5, 8, Fig. 4",r2_batch/fpkd_B_cancer_correlated_s77.json
fpkd_B_cancer_correlated,"FedProtoKD, tuned (per-model projector averaging)",cancer_correlated,78,150,gpu,,,0.3531369921394803,0.23949042273632395,,,,,,,,,,,,,,,,,,,,,,,"Tables 5, 8, Fig. 4",r2_batch/fpkd_B_cancer_correlated_s78.json
fpkd_B_cancer_correlated,"FedProtoKD, tuned (per-model projector averaging)",cancer_correlated,79,150,gpu,,,0.3915589880785127,0.27319148647763325,,,,,,,,,,,,,,,,,,,,,,,"Tables 5, 8, Fig. 4",r2_batch/fpkd_B_cancer_correlated_s79.json
fpkd_B_cancer_correlated,"FedProtoKD, tuned (per-model projector averaging)",cancer_correlated,80,150,gpu,,,0.36469589864280916,0.33383269749225497,,,,,,,,,,,,,,,,,,,,,,,"Tables 5, 8, Fig. 4",r2_batch/fpkd_B_cancer_correlated_s80.json
fpkd_B_cancer_correlated,"FedProtoKD, tuned (per-model projector averaging)",cancer_correlated,81,150,gpu,,,0.48018524546791636,0.41395040951903833,,,,,,,,,,,,,,,,,,,,,,,"Tables 5, 8, Fig. 4",r2_batch/fpkd_B_cancer_correlated_s81.json
fpkd_B_cancer_correlated,"FedProtoKD, tuned (per-model projector averaging)",cancer_correlated,82,150,gpu,,,0.32052029589614556,0.22315789644113038,,,,,,,,,,,,,,,,,,,,,,,"Tables 5, 8, Fig. 4",r2_batch/fpkd_B_cancer_correlated_s82.json
fpkd_B_cancer_correlated,"FedProtoKD, tuned (per-model projector averaging)",cancer_correlated,83,150,gpu,,,0.47447122171684186,0.3633750983940867,,,,,,,,,,,,,,,,,,,,,,,"Tables 5, 8, Fig. 4",r2_batch/fpkd_B_cancer_correlated_s83.json
fpkd_B_cancer_correlated,"FedProtoKD, tuned (per-model projector averaging)",cancer_correlated,84,150,gpu,,,0.3486847896551287,0.2606800411805451,,,,,,,,,,,,,,,,,,,,,,,"Tables 5, 8, Fig. 4",r2_batch/fpkd_B_cancer_correlated_s84.json
fpkd_B_cancer_correlated,"FedProtoKD, tuned (per-model projector averaging)",cancer_correlated,85,150,gpu,,,0.3772779343013044,0.3199203475280868,,,,,,,,,,,,,,,,,,,,,,,"Tables 5, 8, Fig. 4",r2_batch/fpkd_B_cancer_correlated_s85.json
fpkd_B_cancer_correlated,"FedProtoKD, tuned (per-model projector averaging)",cancer_correlated,86,150,gpu,,,0.547715709050118,0.482159209786137,,,,,,,,,,,,,,,,,,,,,,,"Tables 5, 8, Fig. 4",r2_batch/fpkd_B_cancer_correlated_s86.json
fpkd_B_cancer_correlated,"FedProtoKD, tuned (per-model projector averaging)",cancer_correlated,87,150,gpu,,,0.36219378254334555,0.2327636098174969,,,,,,,,,,,,,,,,,,,,,,,"Tables 5, 8, Fig. 4",r2_batch/fpkd_B_cancer_correlated_s87.json
fpkd_B_cancer_correlated,"FedProtoKD, tuned (per-model projector averaging)",cancer_correlated,88,150,gpu,,,0.3780054113056358,0.2983589763363335,,,,,,,,,,,,,,,,,,,,,,,"Tables 5, 8, Fig. 4",r2_batch/fpkd_B_cancer_correlated_s88.json
fpkd_B_cancer_correlated,"FedProtoKD, tuned (per-model projector averaging)",cancer_correlated,89,150,gpu,,,0.3638981031428616,0.2987298427493278,,,,,,,,,,,,,,,,,,,,,,,"Tables 5, 8, Fig. 4",r2_batch/fpkd_B_cancer_correlated_s89.json
fpkd_B_cancer_correlated,"FedProtoKD, tuned (per-model projector averaging)",cancer_correlated,90,150,gpu,,,0.4399494365454827,0.40291628926975,,,,,,,,,,,,,,,,,,,,,,,"Tables 5, 8, Fig. 4",r2_batch/fpkd_B_cancer_correlated_s90.json
fpkd_B_cancer_correlated,"FedProtoKD, tuned (per-model projector averaging)",cancer_correlated,91,150,gpu,,,0.4444611953841291,0.3428160012193038,,,,,,,,,,,,,,,,,,,,,,,"Tables 5, 8, Fig. 4",r2_batch/fpkd_B_cancer_correlated_s91.json
fpkd_B_adversarial,"FedProtoKD, tuned (per-model projector averaging)",adversarial,62,150,gpu,,,0.5163398692810457,0.44277778502684884,,,,,,,,,,,,,,,,,,,,,,,"Tables 5, 8, Fig. 4",r2_batch/fpkd_B_adversarial_s62.json
fpkd_B_adversarial,"FedProtoKD, tuned (per-model projector averaging)",adversarial,63,150,gpu,,,0.552648938363224,0.5026925442318396,,,,,,,,,,,,,,,,,,,,,,,"Tables 5, 8, Fig. 4",r2_batch/fpkd_B_adversarial_s63.json
fpkd_B_adversarial,"FedProtoKD, tuned (per-model projector averaging)",adversarial,64,150,gpu,,,0.6838733720108809,0.6759745835952903,,,,,,,,,,,,,,,,,,,,,,,"Tables 5, 8, Fig. 4",r2_batch/fpkd_B_adversarial_s64.json
fpkd_B_adversarial,"FedProtoKD, tuned (per-model projector averaging)",adversarial,65,150,gpu,,,0.670389461626575,0.650636254292782,,,,,,,,,,,,,,,,,,,,,,,"Tables 5, 8, Fig. 4",r2_batch/fpkd_B_adversarial_s65.json
fpkd_B_adversarial,"FedProtoKD, tuned (per-model projector averaging)",adversarial,66,150,gpu,,,0.6240607354052732,0.6085949839570177,,,,,,,,,,,,,,,,,,,,,,,"Tables 5, 8, Fig. 4",r2_batch/fpkd_B_adversarial_s66.json
fpkd_B_adversarial,"FedProtoKD, tuned (per-model projector averaging)",adversarial,67,150,gpu,,,0.6612360289197687,0.6059781858164635,,,,,,,,,,,,,,,,,,,,,,,"Tables 5, 8, Fig. 4",r2_batch/fpkd_B_adversarial_s67.json
fpkd_B_adversarial,"FedProtoKD, tuned (per-model projector averaging)",adversarial,68,150,gpu,,,0.6892567591699703,0.6663198721345107,,,,,,,,,,,,,,,,,,,,,,,"Tables 5, 8, Fig. 4",r2_batch/fpkd_B_adversarial_s68.json
fpkd_B_adversarial,"FedProtoKD, tuned (per-model projector averaging)",adversarial,69,150,gpu,,,0.5299617969775038,0.4925882993311947,,,,,,,,,,,,,,,,,,,,,,,"Tables 5, 8, Fig. 4",r2_batch/fpkd_B_adversarial_s69.json
fpkd_B_adversarial,"FedProtoKD, tuned (per-model projector averaging)",adversarial,70,150,gpu,,,0.5218418224801203,0.46902919646846264,,,,,,,,,,,,,,,,,,,,,,,"Tables 5, 8, Fig. 4",r2_batch/fpkd_B_adversarial_s70.json
fpkd_B_adversarial,"FedProtoKD, tuned (per-model projector averaging)",adversarial,71,150,gpu,,,0.6322174192727914,0.5846533801879481,,,,,,,,,,,,,,,,,,,,,,,"Tables 5, 8, Fig. 4",r2_batch/fpkd_B_adversarial_s71.json
fpkd_B_adversarial,"FedProtoKD, tuned (per-model projector averaging)",adversarial,72,150,gpu,,,0.5514510561176139,0.5271992630626549,,,,,,,,,,,,,,,,,,,,,,,"Tables 5, 8, Fig. 4",r2_batch/fpkd_B_adversarial_s72.json
fpkd_B_adversarial,"FedProtoKD, tuned (per-model projector averaging)",adversarial,73,150,gpu,,,0.6006372529657279,0.5668051166997213,,,,,,,,,,,,,,,,,,,,,,,"Tables 5, 8, Fig. 4",r2_batch/fpkd_B_adversarial_s73.json
fpkd_B_adversarial,"FedProtoKD, tuned (per-model projector averaging)",adversarial,74,150,gpu,,,0.545727112393779,0.48449956904288805,,,,,,,,,,,,,,,,,,,,,,,"Tables 5, 8, Fig. 4",r2_batch/fpkd_B_adversarial_s74.json
fpkd_B_adversarial,"FedProtoKD, tuned (per-model projector averaging)",adversarial,75,150,gpu,,,0.6080357091468203,0.5667539822652243,,,,,,,,,,,,,,,,,,,,,,,"Tables 5, 8, Fig. 4",r2_batch/fpkd_B_adversarial_s75.json
fpkd_B_adversarial,"FedProtoKD, tuned (per-model projector averaging)",adversarial,76,150,gpu,,,0.6355311355311355,0.5928358717117043,,,,,,,,,,,,,,,,,,,,,,,"Tables 5, 8, Fig. 4",r2_batch/fpkd_B_adversarial_s76.json
fpkd_B_adversarial,"FedProtoKD, tuned (per-model projector averaging)",adversarial,77,150,gpu,,,0.48886630059118136,0.4361951804424934,,,,,,,,,,,,,,,,,,,,,,,"Tables 5, 8, Fig. 4",r2_batch/fpkd_B_adversarial_s77.json
fpkd_B_adversarial,"FedProtoKD, tuned (per-model projector averaging)",adversarial,78,150,gpu,,,0.5294255249571704,0.46413274065454196,,,,,,,,,,,,,,,,,,,,,,,"Tables 5, 8, Fig. 4",r2_batch/fpkd_B_adversarial_s78.json
fpkd_B_adversarial,"FedProtoKD, tuned (per-model projector averaging)",adversarial,79,150,gpu,,,0.5447890818858561,0.4692543088900436,,,,,,,,,,,,,,,,,,,,,,,"Tables 5, 8, Fig. 4",r2_batch/fpkd_B_adversarial_s79.json
fpkd_B_adversarial,"FedProtoKD, tuned (per-model projector averaging)",adversarial,80,150,gpu,,,0.6148635741177177,0.5965291089969131,,,,,,,,,,,,,,,,,,,,,,,"Tables 5, 8, Fig. 4",r2_batch/fpkd_B_adversarial_s80.json
fpkd_B_adversarial,"FedProtoKD, tuned (per-model projector averaging)",adversarial,81,150,gpu,,,0.3992704545201793,0.34417197361648777,,,,,,,,,,,,,,,,,,,,,,,"Tables 5, 8, Fig. 4",r2_batch/fpkd_B_adversarial_s81.json
fpkd_B_adversarial,"FedProtoKD, tuned (per-model projector averaging)",adversarial,82,150,gpu,,,0.49592786244855636,0.4542902429080697,,,,,,,,,,,,,,,,,,,,,,,"Tables 5, 8, Fig. 4",r2_batch/fpkd_B_adversarial_s82.json
fpkd_B_adversarial,"FedProtoKD, tuned (per-model projector averaging)",adversarial,83,150,gpu,,,0.6464275963155096,0.6172469287654726,,,,,,,,,,,,,,,,,,,,,,,"Tables 5, 8, Fig. 4",r2_batch/fpkd_B_adversarial_s83.json
fpkd_B_adversarial,"FedProtoKD, tuned (per-model projector averaging)",adversarial,84,150,gpu,,,0.5599960468381521,0.5145702088115882,,,,,,,,,,,,,,,,,,,,,,,"Tables 5, 8, Fig. 4",r2_batch/fpkd_B_adversarial_s84.json
fpkd_B_adversarial,"FedProtoKD, tuned (per-model projector averaging)",adversarial,85,150,gpu,,,0.6049943883277217,0.572551776437408,,,,,,,,,,,,,,,,,,,,,,,"Tables 5, 8, Fig. 4",r2_batch/fpkd_B_adversarial_s85.json
fpkd_B_adversarial,"FedProtoKD, tuned (per-model projector averaging)",adversarial,86,150,gpu,,,0.5807699571095397,0.5384256568251428,,,,,,,,,,,,,,,,,,,,,,,"Tables 5, 8, Fig. 4",r2_batch/fpkd_B_adversarial_s86.json
fpkd_B_adversarial,"FedProtoKD, tuned (per-model projector averaging)",adversarial,87,150,gpu,,,0.5971653437904736,0.5650683188234962,,,,,,,,,,,,,,,,,,,,,,,"Tables 5, 8, Fig. 4",r2_batch/fpkd_B_adversarial_s87.json
fpkd_B_adversarial,"FedProtoKD, tuned (per-model projector averaging)",adversarial,88,150,gpu,,,0.4779586622141267,0.45159134161249553,,,,,,,,,,,,,,,,,,,,,,,"Tables 5, 8, Fig. 4",r2_batch/fpkd_B_adversarial_s88.json
fpkd_B_adversarial,"FedProtoKD, tuned (per-model projector averaging)",adversarial,89,150,gpu,,,0.528526355981592,0.46986083762148567,,,,,,,,,,,,,,,,,,,,,,,"Tables 5, 8, Fig. 4",r2_batch/fpkd_B_adversarial_s89.json
fpkd_B_adversarial,"FedProtoKD, tuned (per-model projector averaging)",adversarial,90,150,gpu,,,0.5592442605440001,0.5108564892597623,,,,,,,,,,,,,,,,,,,,,,,"Tables 5, 8, Fig. 4",r2_batch/fpkd_B_adversarial_s90.json
fpkd_B_adversarial,"FedProtoKD, tuned (per-model projector averaging)",adversarial,91,150,gpu,,,0.5616582929082929,0.5724753016071852,,,,,,,,,,,,,,,,,,,,,,,"Tables 5, 8, Fig. 4",r2_batch/fpkd_B_adversarial_s91.json
fpkd_A_stratified,"FedProtoKD, faithful (no aggregation; per-site-routed scores only)",stratified,62,150,gpu,,,,,,,,,,0.337,0.9495,,,,,,,,,,,,,,,,Supp. Table S5(a),r2_batch/fpkd_A_stratified_s62.json
fpkd_A_stratified,"FedProtoKD, faithful (no aggregation; per-site-routed scores only)",stratified,63,150,gpu,,,,,,,,,,0.3609,0.8742,,,,,,,,,,,,,,,,Supp. Table S5(a),r2_batch/fpkd_A_stratified_s63.json
fpkd_A_stratified,"FedProtoKD, faithful (no aggregation; per-site-routed scores only)",stratified,64,150,gpu,,,,,,,,,,0.5283,0.9391,,,,,,,,,,,,,,,,Supp. Table S5(a),r2_batch/fpkd_A_stratified_s64.json
fpkd_A_stratified,"FedProtoKD, faithful (no aggregation; per-site-routed scores only)",stratified,65,150,gpu,,,,,,,,,,0.3624,0.9278,,,,,,,,,,,,,,,,Supp. Table S5(a),r2_batch/fpkd_A_stratified_s65.json
fpkd_A_stratified,"FedProtoKD, faithful (no aggregation; per-site-routed scores only)",stratified,66,150,gpu,,,,,,,,,,0.4065,0.9637,,,,,,,,,,,,,,,,Supp. Table S5(a),r2_batch/fpkd_A_stratified_s66.json
fpkd_A_stratified,"FedProtoKD, faithful (no aggregation; per-site-routed scores only)",stratified,67,150,gpu,,,,,,,,,,0.4381,0.9108,,,,,,,,,,,,,,,,Supp. Table S5(a),r2_batch/fpkd_A_stratified_s67.json
fpkd_A_stratified,"FedProtoKD, faithful (no aggregation; per-site-routed scores only)",stratified,68,150,gpu,,,,,,,,,,0.4225,0.941,,,,,,,,,,,,,,,,Supp. Table S5(a),r2_batch/fpkd_A_stratified_s68.json
fpkd_A_stratified,"FedProtoKD, faithful (no aggregation; per-site-routed scores only)",stratified,69,150,gpu,,,,,,,,,,0.5523,0.9149,,,,,,,,,,,,,,,,Supp. Table S5(a),r2_batch/fpkd_A_stratified_s69.json
fpkd_A_stratified,"FedProtoKD, faithful (no aggregation; per-site-routed scores only)",stratified,70,150,gpu,,,,,,,,,,0.3571,0.9602,,,,,,,,,,,,,,,,Supp. Table S5(a),r2_batch/fpkd_A_stratified_s70.json
fpkd_A_stratified,"FedProtoKD, faithful (no aggregation; per-site-routed scores only)",stratified,71,150,gpu,,,,,,,,,,0.4427,0.878,,,,,,,,,,,,,,,,Supp. Table S5(a),r2_batch/fpkd_A_stratified_s71.json
fpkd_A_stratified,"FedProtoKD, faithful (no aggregation; per-site-routed scores only)",stratified,72,150,gpu,,,,,,,,,,0.5416,0.9459,,,,,,,,,,,,,,,,Supp. Table S5(a),r2_batch/fpkd_A_stratified_s72.json
fpkd_A_stratified,"FedProtoKD, faithful (no aggregation; per-site-routed scores only)",stratified,73,150,gpu,,,,,,,,,,0.4359,0.9165,,,,,,,,,,,,,,,,Supp. Table S5(a),r2_batch/fpkd_A_stratified_s73.json
fpkd_A_stratified,"FedProtoKD, faithful (no aggregation; per-site-routed scores only)",stratified,74,150,gpu,,,,,,,,,,0.4454,0.9202,,,,,,,,,,,,,,,,Supp. Table S5(a),r2_batch/fpkd_A_stratified_s74.json
fpkd_A_stratified,"FedProtoKD, faithful (no aggregation; per-site-routed scores only)",stratified,75,150,gpu,,,,,,,,,,0.3559,0.9231,,,,,,,,,,,,,,,,Supp. Table S5(a),r2_batch/fpkd_A_stratified_s75.json
fpkd_A_stratified,"FedProtoKD, faithful (no aggregation; per-site-routed scores only)",stratified,76,150,gpu,,,,,,,,,,0.5141,0.9545,,,,,,,,,,,,,,,,Supp. Table S5(a),r2_batch/fpkd_A_stratified_s76.json
fpkd_A_stratified,"FedProtoKD, faithful (no aggregation; per-site-routed scores only)",stratified,77,150,gpu,,,,,,,,,,0.4076,0.9032,,,,,,,,,,,,,,,,Supp. Table S5(a),r2_batch/fpkd_A_stratified_s77.json
fpkd_A_stratified,"FedProtoKD, faithful (no aggregation; per-site-routed scores only)",stratified,78,150,gpu,,,,,,,,,,0.4813,0.9261,,,,,,,,,,,,,,,,Supp. Table S5(a),r2_batch/fpkd_A_stratified_s78.json
fpkd_A_stratified,"FedProtoKD, faithful (no aggregation; per-site-routed scores only)",stratified,79,150,gpu,,,,,,,,,,0.4464,0.9055,,,,,,,,,,,,,,,,Supp. Table S5(a),r2_batch/fpkd_A_stratified_s79.json
fpkd_A_stratified,"FedProtoKD, faithful (no aggregation; per-site-routed scores only)",stratified,80,150,gpu,,,,,,,,,,0.4508,0.912,,,,,,,,,,,,,,,,Supp. Table S5(a),r2_batch/fpkd_A_stratified_s80.json
fpkd_A_stratified,"FedProtoKD, faithful (no aggregation; per-site-routed scores only)",stratified,81,150,gpu,,,,,,,,,,0.3701,0.8783,,,,,,,,,,,,,,,,Supp. Table S5(a),r2_batch/fpkd_A_stratified_s81.json
fpkd_A_stratified,"FedProtoKD, faithful (no aggregation; per-site-routed scores only)",stratified,82,150,gpu,,,,,,,,,,0.5003,0.8958,,,,,,,,,,,,,,,,Supp. Table S5(a),r2_batch/fpkd_A_stratified_s82.json
fpkd_A_stratified,"FedProtoKD, faithful (no aggregation; per-site-routed scores only)",stratified,83,150,gpu,,,,,,,,,,0.4815,0.9229,,,,,,,,,,,,,,,,Supp. Table S5(a),r2_batch/fpkd_A_stratified_s83.json
fpkd_A_stratified,"FedProtoKD, faithful (no aggregation; per-site-routed scores only)",stratified,84,150,gpu,,,,,,,,,,0.3136,0.9199,,,,,,,,,,,,,,,,Supp. Table S5(a),r2_batch/fpkd_A_stratified_s84.json
fpkd_A_stratified,"FedProtoKD, faithful (no aggregation; per-site-routed scores only)",stratified,85,150,gpu,,,,,,,,,,0.4488,0.9244,,,,,,,,,,,,,,,,Supp. Table S5(a),r2_batch/fpkd_A_stratified_s85.json
fpkd_A_stratified,"FedProtoKD, faithful (no aggregation; per-site-routed scores only)",stratified,86,150,gpu,,,,,,,,,,0.3924,0.9064,,,,,,,,,,,,,,,,Supp. Table S5(a),r2_batch/fpkd_A_stratified_s86.json
fpkd_A_stratified,"FedProtoKD, faithful (no aggregation; per-site-routed scores only)",stratified,87,150,gpu,,,,,,,,,,0.4853,0.9252,,,,,,,,,,,,,,,,Supp. Table S5(a),r2_batch/fpkd_A_stratified_s87.json
fpkd_A_stratified,"FedProtoKD, faithful (no aggregation; per-site-routed scores only)",stratified,88,150,gpu,,,,,,,,,,0.4322,0.9408,,,,,,,,,,,,,,,,Supp. Table S5(a),r2_batch/fpkd_A_stratified_s88.json
fpkd_A_stratified,"FedProtoKD, faithful (no aggregation; per-site-routed scores only)",stratified,89,150,gpu,,,,,,,,,,0.3739,0.9424,,,,,,,,,,,,,,,,Supp. Table S5(a),r2_batch/fpkd_A_stratified_s89.json
fpkd_A_stratified,"FedProtoKD, faithful (no aggregation; per-site-routed scores only)",stratified,90,150,gpu,,,,,,,,,,0.492,0.925,,,,,,,,,,,,,,,,Supp. Table S5(a),r2_batch/fpkd_A_stratified_s90.json
fpkd_A_stratified,"FedProtoKD, faithful (no aggregation; per-site-routed scores only)",stratified,91,150,gpu,,,,,,,,,,0.3945,0.9461,,,,,,,,,,,,,,,,Supp. Table S5(a),r2_batch/fpkd_A_stratified_s91.json
fpkd_A_balanced,"FedProtoKD, faithful (no aggregation; per-site-routed scores only)",balanced,62,150,gpu,,,,,,,,,,0.4496,0.9248,,,,,,,,,,,,,,,,Supp. Table S5(a),r2_batch/fpkd_A_balanced_s62.json
fpkd_A_balanced,"FedProtoKD, faithful (no aggregation; per-site-routed scores only)",balanced,63,150,gpu,,,,,,,,,,0.5621,0.937,,,,,,,,,,,,,,,,Supp. Table S5(a),r2_batch/fpkd_A_balanced_s63.json
fpkd_A_balanced,"FedProtoKD, faithful (no aggregation; per-site-routed scores only)",balanced,64,150,gpu,,,,,,,,,,0.48,0.9362,,,,,,,,,,,,,,,,Supp. Table S5(a),r2_batch/fpkd_A_balanced_s64.json
fpkd_A_balanced,"FedProtoKD, faithful (no aggregation; per-site-routed scores only)",balanced,65,150,gpu,,,,,,,,,,0.4051,0.9592,,,,,,,,,,,,,,,,Supp. Table S5(a),r2_batch/fpkd_A_balanced_s65.json
fpkd_A_balanced,"FedProtoKD, faithful (no aggregation; per-site-routed scores only)",balanced,66,150,gpu,,,,,,,,,,0.4775,0.9544,,,,,,,,,,,,,,,,Supp. Table S5(a),r2_batch/fpkd_A_balanced_s66.json
fpkd_A_balanced,"FedProtoKD, faithful (no aggregation; per-site-routed scores only)",balanced,67,150,gpu,,,,,,,,,,0.3706,0.9297,,,,,,,,,,,,,,,,Supp. Table S5(a),r2_batch/fpkd_A_balanced_s67.json
fpkd_A_balanced,"FedProtoKD, faithful (no aggregation; per-site-routed scores only)",balanced,68,150,gpu,,,,,,,,,,0.3141,0.8927,,,,,,,,,,,,,,,,Supp. Table S5(a),r2_batch/fpkd_A_balanced_s68.json
fpkd_A_balanced,"FedProtoKD, faithful (no aggregation; per-site-routed scores only)",balanced,69,150,gpu,,,,,,,,,,0.3778,0.9303,,,,,,,,,,,,,,,,Supp. Table S5(a),r2_batch/fpkd_A_balanced_s69.json
fpkd_A_balanced,"FedProtoKD, faithful (no aggregation; per-site-routed scores only)",balanced,70,150,gpu,,,,,,,,,,0.4814,0.9571,,,,,,,,,,,,,,,,Supp. Table S5(a),r2_batch/fpkd_A_balanced_s70.json
fpkd_A_balanced,"FedProtoKD, faithful (no aggregation; per-site-routed scores only)",balanced,71,150,gpu,,,,,,,,,,0.4881,0.9563,,,,,,,,,,,,,,,,Supp. Table S5(a),r2_batch/fpkd_A_balanced_s71.json
fpkd_A_balanced,"FedProtoKD, faithful (no aggregation; per-site-routed scores only)",balanced,72,150,gpu,,,,,,,,,,0.4375,0.945,,,,,,,,,,,,,,,,Supp. Table S5(a),r2_batch/fpkd_A_balanced_s72.json
fpkd_A_balanced,"FedProtoKD, faithful (no aggregation; per-site-routed scores only)",balanced,73,150,gpu,,,,,,,,,,0.3186,0.9294,,,,,,,,,,,,,,,,Supp. Table S5(a),r2_batch/fpkd_A_balanced_s73.json
fpkd_A_balanced,"FedProtoKD, faithful (no aggregation; per-site-routed scores only)",balanced,74,150,gpu,,,,,,,,,,0.4142,0.922,,,,,,,,,,,,,,,,Supp. Table S5(a),r2_batch/fpkd_A_balanced_s74.json
fpkd_A_balanced,"FedProtoKD, faithful (no aggregation; per-site-routed scores only)",balanced,75,150,gpu,,,,,,,,,,0.3979,0.9182,,,,,,,,,,,,,,,,Supp. Table S5(a),r2_batch/fpkd_A_balanced_s75.json
fpkd_A_balanced,"FedProtoKD, faithful (no aggregation; per-site-routed scores only)",balanced,76,150,gpu,,,,,,,,,,0.4248,0.9078,,,,,,,,,,,,,,,,Supp. Table S5(a),r2_batch/fpkd_A_balanced_s76.json
fpkd_A_balanced,"FedProtoKD, faithful (no aggregation; per-site-routed scores only)",balanced,77,150,gpu,,,,,,,,,,0.3736,0.9198,,,,,,,,,,,,,,,,Supp. Table S5(a),r2_batch/fpkd_A_balanced_s77.json
fpkd_A_balanced,"FedProtoKD, faithful (no aggregation; per-site-routed scores only)",balanced,78,150,gpu,,,,,,,,,,0.47,0.941,,,,,,,,,,,,,,,,Supp. Table S5(a),r2_batch/fpkd_A_balanced_s78.json
fpkd_A_balanced,"FedProtoKD, faithful (no aggregation; per-site-routed scores only)",balanced,79,150,gpu,,,,,,,,,,0.3394,0.9102,,,,,,,,,,,,,,,,Supp. Table S5(a),r2_batch/fpkd_A_balanced_s79.json
fpkd_A_balanced,"FedProtoKD, faithful (no aggregation; per-site-routed scores only)",balanced,80,150,gpu,,,,,,,,,,0.4677,0.9014,,,,,,,,,,,,,,,,Supp. Table S5(a),r2_batch/fpkd_A_balanced_s80.json
fpkd_A_balanced,"FedProtoKD, faithful (no aggregation; per-site-routed scores only)",balanced,81,150,gpu,,,,,,,,,,0.4526,0.9355,,,,,,,,,,,,,,,,Supp. Table S5(a),r2_batch/fpkd_A_balanced_s81.json
fpkd_A_balanced,"FedProtoKD, faithful (no aggregation; per-site-routed scores only)",balanced,82,150,gpu,,,,,,,,,,0.3435,0.9567,,,,,,,,,,,,,,,,Supp. Table S5(a),r2_batch/fpkd_A_balanced_s82.json
fpkd_A_balanced,"FedProtoKD, faithful (no aggregation; per-site-routed scores only)",balanced,83,150,gpu,,,,,,,,,,0.4312,0.9225,,,,,,,,,,,,,,,,Supp. Table S5(a),r2_batch/fpkd_A_balanced_s83.json
fpkd_A_balanced,"FedProtoKD, faithful (no aggregation; per-site-routed scores only)",balanced,84,150,gpu,,,,,,,,,,0.5193,0.9128,,,,,,,,,,,,,,,,Supp. Table S5(a),r2_batch/fpkd_A_balanced_s84.json
fpkd_A_balanced,"FedProtoKD, faithful (no aggregation; per-site-routed scores only)",balanced,85,150,gpu,,,,,,,,,,0.5292,0.9482,,,,,,,,,,,,,,,,Supp. Table S5(a),r2_batch/fpkd_A_balanced_s85.json
fpkd_A_balanced,"FedProtoKD, faithful (no aggregation; per-site-routed scores only)",balanced,86,150,gpu,,,,,,,,,,0.4287,0.9047,,,,,,,,,,,,,,,,Supp. Table S5(a),r2_batch/fpkd_A_balanced_s86.json
fpkd_A_balanced,"FedProtoKD, faithful (no aggregation; per-site-routed scores only)",balanced,87,150,gpu,,,,,,,,,,0.6547,0.9119,,,,,,,,,,,,,,,,Supp. Table S5(a),r2_batch/fpkd_A_balanced_s87.json
fpkd_A_balanced,"FedProtoKD, faithful (no aggregation; per-site-routed scores only)",balanced,88,150,gpu,,,,,,,,,,0.4707,0.9631,,,,,,,,,,,,,,,,Supp. Table S5(a),r2_batch/fpkd_A_balanced_s88.json
fpkd_A_balanced,"FedProtoKD, faithful (no aggregation; per-site-routed scores only)",balanced,89,150,gpu,,,,,,,,,,0.5078,0.9207,,,,,,,,,,,,,,,,Supp. Table S5(a),r2_batch/fpkd_A_balanced_s89.json
fpkd_A_balanced,"FedProtoKD, faithful (no aggregation; per-site-routed scores only)",balanced,90,150,gpu,,,,,,,,,,0.4492,0.9571,,,,,,,,,,,,,,,,Supp. Table S5(a),r2_batch/fpkd_A_balanced_s90.json
fpkd_A_balanced,"FedProtoKD, faithful (no aggregation; per-site-routed scores only)",balanced,91,150,gpu,,,,,,,,,,0.3637,0.9145,,,,,,,,,,,,,,,,Supp. Table S5(a),r2_batch/fpkd_A_balanced_s91.json
fpkd_A_cancer_correlated,"FedProtoKD, faithful (no aggregation; per-site-routed scores only)",cancer_correlated,62,150,gpu,,,,,,,,,,0.5174,0.9634,,,,,,,,,,,,,,,,Supp. Table S5(a),r2_batch/fpkd_A_cancer_correlated_s62.json
fpkd_A_cancer_correlated,"FedProtoKD, faithful (no aggregation; per-site-routed scores only)",cancer_correlated,63,150,gpu,,,,,,,,,,0.4388,0.937,,,,,,,,,,,,,,,,Supp. Table S5(a),r2_batch/fpkd_A_cancer_correlated_s63.json
fpkd_A_cancer_correlated,"FedProtoKD, faithful (no aggregation; per-site-routed scores only)",cancer_correlated,64,150,gpu,,,,,,,,,,0.3607,0.8822,,,,,,,,,,,,,,,,Supp. Table S5(a),r2_batch/fpkd_A_cancer_correlated_s64.json
fpkd_A_cancer_correlated,"FedProtoKD, faithful (no aggregation; per-site-routed scores only)",cancer_correlated,65,150,gpu,,,,,,,,,,0.4668,0.9398,,,,,,,,,,,,,,,,Supp. Table S5(a),r2_batch/fpkd_A_cancer_correlated_s65.json
fpkd_A_cancer_correlated,"FedProtoKD, faithful (no aggregation; per-site-routed scores only)",cancer_correlated,66,150,gpu,,,,,,,,,,0.4524,0.9188,,,,,,,,,,,,,,,,Supp. Table S5(a),r2_batch/fpkd_A_cancer_correlated_s66.json
fpkd_A_cancer_correlated,"FedProtoKD, faithful (no aggregation; per-site-routed scores only)",cancer_correlated,67,150,gpu,,,,,,,,,,0.367,0.9146,,,,,,,,,,,,,,,,Supp. Table S5(a),r2_batch/fpkd_A_cancer_correlated_s67.json
fpkd_A_cancer_correlated,"FedProtoKD, faithful (no aggregation; per-site-routed scores only)",cancer_correlated,68,150,gpu,,,,,,,,,,0.4811,0.9461,,,,,,,,,,,,,,,,Supp. Table S5(a),r2_batch/fpkd_A_cancer_correlated_s68.json
fpkd_A_cancer_correlated,"FedProtoKD, faithful (no aggregation; per-site-routed scores only)",cancer_correlated,69,150,gpu,,,,,,,,,,0.4093,0.9429,,,,,,,,,,,,,,,,Supp. Table S5(a),r2_batch/fpkd_A_cancer_correlated_s69.json
fpkd_A_cancer_correlated,"FedProtoKD, faithful (no aggregation; per-site-routed scores only)",cancer_correlated,70,150,gpu,,,,,,,,,,0.3976,0.9216,,,,,,,,,,,,,,,,Supp. Table S5(a),r2_batch/fpkd_A_cancer_correlated_s70.json
fpkd_A_cancer_correlated,"FedProtoKD, faithful (no aggregation; per-site-routed scores only)",cancer_correlated,71,150,gpu,,,,,,,,,,0.4429,0.9489,,,,,,,,,,,,,,,,Supp. Table S5(a),r2_batch/fpkd_A_cancer_correlated_s71.json
fpkd_A_cancer_correlated,"FedProtoKD, faithful (no aggregation; per-site-routed scores only)",cancer_correlated,72,150,gpu,,,,,,,,,,0.5179,0.9159,,,,,,,,,,,,,,,,Supp. Table S5(a),r2_batch/fpkd_A_cancer_correlated_s72.json
fpkd_A_cancer_correlated,"FedProtoKD, faithful (no aggregation; per-site-routed scores only)",cancer_correlated,73,150,gpu,,,,,,,,,,0.3365,0.9124,,,,,,,,,,,,,,,,Supp. Table S5(a),r2_batch/fpkd_A_cancer_correlated_s73.json
fpkd_A_cancer_correlated,"FedProtoKD, faithful (no aggregation; per-site-routed scores only)",cancer_correlated,74,150,gpu,,,,,,,,,,0.4529,0.9081,,,,,,,,,,,,,,,,Supp. Table S5(a),r2_batch/fpkd_A_cancer_correlated_s74.json
fpkd_A_cancer_correlated,"FedProtoKD, faithful (no aggregation; per-site-routed scores only)",cancer_correlated,75,150,gpu,,,,,,,,,,0.4097,0.8872,,,,,,,,,,,,,,,,Supp. Table S5(a),r2_batch/fpkd_A_cancer_correlated_s75.json
fpkd_A_cancer_correlated,"FedProtoKD, faithful (no aggregation; per-site-routed scores only)",cancer_correlated,76,150,gpu,,,,,,,,,,0.3721,0.9011,,,,,,,,,,,,,,,,Supp. Table S5(a),r2_batch/fpkd_A_cancer_correlated_s76.json
fpkd_A_cancer_correlated,"FedProtoKD, faithful (no aggregation; per-site-routed scores only)",cancer_correlated,77,150,gpu,,,,,,,,,,0.5748,0.8944,,,,,,,,,,,,,,,,Supp. Table S5(a),r2_batch/fpkd_A_cancer_correlated_s77.json
fpkd_A_cancer_correlated,"FedProtoKD, faithful (no aggregation; per-site-routed scores only)",cancer_correlated,78,150,gpu,,,,,,,,,,0.4487,0.9496,,,,,,,,,,,,,,,,Supp. Table S5(a),r2_batch/fpkd_A_cancer_correlated_s78.json
fpkd_A_cancer_correlated,"FedProtoKD, faithful (no aggregation; per-site-routed scores only)",cancer_correlated,79,150,gpu,,,,,,,,,,0.4516,0.8827,,,,,,,,,,,,,,,,Supp. Table S5(a),r2_batch/fpkd_A_cancer_correlated_s79.json
fpkd_A_cancer_correlated,"FedProtoKD, faithful (no aggregation; per-site-routed scores only)",cancer_correlated,80,150,gpu,,,,,,,,,,0.4822,0.8705,,,,,,,,,,,,,,,,Supp. Table S5(a),r2_batch/fpkd_A_cancer_correlated_s80.json
fpkd_A_cancer_correlated,"FedProtoKD, faithful (no aggregation; per-site-routed scores only)",cancer_correlated,81,150,gpu,,,,,,,,,,0.3024,0.9205,,,,,,,,,,,,,,,,Supp. Table S5(a),r2_batch/fpkd_A_cancer_correlated_s81.json
fpkd_A_cancer_correlated,"FedProtoKD, faithful (no aggregation; per-site-routed scores only)",cancer_correlated,82,150,gpu,,,,,,,,,,0.3298,0.8954,,,,,,,,,,,,,,,,Supp. Table S5(a),r2_batch/fpkd_A_cancer_correlated_s82.json
fpkd_A_cancer_correlated,"FedProtoKD, faithful (no aggregation; per-site-routed scores only)",cancer_correlated,83,150,gpu,,,,,,,,,,0.4527,0.9191,,,,,,,,,,,,,,,,Supp. Table S5(a),r2_batch/fpkd_A_cancer_correlated_s83.json
fpkd_A_cancer_correlated,"FedProtoKD, faithful (no aggregation; per-site-routed scores only)",cancer_correlated,84,150,gpu,,,,,,,,,,0.328,0.9036,,,,,,,,,,,,,,,,Supp. Table S5(a),r2_batch/fpkd_A_cancer_correlated_s84.json
fpkd_A_cancer_correlated,"FedProtoKD, faithful (no aggregation; per-site-routed scores only)",cancer_correlated,85,150,gpu,,,,,,,,,,0.4186,0.883,,,,,,,,,,,,,,,,Supp. Table S5(a),r2_batch/fpkd_A_cancer_correlated_s85.json
fpkd_A_cancer_correlated,"FedProtoKD, faithful (no aggregation; per-site-routed scores only)",cancer_correlated,86,150,gpu,,,,,,,,,,0.3634,0.9696,,,,,,,,,,,,,,,,Supp. Table S5(a),r2_batch/fpkd_A_cancer_correlated_s86.json
fpkd_A_cancer_correlated,"FedProtoKD, faithful (no aggregation; per-site-routed scores only)",cancer_correlated,87,150,gpu,,,,,,,,,,0.3736,0.8917,,,,,,,,,,,,,,,,Supp. Table S5(a),r2_batch/fpkd_A_cancer_correlated_s87.json
fpkd_A_cancer_correlated,"FedProtoKD, faithful (no aggregation; per-site-routed scores only)",cancer_correlated,88,150,gpu,,,,,,,,,,0.3487,0.9584,,,,,,,,,,,,,,,,Supp. Table S5(a),r2_batch/fpkd_A_cancer_correlated_s88.json
fpkd_A_cancer_correlated,"FedProtoKD, faithful (no aggregation; per-site-routed scores only)",cancer_correlated,89,150,gpu,,,,,,,,,,0.5187,0.9349,,,,,,,,,,,,,,,,Supp. Table S5(a),r2_batch/fpkd_A_cancer_correlated_s89.json
fpkd_A_cancer_correlated,"FedProtoKD, faithful (no aggregation; per-site-routed scores only)",cancer_correlated,90,150,gpu,,,,,,,,,,0.3512,0.9327,,,,,,,,,,,,,,,,Supp. Table S5(a),r2_batch/fpkd_A_cancer_correlated_s90.json
fpkd_A_cancer_correlated,"FedProtoKD, faithful (no aggregation; per-site-routed scores only)",cancer_correlated,91,150,gpu,,,,,,,,,,0.4217,0.954,,,,,,,,,,,,,,,,Supp. Table S5(a),r2_batch/fpkd_A_cancer_correlated_s91.json
fpkd_A_adversarial,"FedProtoKD, faithful (no aggregation; per-site-routed scores only)",adversarial,62,150,gpu,,,,,,,,,,0.4082,0.9327,,,,,,,,,,,,,,,,Supp. Table S5(a),r2_batch/fpkd_A_adversarial_s62.json
fpkd_A_adversarial,"FedProtoKD, faithful (no aggregation; per-site-routed scores only)",adversarial,63,150,gpu,,,,,,,,,,0.4386,0.9276,,,,,,,,,,,,,,,,Supp. Table S5(a),r2_batch/fpkd_A_adversarial_s63.json
fpkd_A_adversarial,"FedProtoKD, faithful (no aggregation; per-site-routed scores only)",adversarial,64,150,gpu,,,,,,,,,,0.4597,0.9546,,,,,,,,,,,,,,,,Supp. Table S5(a),r2_batch/fpkd_A_adversarial_s64.json
fpkd_A_adversarial,"FedProtoKD, faithful (no aggregation; per-site-routed scores only)",adversarial,65,150,gpu,,,,,,,,,,0.5054,0.946,,,,,,,,,,,,,,,,Supp. Table S5(a),r2_batch/fpkd_A_adversarial_s65.json
fpkd_A_adversarial,"FedProtoKD, faithful (no aggregation; per-site-routed scores only)",adversarial,66,150,gpu,,,,,,,,,,0.5451,0.9518,,,,,,,,,,,,,,,,Supp. Table S5(a),r2_batch/fpkd_A_adversarial_s66.json
fpkd_A_adversarial,"FedProtoKD, faithful (no aggregation; per-site-routed scores only)",adversarial,67,150,gpu,,,,,,,,,,0.4451,0.9173,,,,,,,,,,,,,,,,Supp. Table S5(a),r2_batch/fpkd_A_adversarial_s67.json
fpkd_A_adversarial,"FedProtoKD, faithful (no aggregation; per-site-routed scores only)",adversarial,68,150,gpu,,,,,,,,,,0.6041,0.9187,,,,,,,,,,,,,,,,Supp. Table S5(a),r2_batch/fpkd_A_adversarial_s68.json
fpkd_A_adversarial,"FedProtoKD, faithful (no aggregation; per-site-routed scores only)",adversarial,69,150,gpu,,,,,,,,,,0.4304,0.9085,,,,,,,,,,,,,,,,Supp. Table S5(a),r2_batch/fpkd_A_adversarial_s69.json
fpkd_A_adversarial,"FedProtoKD, faithful (no aggregation; per-site-routed scores only)",adversarial,70,150,gpu,,,,,,,,,,0.4119,0.918,,,,,,,,,,,,,,,,Supp. Table S5(a),r2_batch/fpkd_A_adversarial_s70.json
fpkd_A_adversarial,"FedProtoKD, faithful (no aggregation; per-site-routed scores only)",adversarial,71,150,gpu,,,,,,,,,,0.395,0.9002,,,,,,,,,,,,,,,,Supp. Table S5(a),r2_batch/fpkd_A_adversarial_s71.json
fpkd_A_adversarial,"FedProtoKD, faithful (no aggregation; per-site-routed scores only)",adversarial,72,150,gpu,,,,,,,,,,0.3586,0.9315,,,,,,,,,,,,,,,,Supp. Table S5(a),r2_batch/fpkd_A_adversarial_s72.json
fpkd_A_adversarial,"FedProtoKD, faithful (no aggregation; per-site-routed scores only)",adversarial,73,150,gpu,,,,,,,,,,0.4446,0.9237,,,,,,,,,,,,,,,,Supp. Table S5(a),r2_batch/fpkd_A_adversarial_s73.json
fpkd_A_adversarial,"FedProtoKD, faithful (no aggregation; per-site-routed scores only)",adversarial,74,150,gpu,,,,,,,,,,0.3906,0.9056,,,,,,,,,,,,,,,,Supp. Table S5(a),r2_batch/fpkd_A_adversarial_s74.json
fpkd_A_adversarial,"FedProtoKD, faithful (no aggregation; per-site-routed scores only)",adversarial,75,150,gpu,,,,,,,,,,0.4814,0.9658,,,,,,,,,,,,,,,,Supp. Table S5(a),r2_batch/fpkd_A_adversarial_s75.json
fpkd_A_adversarial,"FedProtoKD, faithful (no aggregation; per-site-routed scores only)",adversarial,76,150,gpu,,,,,,,,,,0.5587,0.8999,,,,,,,,,,,,,,,,Supp. Table S5(a),r2_batch/fpkd_A_adversarial_s76.json
fpkd_A_adversarial,"FedProtoKD, faithful (no aggregation; per-site-routed scores only)",adversarial,77,150,gpu,,,,,,,,,,0.4865,0.9014,,,,,,,,,,,,,,,,Supp. Table S5(a),r2_batch/fpkd_A_adversarial_s77.json
fpkd_A_adversarial,"FedProtoKD, faithful (no aggregation; per-site-routed scores only)",adversarial,78,150,gpu,,,,,,,,,,0.3465,0.9373,,,,,,,,,,,,,,,,Supp. Table S5(a),r2_batch/fpkd_A_adversarial_s78.json
fpkd_A_adversarial,"FedProtoKD, faithful (no aggregation; per-site-routed scores only)",adversarial,79,150,gpu,,,,,,,,,,0.4895,0.9043,,,,,,,,,,,,,,,,Supp. Table S5(a),r2_batch/fpkd_A_adversarial_s79.json
fpkd_A_adversarial,"FedProtoKD, faithful (no aggregation; per-site-routed scores only)",adversarial,80,150,gpu,,,,,,,,,,0.321,0.9091,,,,,,,,,,,,,,,,Supp. Table S5(a),r2_batch/fpkd_A_adversarial_s80.json
fpkd_A_adversarial,"FedProtoKD, faithful (no aggregation; per-site-routed scores only)",adversarial,81,150,gpu,,,,,,,,,,0.5117,0.8945,,,,,,,,,,,,,,,,Supp. Table S5(a),r2_batch/fpkd_A_adversarial_s81.json
fpkd_A_adversarial,"FedProtoKD, faithful (no aggregation; per-site-routed scores only)",adversarial,82,150,gpu,,,,,,,,,,0.4048,0.9026,,,,,,,,,,,,,,,,Supp. Table S5(a),r2_batch/fpkd_A_adversarial_s82.json
fpkd_A_adversarial,"FedProtoKD, faithful (no aggregation; per-site-routed scores only)",adversarial,83,150,gpu,,,,,,,,,,0.3799,0.9222,,,,,,,,,,,,,,,,Supp. Table S5(a),r2_batch/fpkd_A_adversarial_s83.json
fpkd_A_adversarial,"FedProtoKD, faithful (no aggregation; per-site-routed scores only)",adversarial,84,150,gpu,,,,,,,,,,0.4867,0.9212,,,,,,,,,,,,,,,,Supp. Table S5(a),r2_batch/fpkd_A_adversarial_s84.json
fpkd_A_adversarial,"FedProtoKD, faithful (no aggregation; per-site-routed scores only)",adversarial,85,150,gpu,,,,,,,,,,0.5695,0.8957,,,,,,,,,,,,,,,,Supp. Table S5(a),r2_batch/fpkd_A_adversarial_s85.json
fpkd_A_adversarial,"FedProtoKD, faithful (no aggregation; per-site-routed scores only)",adversarial,86,150,gpu,,,,,,,,,,0.3811,0.9478,,,,,,,,,,,,,,,,Supp. Table S5(a),r2_batch/fpkd_A_adversarial_s86.json
fpkd_A_adversarial,"FedProtoKD, faithful (no aggregation; per-site-routed scores only)",adversarial,87,150,gpu,,,,,,,,,,0.4291,0.9278,,,,,,,,,,,,,,,,Supp. Table S5(a),r2_batch/fpkd_A_adversarial_s87.json
fpkd_A_adversarial,"FedProtoKD, faithful (no aggregation; per-site-routed scores only)",adversarial,88,150,gpu,,,,,,,,,,0.4234,0.9643,,,,,,,,,,,,,,,,Supp. Table S5(a),r2_batch/fpkd_A_adversarial_s88.json
fpkd_A_adversarial,"FedProtoKD, faithful (no aggregation; per-site-routed scores only)",adversarial,89,150,gpu,,,,,,,,,,0.479,0.9241,,,,,,,,,,,,,,,,Supp. Table S5(a),r2_batch/fpkd_A_adversarial_s89.json
fpkd_A_adversarial,"FedProtoKD, faithful (no aggregation; per-site-routed scores only)",adversarial,90,150,gpu,,,,,,,,,,0.4215,0.9398,,,,,,,,,,,,,,,,Supp. Table S5(a),r2_batch/fpkd_A_adversarial_s90.json
fpkd_A_adversarial,"FedProtoKD, faithful (no aggregation; per-site-routed scores only)",adversarial,91,150,gpu,,,,,,,,,,0.4349,0.8979,,,,,,,,,,,,,,,,Supp. Table S5(a),r2_batch/fpkd_A_adversarial_s91.json
fedgh_tied_stratified,"FedGH, tied (per-model projector averaging, server-trained head)",stratified,62,150,gpu,8,,0.7354948161687448,0.7687207152689912,,,,,,,,,,,,,,1.0,0.8342245989304813,0.5153846153846153,1.0,0.9626168224299065,0.8865979381443299,0.7090909090909091,0.40384615384615385,0.3076923076923077,"Tables 5, 7, 8, 9, Figs. 3, 4",r2_batch/fedgh_tied_stratified_s62.json
fedgh_tied_stratified,"FedGH, tied (per-model projector averaging, server-trained head)",stratified,63,150,gpu,8,,0.7188582408241372,0.7456568111391874,,,,,,,,,,,,,,0.9939577039274925,0.8938547486033519,0.27419354838709675,1.0,0.981651376146789,0.9183673469387755,0.5454545454545454,0.6122448979591837,0.25,"Tables 5, 7, 8, 9, Figs. 3, 4",r2_batch/fedgh_tied_stratified_s63.json
fedgh_tied_stratified,"FedGH, tied (per-model projector averaging, server-trained head)",stratified,64,150,gpu,8,,0.7552039371030239,0.7820603211504782,,,,,,,,,,,,,,0.9845201238390093,0.8670212765957447,0.5419847328244275,0.9951219512195122,0.9797979797979798,0.8315789473684211,0.6785714285714286,0.5849056603773585,0.3333333333333333,"Tables 5, 7, 8, 9, Figs. 3, 4",r2_batch/fedgh_tied_stratified_s64.json
fedgh_tied_stratified,"FedGH, tied (per-model projector averaging, server-trained head)",stratified,65,150,gpu,8,,0.7487989383595299,0.7794614335482044,,,,,,,,,,,,,,0.990506329113924,0.8846153846153846,0.40601503759398494,1.0,0.9339622641509434,0.9175257731958762,0.7454545454545455,0.4166666666666667,0.4444444444444444,"Tables 5, 7, 8, 9, Figs. 3, 4",r2_batch/fedgh_tied_stratified_s65.json
fedgh_tied_stratified,"FedGH, tied (per-model projector averaging, server-trained head)",stratified,66,150,gpu,8,,0.8044169564618744,0.8246585107144367,,,,,,,,,,,,,,0.9884726224783862,0.6473684210526316,0.5808823529411765,1.0,0.9904761904761905,0.8979591836734694,0.8214285714285714,0.6274509803921569,0.6857142857142857,"Tables 5, 7, 8, 9, Figs. 3, 4",r2_batch/fedgh_tied_stratified_s66.json
fedgh_tied_stratified,"FedGH, tied (per-model projector averaging, server-trained head)",stratified,67,150,gpu,8,,0.7093503666580493,0.7101089192866277,,,,,,,,,,,,,,0.9970326409495549,0.8913043478260869,0.07462686567164178,1.0,0.9797979797979798,0.8877551020408163,0.7636363636363637,0.44,0.35,"Tables 5, 7, 8, 9, Figs. 3, 4",r2_batch/fedgh_tied_stratified_s67.json
fedgh_tied_stratified,"FedGH, tied (per-model projector averaging, server-trained head)",stratified,68,150,gpu,8,,0.6854720219649807,0.6851445747264714,,,,,,,,,,,,,,0.9880597014925373,0.8415300546448088,0.0,1.0,0.9739130434782609,0.8514851485148515,0.8181818181818182,0.3137254901960784,0.38235294117647056,"Tables 5, 7, 8, 9, Figs. 3, 4",r2_batch/fedgh_tied_stratified_s68.json
fedgh_tied_stratified,"FedGH, tied (per-model projector averaging, server-trained head)",stratified,69,150,gpu,8,,0.7368059067290299,0.7602276756956765,,,,,,,,,,,,,,0.9719101123595506,0.9047619047619048,0.2014388489208633,0.9947643979057592,1.0,0.8181818181818182,0.75,0.43137254901960786,0.5588235294117647,"Tables 5, 7, 8, 9, Figs. 3, 4",r2_batch/fedgh_tied_stratified_s69.json
fedgh_tied_stratified,"FedGH, tied (per-model projector averaging, server-trained head)",stratified,70,150,gpu,8,,0.7215599623008961,0.7438696192021548,,,,,,,,,,,,,,0.9879154078549849,0.8031914893617021,0.5196850393700787,0.9947368421052631,0.99,0.8762886597938144,0.6,0.6666666666666666,0.05555555555555555,"Tables 5, 7, 8, 9, Figs. 3, 4",r2_batch/fedgh_tied_stratified_s70.json
fedgh_tied_stratified,"FedGH, tied (per-model projector averaging, server-trained head)",stratified,71,150,gpu,8,,0.7132542917994225,0.738741217929334,,,,,,,,,,,,,,0.9938271604938271,0.8288770053475936,0.33858267716535434,1.0,0.9902912621359223,0.7920792079207921,0.6909090909090909,0.4791666666666667,0.3055555555555556,"Tables 5, 7, 8, 9, Figs. 3, 4",r2_batch/fedgh_tied_stratified_s71.json
fedgh_tied_stratified,"FedGH, tied (per-model projector averaging, server-trained head)",stratified,72,150,gpu,8,,0.7357121303696439,0.7558440595526318,,,,,,,,,,,,,,0.941358024691358,0.7570621468926554,0.6640625,1.0,0.9652173913043478,0.9263157894736842,0.7454545454545455,0.3469387755102041,0.275,"Tables 5, 7, 8, 9, Figs. 3, 4",r2_batch/fedgh_tied_stratified_s72.json
fedgh_tied_stratified,"FedGH, tied (per-model projector averaging, server-trained head)",stratified,73,150,gpu,8,,0.6899120673494157,0.7053544770209965,,,,,,,,,,,,,,0.9852507374631269,0.8103448275862069,0.17293233082706766,1.0,0.9829059829059829,0.8969072164948454,0.6909090909090909,0.4807692307692308,0.1891891891891892,"Tables 5, 7, 8, 9, Figs. 3, 4",r2_batch/fedgh_tied_stratified_s73.json
fedgh_tied_stratified,"FedGH, tied (per-model projector averaging, server-trained head)",stratified,74,150,gpu,8,,0.7230286282702063,0.7444816892650148,,,,,,,,,,,,,,0.9969604863221885,0.9047619047619048,0.1171875,1.0,0.990909090909091,0.9191919191919192,0.5818181818181818,0.5714285714285714,0.425,"Tables 5, 7, 8, 9, Figs. 3, 4",r2_batch/fedgh_tied_stratified_s74.json
fedgh_tied_stratified,"FedGH, tied (per-model projector averaging, server-trained head)",stratified,75,150,gpu,8,,0.7333540527252308,0.7559120259258153,,,,,,,,,,,,,,0.963076923076923,0.825136612021858,0.3046875,1.0,0.9537037037037037,0.898989898989899,0.6607142857142857,0.6938775510204082,0.3,"Tables 5, 7, 8, 9, Figs. 3, 4",r2_batch/fedgh_tied_stratified_s75.json
fedgh_tied_stratified,"FedGH, tied (per-model projector averaging, server-trained head)",stratified,76,150,gpu,8,,0.7334596124774697,0.7532687224906849,,,,,,,,,,,,,,1.0,0.8626373626373627,0.453125,1.0,0.9619047619047619,0.9081632653061225,0.8571428571428571,0.40816326530612246,0.15,"Tables 5, 7, 8, 9, Figs. 3, 4",r2_batch/fedgh_tied_stratified_s76.json
fedgh_tied_stratified,"FedGH, tied (per-model projector averaging, server-trained head)",stratified,77,150,gpu,8,,0.7552362993429694,0.7719064166181473,,,,,,,,,,,,,,0.9723926380368099,0.798941798941799,0.5040650406504065,1.0,0.9468085106382979,0.8041237113402062,0.7272727272727273,0.5961538461538461,0.4473684210526316,"Tables 5, 7, 8, 9, Figs. 3, 4",r2_batch/fedgh_tied_stratified_s77.json
fedgh_tied_stratified,"FedGH, tied (per-model projector averaging, server-trained head)",stratified,78,150,gpu,8,,0.7088226572152823,0.7401295942765147,,,,,,,,,,,,,,0.9940652818991098,0.8167539267015707,0.37037037037037035,1.0,0.8490566037735849,0.979381443298969,0.6607142857142857,0.4117647058823529,0.2972972972972973,"Tables 5, 7, 8, 9, Figs. 3, 4",r2_batch/fedgh_tied_stratified_s78.json
fedgh_tied_stratified,"FedGH, tied (per-model projector averaging, server-trained head)",stratified,79,150,gpu,8,,0.763208811109968,0.7928946419103949,,,,,,,,,,,,,,0.9454545454545454,0.7580645161290323,0.5692307692307692,1.0,0.9807692307692307,0.8865979381443299,0.7272727272727273,0.39622641509433965,0.6052631578947368,"Tables 5, 7, 8, 9, Figs. 3, 4",r2_batch/fedgh_tied_stratified_s79.json
fedgh_tied_stratified,"FedGH, tied (per-model projector averaging, server-trained head)",stratified,80,150,gpu,8,,0.7740513421535884,0.7957632232612506,,,,,,,,,,,,,,0.9913544668587896,0.8674033149171271,0.2248062015503876,1.0,0.9904761904761905,0.9292929292929293,0.8214285714285714,0.6153846153846154,0.5263157894736842,"Tables 5, 7, 8, 9, Figs. 3, 4",r2_batch/fedgh_tied_stratified_s80.json
fedgh_tied_stratified,"FedGH, tied (per-model projector averaging, server-trained head)",stratified,81,150,gpu,8,,0.7781625774021461,0.807303203272309,,,,,,,,,,,,,,0.9794117647058823,0.7127659574468085,0.5757575757575758,1.0,1.0,0.9381443298969072,0.8,0.5102040816326531,0.48717948717948717,"Tables 5, 7, 8, 9, Figs. 3, 4",r2_batch/fedgh_tied_stratified_s81.json
fedgh_tied_stratified,"FedGH, tied (per-model projector averaging, server-trained head)",stratified,82,150,gpu,8,,0.7270274727602036,0.7593893773111415,,,,,,,,,,,,,,1.0,0.8579234972677595,0.3712121212121212,1.0,0.9469026548672567,0.9,0.6545454545454545,0.5306122448979592,0.28205128205128205,"Tables 5, 7, 8, 9, Figs. 3, 4",r2_batch/fedgh_tied_stratified_s82.json
fedgh_tied_stratified,"FedGH, tied (per-model projector averaging, server-trained head)",stratified,83,150,gpu,8,,0.7522759012623761,0.7837502188812812,,,,,,,,,,,,,,0.9970149253731343,0.8776595744680851,0.3484848484848485,1.0,0.9622641509433962,0.8910891089108911,0.7678571428571429,0.5576923076923077,0.3684210526315789,"Tables 5, 7, 8, 9, Figs. 3, 4",r2_batch/fedgh_tied_stratified_s83.json
fedgh_tied_stratified,"FedGH, tied (per-model projector averaging, server-trained head)",stratified,84,150,gpu,8,,0.7266953361133232,0.7579297369317193,,,,,,,,,,,,,,0.9969418960244648,0.8222222222222222,0.29457364341085274,1.0,0.9736842105263158,0.8686868686868687,0.7636363636363637,0.38461538461538464,0.4358974358974359,"Tables 5, 7, 8, 9, Figs. 3, 4",r2_batch/fedgh_tied_stratified_s84.json
fedgh_tied_stratified,"FedGH, tied (per-model projector averaging, server-trained head)",stratified,85,150,gpu,8,,0.7391119705471935,0.7677359880130153,,,,,,,,,,,,,,1.0,0.8085106382978723,0.6564885496183206,1.0,0.9904761904761905,0.84,0.6428571428571429,0.5192307692307693,0.19444444444444445,"Tables 5, 7, 8, 9, Figs. 3, 4",r2_batch/fedgh_tied_stratified_s85.json
fedgh_tied_stratified,"FedGH, tied (per-model projector averaging, server-trained head)",stratified,86,150,gpu,8,,0.7848193991720216,0.8115777235905703,,,,,,,,,,,,,,0.9132947976878613,0.8835978835978836,0.45255474452554745,1.0,0.9646017699115044,0.89,0.7857142857142857,0.6458333333333334,0.5277777777777778,"Tables 5, 7, 8, 9, Figs. 3, 4",r2_batch/fedgh_tied_stratified_s86.json
fedgh_tied_stratified,"FedGH, tied (per-model projector averaging, server-trained head)",stratified,87,150,gpu,8,,0.6912222121109841,0.7130918016013641,,,,,,,,,,,,,,0.9882005899705014,0.8258426966292135,0.2698412698412698,1.0,0.9719626168224299,0.8958333333333334,0.6909090909090909,0.1836734693877551,0.39473684210526316,"Tables 5, 7, 8, 9, Figs. 3, 4",r2_batch/fedgh_tied_stratified_s87.json
fedgh_tied_stratified,"FedGH, tied (per-model projector averaging, server-trained head)",stratified,88,150,gpu,8,,0.6845862957336474,0.6906305970175984,,,,,,,,,,,,,,0.9968152866242038,0.7978142076502732,0.5396825396825397,1.0,0.9823008849557522,0.8541666666666666,0.7543859649122807,0.125,0.1111111111111111,"Tables 5, 7, 8, 9, Figs. 3, 4",r2_batch/fedgh_tied_stratified_s88.json
fedgh_tied_stratified,"FedGH, tied (per-model projector averaging, server-trained head)",stratified,89,150,gpu,8,,0.6998058231764651,0.7088014357885213,,,,,,,,,,,,,,1.0,0.8157894736842105,0.06201550387596899,1.0,1.0,0.8556701030927835,0.7368421052631579,0.5384615384615384,0.2894736842105263,"Tables 5, 7, 8, 9, Figs. 3, 4",r2_batch/fedgh_tied_stratified_s89.json
fedgh_tied_stratified,"FedGH, tied (per-model projector averaging, server-trained head)",stratified,90,150,gpu,8,,0.734890098779161,0.7483323982053061,,,,,,,,,,,,,,0.9664634146341463,0.847457627118644,0.24603174603174602,1.0,0.9905660377358491,0.9285714285714286,0.8571428571428571,0.5833333333333334,0.19444444444444445,"Tables 5, 7, 8, 9, Figs. 3, 4",r2_batch/fedgh_tied_stratified_s90.json
fedgh_tied_stratified,"FedGH, tied (per-model projector averaging, server-trained head)",stratified,91,150,gpu,8,,0.73123548477798,0.7545374067069486,,,,,,,,,,,,,,1.0,0.7405405405405405,0.49624060150375937,0.9943820224719101,0.9351851851851852,0.9583333333333334,0.8727272727272727,0.23076923076923078,0.35294117647058826,"Tables 5, 7, 8, 9, Figs. 3, 4",r2_batch/fedgh_tied_stratified_s91.json
fedgh_tied_balanced,"FedGH, tied (per-model projector averaging, server-trained head)",balanced,62,150,gpu,8,,0.7487132946398816,0.7739549371180344,,,,,,,,,,,,,,0.9376854599406528,0.8074866310160428,0.3076923076923077,1.0,0.9439252336448598,0.9587628865979382,0.7636363636363637,0.5576923076923077,0.46153846153846156,"Tables 5, 7, 8, 9, Figs. 3, 4",r2_batch/fedgh_tied_balanced_s62.json
fedgh_tied_balanced,"FedGH, tied (per-model projector averaging, server-trained head)",balanced,63,150,gpu,8,,0.7790750744544886,0.8033039078506895,,,,,,,,,,,,,,0.9969788519637462,0.547486033519553,0.6209677419354839,1.0,1.0,0.8775510204081632,0.8181818181818182,0.7755102040816326,0.375,"Tables 5, 7, 8, 9, Figs. 3, 4",r2_batch/fedgh_tied_balanced_s63.json
fedgh_tied_balanced,"FedGH, tied (per-model projector averaging, server-trained head)",balanced,64,150,gpu,8,,0.7146521373012897,0.7373747328714944,,,,,,,,,,,,,,0.8885448916408669,0.7180851063829787,0.6641221374045801,0.9951219512195122,0.9797979797979798,0.8736842105263158,0.6071428571428571,0.32075471698113206,0.38461538461538464,"Tables 5, 7, 8, 9, Figs. 3, 4",r2_batch/fedgh_tied_balanced_s64.json
fedgh_tied_balanced,"FedGH, tied (per-model projector averaging, server-trained head)",balanced,65,150,gpu,8,,0.7878170684332377,0.8037684616064985,,,,,,,,,,,,,,0.759493670886076,0.8021978021978022,0.7744360902255639,1.0,0.9245283018867925,0.8762886597938144,0.8909090909090909,0.5625,0.5,"Tables 5, 7, 8, 9, Figs. 3, 4",r2_batch/fedgh_tied_balanced_s65.json
fedgh_tied_balanced,"FedGH, tied (per-model projector averaging, server-trained head)",balanced,66,150,gpu,8,,0.7639210238589259,0.7923299040922621,,,,,,,,,,,,,,0.9567723342939481,0.7473684210526316,0.6691176470588235,1.0,0.9047619047619048,0.7857142857142857,0.7678571428571429,0.5294117647058824,0.5142857142857142,"Tables 5, 7, 8, 9, Figs. 3, 4",r2_batch/fedgh_tied_balanced_s66.json
fedgh_tied_balanced,"FedGH, tied (per-model projector averaging, server-trained head)",balanced,67,150,gpu,8,,0.7171248578989606,0.7238168501628723,,,,,,,,,,,,,,0.9940652818991098,0.7717391304347826,0.3880597014925373,0.9946236559139785,0.9494949494949495,0.8979591836734694,0.8181818181818182,0.54,0.1,"Tables 5, 7, 8, 9, Figs. 3, 4",r2_batch/fedgh_tied_balanced_s67.json
fedgh_tied_balanced,"FedGH, tied (per-model projector averaging, server-trained head)",balanced,68,150,gpu,8,,0.7285968116007967,0.7422022776840987,,,,,,,,,,,,,,0.9253731343283582,0.912568306010929,0.14285714285714285,1.0,0.9739130434782609,0.8712871287128713,0.8,0.49019607843137253,0.4411764705882353,"Tables 5, 7, 8, 9, Figs. 3, 4",r2_batch/fedgh_tied_balanced_s68.json
fedgh_tied_balanced,"FedGH, tied (per-model projector averaging, server-trained head)",balanced,69,150,gpu,8,,0.7330247060403188,0.7412527744205404,,,,,,,,,,,,,,1.0,0.7354497354497355,0.5035971223021583,0.9947643979057592,0.9903846153846154,0.9090909090909091,0.7678571428571429,0.6666666666666666,0.029411764705882353,"Tables 5, 7, 8, 9, Figs. 3, 4",r2_batch/fedgh_tied_balanced_s69.json
fedgh_tied_balanced,"FedGH, tied (per-model projector averaging, server-trained head)",balanced,70,150,gpu,8,,0.77070750431849,0.787677375332732,,,,,,,,,,,,,,0.9577039274924471,0.9521276595744681,0.2204724409448819,0.9947368421052631,0.99,0.8556701030927835,0.8545454545454545,0.5,0.6111111111111112,"Tables 5, 7, 8, 9, Figs. 3, 4",r2_batch/fedgh_tied_balanced_s70.json
fedgh_tied_balanced,"FedGH, tied (per-model projector averaging, server-trained head)",balanced,71,150,gpu,8,,0.7612108336323923,0.7793749309817404,,,,,,,,,,,,,,0.9938271604938271,0.8502673796791443,0.5275590551181102,1.0,0.9902912621359223,0.9405940594059405,0.7636363636363637,0.6458333333333334,0.1388888888888889,"Tables 5, 7, 8, 9, Figs. 3, 4",r2_batch/fedgh_tied_balanced_s71.json
fedgh_tied_balanced,"FedGH, tied (per-model projector averaging, server-trained head)",balanced,72,150,gpu,8,,0.7256730660655364,0.7319990521193807,,,,,,,,,,,,,,1.0,0.8022598870056498,0.5390625,1.0,0.9130434782608695,0.9052631578947369,0.8,0.5714285714285714,0.0,"Tables 5, 7, 8, 9, Figs. 3, 4",r2_batch/fedgh_tied_balanced_s72.json
fedgh_tied_balanced,"FedGH, tied (per-model projector averaging, server-trained head)",balanced,73,150,gpu,8,,0.6024597043249065,0.5514994016258818,,,,,,,,,,,,,,0.9911504424778761,0.8390804597701149,0.12781954887218044,0.994413407821229,0.5555555555555556,0.5773195876288659,0.0,0.7692307692307693,0.5675675675675675,"Tables 5, 7, 8, 9, Figs. 3, 4",r2_batch/fedgh_tied_balanced_s73.json
fedgh_tied_balanced,"FedGH, tied (per-model projector averaging, server-trained head)",balanced,74,150,gpu,8,,0.6991568013646704,0.7234042511620624,,,,,,,,,,,,,,0.9908814589665653,0.8465608465608465,0.4375,0.9576719576719577,0.9181818181818182,0.8080808080808081,0.7636363636363637,0.24489795918367346,0.325,"Tables 5, 7, 8, 9, Figs. 3, 4",r2_batch/fedgh_tied_balanced_s74.json
fedgh_tied_balanced,"FedGH, tied (per-model projector averaging, server-trained head)",balanced,75,150,gpu,8,,0.6975308463467942,0.702694670275375,,,,,,,,,,,,,,0.9938461538461538,0.9180327868852459,0.2109375,1.0,0.9814814814814815,0.898989898989899,0.7142857142857143,0.5102040816326531,0.05,"Tables 5, 7, 8, 9, Figs. 3, 4",r2_batch/fedgh_tied_balanced_s75.json
fedgh_tied_balanced,"FedGH, tied (per-model projector averaging, server-trained head)",balanced,76,150,gpu,8,,0.7829430490144775,0.8072526385516565,,,,,,,,,,,,,,1.0,0.8186813186813187,0.6875,1.0,0.9714285714285714,0.9081632653061225,0.8571428571428571,0.42857142857142855,0.375,"Tables 5, 7, 8, 9, Figs. 3, 4",r2_batch/fedgh_tied_balanced_s76.json
fedgh_tied_balanced,"FedGH, tied (per-model projector averaging, server-trained head)",balanced,77,150,gpu,8,,0.6565881425953157,0.6503199045912517,,,,,,,,,,,,,,0.99079754601227,0.873015873015873,0.08943089430894309,1.0,1.0,0.8350515463917526,0.7272727272727273,0.28846153846153844,0.10526315789473684,"Tables 5, 7, 8, 9, Figs. 3, 4",r2_batch/fedgh_tied_balanced_s77.json
fedgh_tied_balanced,"FedGH, tied (per-model projector averaging, server-trained head)",balanced,78,150,gpu,8,,0.7548028281493164,0.7726304405251198,,,,,,,,,,,,,,0.9792284866468842,0.93717277486911,0.3333333333333333,1.0,0.9811320754716981,0.8865979381443299,0.6964285714285714,0.4117647058823529,0.5675675675675675,"Tables 5, 7, 8, 9, Figs. 3, 4",r2_batch/fedgh_tied_balanced_s78.json
fedgh_tied_balanced,"FedGH, tied (per-model projector averaging, server-trained head)",balanced,79,150,gpu,8,,0.7885128641284255,0.8027726770674782,,,,,,,,,,,,,,0.8090909090909091,0.7849462365591398,0.8153846153846154,1.0,0.9903846153846154,0.8556701030927835,0.8545454545454545,0.4339622641509434,0.5526315789473685,"Tables 5, 7, 8, 9, Figs. 3, 4",r2_batch/fedgh_tied_balanced_s79.json
fedgh_tied_balanced,"FedGH, tied (per-model projector averaging, server-trained head)",balanced,80,150,gpu,8,,0.7115883100973828,0.7193463764941113,,,,,,,,,,,,,,0.9942363112391931,0.9116022099447514,0.2868217054263566,1.0,0.9619047619047619,0.9191919191919192,0.8214285714285714,0.40384615384615385,0.10526315789473684,"Tables 5, 7, 8, 9, Figs. 3, 4",r2_batch/fedgh_tied_balanced_s80.json
fedgh_tied_balanced,"FedGH, tied (per-model projector averaging, server-trained head)",balanced,81,150,gpu,8,,0.806403895125435,0.8239555631723889,,,,,,,,,,,,,,0.9970588235294118,0.8404255319148937,0.6212121212121212,1.0,0.9902912621359223,0.8865979381443299,0.8545454545454545,0.8367346938775511,0.23076923076923078,"Tables 5, 7, 8, 9, Figs. 3, 4",r2_batch/fedgh_tied_balanced_s81.json
fedgh_tied_balanced,"FedGH, tied (per-model projector averaging, server-trained head)",balanced,82,150,gpu,8,,0.7746614094606882,0.7971150101656814,,,,,,,,,,,,,,1.0,0.7595628415300546,0.3333333333333333,1.0,0.9823008849557522,0.9,0.8,0.6326530612244898,0.5641025641025641,"Tables 5, 7, 8, 9, Figs. 3, 4",r2_batch/fedgh_tied_balanced_s82.json
fedgh_tied_balanced,"FedGH, tied (per-model projector averaging, server-trained head)",balanced,83,150,gpu,8,,0.8354867197417738,0.839171339579832,,,,,,,,,,,,,,0.991044776119403,0.9574468085106383,0.3787878787878788,1.0,0.9528301886792453,0.8811881188118812,0.9107142857142857,0.5,0.9473684210526315,"Tables 5, 7, 8, 9, Figs. 3, 4",r2_batch/fedgh_tied_balanced_s83.json
fedgh_tied_balanced,"FedGH, tied (per-model projector averaging, server-trained head)",balanced,84,150,gpu,8,,0.680176293476987,0.6945665589205114,,,,,,,,,,,,,,1.0,0.9388888888888889,0.34108527131782945,1.0,0.9122807017543859,0.8282828282828283,0.5818181818181818,0.21153846153846154,0.3076923076923077,"Tables 5, 7, 8, 9, Figs. 3, 4",r2_batch/fedgh_tied_balanced_s84.json
fedgh_tied_balanced,"FedGH, tied (per-model projector averaging, server-trained head)",balanced,85,150,gpu,8,,0.7967280694537431,0.8197249513435398,,,,,,,,,,,,,,0.9938837920489296,0.8457446808510638,0.31297709923664124,0.9949494949494949,0.9714285714285714,0.94,0.9107142857142857,0.6730769230769231,0.5277777777777778,"Tables 5, 7, 8, 9, Figs. 3, 4",r2_batch/fedgh_tied_balanced_s85.json
fedgh_tied_balanced,"FedGH, tied (per-model projector averaging, server-trained head)",balanced,86,150,gpu,8,,0.7605141480261985,0.7835504955057041,,,,,,,,,,,,,,0.9855491329479769,0.8888888888888888,0.40145985401459855,1.0,0.9823008849557522,0.89,0.8214285714285714,0.5416666666666666,0.3333333333333333,"Tables 5, 7, 8, 9, Figs. 3, 4",r2_batch/fedgh_tied_balanced_s86.json
fedgh_tied_balanced,"FedGH, tied (per-model projector averaging, server-trained head)",balanced,87,150,gpu,8,,0.8138136168099882,0.8295073597054321,,,,,,,,,,,,,,1.0,0.8820224719101124,0.5714285714285714,1.0,0.9065420560747663,0.8645833333333334,0.9090909090909091,0.7959183673469388,0.39473684210526316,"Tables 5, 7, 8, 9, Figs. 3, 4",r2_batch/fedgh_tied_balanced_s87.json
fedgh_tied_balanced,"FedGH, tied (per-model projector averaging, server-trained head)",balanced,88,150,gpu,8,,0.690457633662777,0.7079523873056182,,,,,,,,,,,,,,0.9681528662420382,0.7978142076502732,0.35714285714285715,1.0,1.0,0.875,0.7368421052631579,0.3958333333333333,0.08333333333333333,"Tables 5, 7, 8, 9, Figs. 3, 4",r2_batch/fedgh_tied_balanced_s88.json
fedgh_tied_balanced,"FedGH, tied (per-model projector averaging, server-trained head)",balanced,89,150,gpu,8,,0.7843518852847278,0.8057613746340466,,,,,,,,,,,,,,0.9970149253731343,0.6105263157894737,0.6666666666666666,1.0,0.9906542056074766,0.8762886597938144,0.8947368421052632,0.36538461538461536,0.6578947368421053,"Tables 5, 7, 8, 9, Figs. 3, 4",r2_batch/fedgh_tied_balanced_s89.json
fedgh_tied_balanced,"FedGH, tied (per-model projector averaging, server-trained head)",balanced,90,150,gpu,8,,0.7515246038106449,0.7754125171300265,,,,,,,,,,,,,,0.9786585365853658,0.8305084745762712,0.6587301587301587,0.9946808510638298,0.9811320754716981,0.8061224489795918,0.75,0.5416666666666666,0.2222222222222222,"Tables 5, 7, 8, 9, Figs. 3, 4",r2_batch/fedgh_tied_balanced_s90.json
fedgh_tied_balanced,"FedGH, tied (per-model projector averaging, server-trained head)",balanced,91,150,gpu,8,,0.8028318106900445,0.8251561981470458,,,,,,,,,,,,,,0.9852507374631269,0.8864864864864865,0.3458646616541353,0.9943820224719101,0.9722222222222222,0.8645833333333334,0.8,0.7884615384615384,0.5882352941176471,"Tables 5, 7, 8, 9, Figs. 3, 4",r2_batch/fedgh_tied_balanced_s91.json
fedgh_tied_cancer_correlated,"FedGH, tied (per-model projector averaging, server-trained head)",cancer_correlated,62,150,gpu,8,,0.7191068446878208,0.7419688125717584,,,,,,,,,,,,,,0.8545994065281899,0.839572192513369,0.8153846153846154,0.9850746268656716,0.8785046728971962,0.7938144329896907,0.4909090909090909,0.6346153846153846,0.1794871794871795,"Tables 5, 7, 8, 9, Figs. 3, 4",r2_batch/fedgh_tied_cancer_correlated_s62.json
fedgh_tied_cancer_correlated,"FedGH, tied (per-model projector averaging, server-trained head)",cancer_correlated,63,150,gpu,8,,0.7925622239781707,0.8100303273792397,,,,,,,,,,,,,,0.9365558912386707,0.8379888268156425,0.5887096774193549,1.0,0.9541284403669725,0.8877551020408163,0.7636363636363637,0.7142857142857143,0.45,"Tables 5, 7, 8, 9, Figs. 3, 4",r2_batch/fedgh_tied_cancer_correlated_s63.json
fedgh_tied_cancer_correlated,"FedGH, tied (per-model projector averaging, server-trained head)",cancer_correlated,64,150,gpu,8,,0.7684888531851959,0.789878303492169,,,,,,,,,,,,,,0.9876160990712074,0.8882978723404256,0.7480916030534351,0.9951219512195122,0.9595959595959596,0.8736842105263158,0.7857142857142857,0.39622641509433965,0.28205128205128205,"Tables 5, 7, 8, 9, Figs. 3, 4",r2_batch/fedgh_tied_cancer_correlated_s64.json
fedgh_tied_cancer_correlated,"FedGH, tied (per-model projector averaging, server-trained head)",cancer_correlated,65,150,gpu,8,,0.7686871742562923,0.7820602210937336,,,,,,,,,,,,,,0.9556962025316456,0.9065934065934066,0.6616541353383458,0.9942196531791907,0.9528301886792453,0.9484536082474226,0.8181818181818182,0.2916666666666667,0.3888888888888889,"Tables 5, 7, 8, 9, Figs. 3, 4",r2_batch/fedgh_tied_cancer_correlated_s65.json
fedgh_tied_cancer_correlated,"FedGH, tied (per-model projector averaging, server-trained head)",cancer_correlated,66,150,gpu,8,,0.8247014748734487,0.8391780298414152,,,,,,,,,,,,,,0.9106628242074928,0.9789473684210527,0.4117647058823529,1.0,0.9809523809523809,0.7857142857142857,0.9464285714285714,0.6078431372549019,0.8,"Tables 5, 7, 8, 9, Figs. 3, 4",r2_batch/fedgh_tied_cancer_correlated_s66.json
fedgh_tied_cancer_correlated,"FedGH, tied (per-model projector averaging, server-trained head)",cancer_correlated,67,150,gpu,8,,0.7940600003250062,0.8068303320345666,,,,,,,,,,,,,,0.744807121661721,0.9402173913043478,0.8582089552238806,1.0,0.9595959595959596,0.8673469387755102,0.6363636363636364,0.64,0.5,"Tables 5, 7, 8, 9, Figs. 3, 4",r2_batch/fedgh_tied_cancer_correlated_s67.json
fedgh_tied_cancer_correlated,"FedGH, tied (per-model projector averaging, server-trained head)",cancer_correlated,68,150,gpu,8,,0.7804597825239047,0.7857920370372761,,,,,,,,,,,,,,0.9283582089552239,0.8087431693989071,0.7368421052631579,1.0,0.9478260869565217,0.8415841584158416,0.8,0.8431372549019608,0.11764705882352941,"Tables 5, 7, 8, 9, Figs. 3, 4",r2_batch/fedgh_tied_cancer_correlated_s68.json
fedgh_tied_cancer_correlated,"FedGH, tied (per-model projector averaging, server-trained head)",cancer_correlated,69,150,gpu,8,,0.8053075714740568,0.8344977024813985,,,,,,,,,,,,,,0.9915730337078652,0.8518518518518519,0.8057553956834532,0.9947643979057592,0.9230769230769231,0.9191919191919192,0.7321428571428571,0.5882352941176471,0.4411764705882353,"Tables 5, 7, 8, 9, Figs. 3, 4",r2_batch/fedgh_tied_cancer_correlated_s69.json
fedgh_tied_cancer_correlated,"FedGH, tied (per-model projector averaging, server-trained head)",cancer_correlated,70,150,gpu,8,,0.8013068111595598,0.8029197381540882,,,,,,,,,,,,,,0.9335347432024169,0.8085106382978723,0.889763779527559,0.9947368421052631,0.92,0.8969072164948454,0.6363636363636364,0.9375,0.19444444444444445,"Tables 5, 7, 8, 9, Figs. 3, 4",r2_batch/fedgh_tied_cancer_correlated_s70.json
fedgh_tied_cancer_correlated,"FedGH, tied (per-model projector averaging, server-trained head)",cancer_correlated,71,150,gpu,8,,0.8127957906732708,0.8278318384531574,,,,,,,,,,,,,,0.8395061728395061,0.8235294117647058,0.8346456692913385,1.0,0.9223300970873787,0.8712871287128713,0.8363636363636363,0.5208333333333334,0.6666666666666666,"Tables 5, 7, 8, 9, Figs. 3, 4",r2_batch/fedgh_tied_cancer_correlated_s71.json
fedgh_tied_cancer_correlated,"FedGH, tied (per-model projector averaging, server-trained head)",cancer_correlated,72,150,gpu,8,,0.7797790423862725,0.7945397907477836,,,,,,,,,,,,,,0.8580246913580247,0.9548022598870056,0.59375,1.0,1.0,0.8947368421052632,0.7636363636363637,0.6530612244897959,0.3,"Tables 5, 7, 8, 9, Figs. 3, 4",r2_batch/fedgh_tied_cancer_correlated_s72.json
fedgh_tied_cancer_correlated,"FedGH, tied (per-model projector averaging, server-trained head)",cancer_correlated,73,150,gpu,8,,0.8032382709386968,0.8252731511237652,,,,,,,,,,,,,,0.8731563421828908,0.8390804597701149,1.0,1.0,0.9316239316239316,0.8969072164948454,0.5636363636363636,0.6923076923076923,0.43243243243243246,"Tables 5, 7, 8, 9, Figs. 3, 4",r2_batch/fedgh_tied_cancer_correlated_s73.json
fedgh_tied_cancer_correlated,"FedGH, tied (per-model projector averaging, server-trained head)",cancer_correlated,74,150,gpu,8,,0.8080310889101204,0.8295509629777944,,,,,,,,,,,,,,0.9817629179331308,0.8042328042328042,0.5546875,1.0,0.9636363636363636,0.898989898989899,0.8909090909090909,0.6530612244897959,0.525,"Tables 5, 7, 8, 9, Figs. 3, 4",r2_batch/fedgh_tied_cancer_correlated_s74.json
fedgh_tied_cancer_correlated,"FedGH, tied (per-model projector averaging, server-trained head)",cancer_correlated,75,150,gpu,8,,0.7946029131333581,0.8170341075731352,,,,,,,,,,,,,,0.9692307692307692,0.9617486338797814,0.6875,1.0,0.9722222222222222,0.898989898989899,0.6964285714285714,0.2653061224489796,0.7,"Tables 5, 7, 8, 9, Figs. 3, 4",r2_batch/fedgh_tied_cancer_correlated_s75.json
fedgh_tied_cancer_correlated,"FedGH, tied (per-model projector averaging, server-trained head)",cancer_correlated,76,150,gpu,8,,0.7611217201580177,0.765580470224321,,,,,,,,,,,,,,0.940809968847352,0.9835164835164835,0.3046875,0.868020304568528,0.9428571428571428,0.9795918367346939,0.8392857142857143,0.8163265306122449,0.175,"Tables 5, 7, 8, 9, Figs. 3, 4",r2_batch/fedgh_tied_cancer_correlated_s76.json
fedgh_tied_cancer_correlated,"FedGH, tied (per-model projector averaging, server-trained head)",cancer_correlated,77,150,gpu,8,,0.7502810473526499,0.7579047750798898,,,,,,,,,,,,,,0.941717791411043,0.9206349206349206,0.6016260162601627,1.0,0.9148936170212766,0.8762886597938144,0.8,0.25,0.4473684210526316,"Tables 5, 7, 8, 9, Figs. 3, 4",r2_batch/fedgh_tied_cancer_correlated_s77.json
fedgh_tied_cancer_correlated,"FedGH, tied (per-model projector averaging, server-trained head)",cancer_correlated,78,150,gpu,8,,0.7722463227412311,0.772233279303045,,,,,,,,,,,,,,0.9376854599406528,0.9947643979057592,0.17777777777777778,0.9701492537313433,0.9245283018867925,0.8969072164948454,0.8035714285714286,0.35294117647058826,0.8918918918918919,"Tables 5, 7, 8, 9, Figs. 3, 4",r2_batch/fedgh_tied_cancer_correlated_s78.json
fedgh_tied_cancer_correlated,"FedGH, tied (per-model projector averaging, server-trained head)",cancer_correlated,79,150,gpu,8,,0.7426215405715489,0.7682843204114624,,,,,,,,,,,,,,0.9636363636363636,0.8225806451612904,0.6230769230769231,1.0,0.875,0.8865979381443299,0.7818181818181819,0.41509433962264153,0.3157894736842105,"Tables 5, 7, 8, 9, Figs. 3, 4",r2_batch/fedgh_tied_cancer_correlated_s79.json
fedgh_tied_cancer_correlated,"FedGH, tied (per-model projector averaging, server-trained head)",cancer_correlated,80,150,gpu,8,,0.7899100198950726,0.8104278059749019,,,,,,,,,,,,,,0.861671469740634,0.7624309392265194,0.6046511627906976,0.9792746113989638,0.8952380952380953,0.7878787878787878,0.6785714285714286,0.75,0.7894736842105263,"Tables 5, 7, 8, 9, Figs. 3, 4",r2_batch/fedgh_tied_cancer_correlated_s80.json
fedgh_tied_cancer_correlated,"FedGH, tied (per-model projector averaging, server-trained head)",cancer_correlated,81,150,gpu,8,,0.7693248211147803,0.7902030814423354,,,,,,,,,,,,,,0.9176470588235294,0.5691489361702128,0.9621212121212122,0.9700598802395209,0.9223300970873787,0.8865979381443299,0.6363636363636364,0.3673469387755102,0.6923076923076923,"Tables 5, 7, 8, 9, Figs. 3, 4",r2_batch/fedgh_tied_cancer_correlated_s81.json
fedgh_tied_cancer_correlated,"FedGH, tied (per-model projector averaging, server-trained head)",cancer_correlated,82,150,gpu,8,,0.8084836460890843,0.8327619338139252,,,,,,,,,,,,,,1.0,0.912568306010929,0.4696969696969697,0.9948717948717949,0.9380530973451328,1.0,0.8727272727272727,0.7551020408163265,0.3333333333333333,"Tables 5, 7, 8, 9, Figs. 3, 4",r2_batch/fedgh_tied_cancer_correlated_s82.json
fedgh_tied_cancer_correlated,"FedGH, tied (per-model projector averaging, server-trained head)",cancer_correlated,83,150,gpu,8,,0.8144468609023542,0.8270878302097695,,,,,,,,,,,,,,0.8985074626865671,0.7712765957446809,0.7727272727272727,1.0,0.9905660377358491,0.693069306930693,0.6785714285714286,0.7884615384615384,0.7368421052631579,"Tables 5, 7, 8, 9, Figs. 3, 4",r2_batch/fedgh_tied_cancer_correlated_s83.json
fedgh_tied_cancer_correlated,"FedGH, tied (per-model projector averaging, server-trained head)",cancer_correlated,84,150,gpu,8,,0.7670969287250229,0.7857245597597691,,,,,,,,,,,,,,0.6574923547400612,0.7388888888888889,0.7906976744186046,1.0,0.9473684210526315,0.8585858585858586,0.5454545454545454,0.75,0.6153846153846154,"Tables 5, 7, 8, 9, Figs. 3, 4",r2_batch/fedgh_tied_cancer_correlated_s84.json
fedgh_tied_cancer_correlated,"FedGH, tied (per-model projector averaging, server-trained head)",cancer_correlated,85,150,gpu,8,,0.8292387307316611,0.8614812789247764,,,,,,,,,,,,,,0.9938837920489296,0.9521276595744681,0.6412213740458015,1.0,0.9809523809523809,0.9,0.7321428571428571,0.5961538461538461,0.6666666666666666,"Tables 5, 7, 8, 9, Figs. 3, 4",r2_batch/fedgh_tied_cancer_correlated_s85.json
fedgh_tied_cancer_correlated,"FedGH, tied (per-model projector averaging, server-trained head)",cancer_correlated,86,150,gpu,8,,0.7335653102988524,0.7306704177044451,,,,,,,,,,,,,,0.8757225433526011,0.8253968253968254,0.8394160583941606,0.9723502304147466,0.8938053097345132,0.87,0.8392857142857143,0.375,0.1111111111111111,"Tables 5, 7, 8, 9, Figs. 3, 4",r2_batch/fedgh_tied_cancer_correlated_s86.json
fedgh_tied_cancer_correlated,"FedGH, tied (per-model projector averaging, server-trained head)",cancer_correlated,87,150,gpu,8,,0.7806465078443616,0.7773471222861298,,,,,,,,,,,,,,0.7935103244837758,0.8314606741573034,0.6904761904761905,1.0,0.9439252336448598,0.875,0.8909090909090909,0.8163265306122449,0.18421052631578946,"Tables 5, 7, 8, 9, Figs. 3, 4",r2_batch/fedgh_tied_cancer_correlated_s87.json
fedgh_tied_cancer_correlated,"FedGH, tied (per-model projector averaging, server-trained head)",cancer_correlated,88,150,gpu,8,,0.7495745027836187,0.7615578586335383,,,,,,,,,,,,,,0.945859872611465,0.9781420765027322,0.7301587301587301,1.0,0.8849557522123894,0.8854166666666666,0.543859649122807,0.6666666666666666,0.1111111111111111,"Tables 5, 7, 8, 9, Figs. 3, 4",r2_batch/fedgh_tied_cancer_correlated_s88.json
fedgh_tied_cancer_correlated,"FedGH, tied (per-model projector averaging, server-trained head)",cancer_correlated,89,150,gpu,8,,0.7580519805002958,0.7970396125171302,,,,,,,,,,,,,,1.0,0.7578947368421053,0.689922480620155,1.0,0.9532710280373832,0.7216494845360825,0.5964912280701754,0.5769230769230769,0.5263157894736842,"Tables 5, 7, 8, 9, Figs. 3, 4",r2_batch/fedgh_tied_cancer_correlated_s89.json
fedgh_tied_cancer_correlated,"FedGH, tied (per-model projector averaging, server-trained head)",cancer_correlated,90,150,gpu,8,,0.7476590439474217,0.7542527742765411,,,,,,,,,,,,,,0.8170731707317073,0.9152542372881356,0.7857142857142857,1.0,0.9339622641509434,0.8979591836734694,0.7678571428571429,0.5,0.1111111111111111,"Tables 5, 7, 8, 9, Figs. 3, 4",r2_batch/fedgh_tied_cancer_correlated_s90.json
fedgh_tied_cancer_correlated,"FedGH, tied (per-model projector averaging, server-trained head)",cancer_correlated,91,150,gpu,8,,0.7985520766175953,0.8143534078744752,,,,,,,,,,,,,,0.9646017699115044,0.7945945945945946,0.48120300751879697,0.9719101123595506,0.9444444444444444,0.8645833333333334,0.8545454545454545,0.6346153846153846,0.6764705882352942,"Tables 5, 7, 8, 9, Figs. 3, 4",r2_batch/fedgh_tied_cancer_correlated_s91.json
fedgh_tied_adversarial,"FedGH, tied (per-model projector averaging, server-trained head)",adversarial,62,150,gpu,8,,0.7375803137018009,0.7284123778935943,,,,,,,,,,,,,,0.9970326409495549,0.9358288770053476,0.2076923076923077,1.0,1.0,1.0,0.8181818181818182,0.038461538461538464,0.6410256410256411,"Tables 5, 7, 8, 9, Figs. 3, 4",r2_batch/fedgh_tied_adversarial_s62.json
fedgh_tied_adversarial,"FedGH, tied (per-model projector averaging, server-trained head)",adversarial,63,150,gpu,8,,0.857040332638896,0.856776009115036,,,,,,,,,,,,,,1.0,0.9888268156424581,1.0,1.0,1.0,0.9693877551020408,0.9454545454545454,0.7346938775510204,0.075,"Tables 5, 7, 8, 9, Figs. 3, 4",r2_batch/fedgh_tied_adversarial_s63.json
fedgh_tied_adversarial,"FedGH, tied (per-model projector averaging, server-trained head)",adversarial,64,150,gpu,8,,0.952868723147907,0.965888905188781,,,,,,,,,,,,,,1.0,1.0,1.0,0.9951219512195122,0.98989898989899,1.0,0.9642857142857143,0.7547169811320755,0.8717948717948718,"Tables 5, 7, 8, 9, Figs. 3, 4",r2_batch/fedgh_tied_adversarial_s64.json
fedgh_tied_adversarial,"FedGH, tied (per-model projector averaging, server-trained head)",adversarial,65,150,gpu,8,,0.8777216610549944,0.873203698530296,,,,,,,,,,,,,,1.0,1.0,1.0,1.0,1.0,1.0,0.9272727272727272,0.9166666666666666,0.05555555555555555,"Tables 5, 7, 8, 9, Figs. 3, 4",r2_batch/fedgh_tied_adversarial_s65.json
fedgh_tied_adversarial,"FedGH, tied (per-model projector averaging, server-trained head)",adversarial,66,150,gpu,8,,0.891612461435461,0.9056556514536364,,,,,,,,,,,,,,0.9942363112391931,1.0,1.0,0.9900497512437811,1.0,0.9489795918367347,0.875,0.9019607843137255,0.3142857142857143,"Tables 5, 7, 8, 9, Figs. 3, 4",r2_batch/fedgh_tied_adversarial_s66.json
fedgh_tied_adversarial,"FedGH, tied (per-model projector averaging, server-trained head)",adversarial,67,150,gpu,8,,0.8225729101100021,0.8278475576547479,,,,,,,,,,,,,,0.9940652818991098,1.0,1.0,1.0,1.0,1.0,0.509090909090909,0.1,0.8,"Tables 5, 7, 8, 9, Figs. 3, 4",r2_batch/fedgh_tied_adversarial_s67.json
fedgh_tied_adversarial,"FedGH, tied (per-model projector averaging, server-trained head)",adversarial,68,150,gpu,8,,0.9362648599042414,0.9459200409064719,,,,,,,,,,,,,,0.991044776119403,0.8907103825136612,1.0,1.0,1.0,0.9702970297029703,0.9272727272727272,1.0,0.6470588235294118,"Tables 5, 7, 8, 9, Figs. 3, 4",r2_batch/fedgh_tied_adversarial_s68.json
fedgh_tied_adversarial,"FedGH, tied (per-model projector averaging, server-trained head)",adversarial,69,150,gpu,8,,0.8401788130768728,0.8468092784822756,,,,,,,,,,,,,,1.0,1.0,1.0,0.9947643979057592,1.0,0.9393939393939394,1.0,0.6274509803921569,0.0,"Tables 5, 7, 8, 9, Figs. 3, 4",r2_batch/fedgh_tied_adversarial_s69.json
fedgh_tied_adversarial,"FedGH, tied (per-model projector averaging, server-trained head)",adversarial,70,150,gpu,8,,0.9114246220824034,0.9167495206376203,,,,,,,,,,,,,,0.9818731117824774,0.9893617021276596,1.0,0.9947368421052631,0.99,0.9690721649484536,1.0,0.8333333333333334,0.4444444444444444,"Tables 5, 7, 8, 9, Figs. 3, 4",r2_batch/fedgh_tied_adversarial_s70.json
fedgh_tied_adversarial,"FedGH, tied (per-model projector averaging, server-trained head)",adversarial,71,150,gpu,8,,0.8780290451777467,0.879370669880548,,,,,,,,,,,,,,0.9969135802469136,0.9946524064171123,0.23622047244094488,1.0,1.0,0.900990099009901,0.9818181818181818,0.9583333333333334,0.8333333333333334,"Tables 5, 7, 8, 9, Figs. 3, 4",r2_batch/fedgh_tied_adversarial_s71.json
fedgh_tied_adversarial,"FedGH, tied (per-model projector averaging, server-trained head)",adversarial,72,150,gpu,8,,0.8978230362428705,0.9110878415964664,,,,,,,,,,,,,,0.9753086419753086,1.0,0.515625,1.0,1.0,0.9894736842105263,1.0,1.0,0.6,"Tables 5, 7, 8, 9, Figs. 3, 4",r2_batch/fedgh_tied_adversarial_s72.json
fedgh_tied_adversarial,"FedGH, tied (per-model projector averaging, server-trained head)",adversarial,73,150,gpu,8,,0.9271503257342812,0.9419992205526584,,,,,,,,,,,,,,1.0,0.8448275862068966,1.0,1.0,0.9914529914529915,0.9690721649484536,0.9636363636363636,0.9807692307692307,0.5945945945945946,"Tables 5, 7, 8, 9, Figs. 3, 4",r2_batch/fedgh_tied_adversarial_s73.json
fedgh_tied_adversarial,"FedGH, tied (per-model projector averaging, server-trained head)",adversarial,74,150,gpu,8,,0.8365728811165318,0.8472907997307514,,,,,,,,,,,,,,1.0,0.9894179894179894,0.40625,1.0,0.990909090909091,1.0,0.9272727272727272,0.2653061224489796,0.95,"Tables 5, 7, 8, 9, Figs. 3, 4",r2_batch/fedgh_tied_adversarial_s74.json
fedgh_tied_adversarial,"FedGH, tied (per-model projector averaging, server-trained head)",adversarial,75,150,gpu,8,,0.9611498350725517,0.9689917393182663,,,,,,,,,,,,,,0.9969230769230769,0.994535519125683,1.0,1.0,1.0,0.8787878787878788,0.9821428571428571,0.8979591836734694,0.9,"Tables 5, 7, 8, 9, Figs. 3, 4",r2_batch/fedgh_tied_adversarial_s75.json
fedgh_tied_adversarial,"FedGH, tied (per-model projector averaging, server-trained head)",adversarial,76,150,gpu,8,,0.8770102912960056,0.8981540288121417,,,,,,,,,,,,,,1.0,0.9175824175824175,1.0,1.0,1.0,1.0,0.9107142857142857,0.4897959183673469,0.575,"Tables 5, 7, 8, 9, Figs. 3, 4",r2_batch/fedgh_tied_adversarial_s76.json
fedgh_tied_adversarial,"FedGH, tied (per-model projector averaging, server-trained head)",adversarial,77,150,gpu,8,,0.8032833999717617,0.8090821505501656,,,,,,,,,,,,,,0.9969325153374233,0.9947089947089947,0.3821138211382114,1.0,0.9893617021276596,1.0,0.9818181818181818,0.8846153846153846,0.0,"Tables 5, 7, 8, 9, Figs. 3, 4",r2_batch/fedgh_tied_adversarial_s77.json
fedgh_tied_adversarial,"FedGH, tied (per-model projector averaging, server-trained head)",adversarial,78,150,gpu,8,,0.787124449171345,0.777474972726436,,,,,,,,,,,,,,0.9940652818991098,1.0,0.35555555555555557,1.0,1.0,1.0,1.0,0.058823529411764705,0.6756756756756757,"Tables 5, 7, 8, 9, Figs. 3, 4",r2_batch/fedgh_tied_adversarial_s78.json
fedgh_tied_adversarial,"FedGH, tied (per-model projector averaging, server-trained head)",adversarial,79,150,gpu,8,,0.7821660711784681,0.7767139470447928,,,,,,,,,,,,,,0.9939393939393939,0.9946236559139785,0.06923076923076923,1.0,1.0,1.0,0.9454545454545454,0.6415094339622641,0.39473684210526316,"Tables 5, 7, 8, 9, Figs. 3, 4",r2_batch/fedgh_tied_adversarial_s79.json
fedgh_tied_adversarial,"FedGH, tied (per-model projector averaging, server-trained head)",adversarial,80,150,gpu,8,,0.937868087273817,0.9530417544620031,,,,,,,,,,,,,,1.0,0.850828729281768,1.0,0.9844559585492227,0.9809523809523809,0.9595959595959596,1.0,0.9807692307692307,0.6842105263157895,"Tables 5, 7, 8, 9, Figs. 3, 4",r2_batch/fedgh_tied_adversarial_s80.json
fedgh_tied_adversarial,"FedGH, tied (per-model projector averaging, server-trained head)",adversarial,81,150,gpu,8,,0.9148612092647439,0.929635331723921,,,,,,,,,,,,,,1.0,1.0,0.4696969696969697,1.0,1.0,0.979381443298969,0.9636363636363636,0.8979591836734694,0.9230769230769231,"Tables 5, 7, 8, 9, Figs. 3, 4",r2_batch/fedgh_tied_adversarial_s81.json
fedgh_tied_adversarial,"FedGH, tied (per-model projector averaging, server-trained head)",adversarial,82,150,gpu,8,,0.8040796830023996,0.8264585603020931,,,,,,,,,,,,,,1.0,0.994535519125683,0.5909090909090909,1.0,1.0,1.0,0.6727272727272727,0.1836734693877551,0.7948717948717948,"Tables 5, 7, 8, 9, Figs. 3, 4",r2_batch/fedgh_tied_adversarial_s82.json
fedgh_tied_adversarial,"FedGH, tied (per-model projector averaging, server-trained head)",adversarial,83,150,gpu,8,,0.955298362015854,0.9670855980943285,,,,,,,,,,,,,,1.0,0.9946808510638298,1.0,1.0,0.9905660377358491,0.9504950495049505,1.0,0.8461538461538461,0.8157894736842105,"Tables 5, 7, 8, 9, Figs. 3, 4",r2_batch/fedgh_tied_adversarial_s83.json
fedgh_tied_adversarial,"FedGH, tied (per-model projector averaging, server-trained head)",adversarial,84,150,gpu,8,,0.8918630751964085,0.9048890652404471,,,,,,,,,,,,,,1.0,1.0,1.0,1.0,1.0,0.9797979797979798,0.9636363636363636,0.8269230769230769,0.2564102564102564,"Tables 5, 7, 8, 9, Figs. 3, 4",r2_batch/fedgh_tied_adversarial_s84.json
fedgh_tied_adversarial,"FedGH, tied (per-model projector averaging, server-trained head)",adversarial,85,150,gpu,8,,0.869483412568519,0.856068945423685,,,,,,,,,,,,,,1.0,0.9893617021276596,1.0,1.0,1.0,0.95,0.9821428571428571,0.9038461538461539,0.0,"Tables 5, 7, 8, 9, Figs. 3, 4",r2_batch/fedgh_tied_adversarial_s85.json
fedgh_tied_adversarial,"FedGH, tied (per-model projector averaging, server-trained head)",adversarial,86,150,gpu,8,,0.8773290126817569,0.8893506509255888,,,,,,,,,,,,,,1.0,1.0,0.34306569343065696,1.0,0.9646017699115044,1.0,0.9285714285714286,0.7708333333333334,0.8888888888888888,"Tables 5, 7, 8, 9, Figs. 3, 4",r2_batch/fedgh_tied_adversarial_s86.json
fedgh_tied_adversarial,"FedGH, tied (per-model projector averaging, server-trained head)",adversarial,87,150,gpu,8,,0.8753610921900377,0.8888513072205703,,,,,,,,,,,,,,0.9852507374631269,1.0,0.3253968253968254,0.9947089947089947,1.0,1.0,0.9090909090909091,0.9795918367346939,0.6842105263157895,"Tables 5, 7, 8, 9, Figs. 3, 4",r2_batch/fedgh_tied_adversarial_s87.json
fedgh_tied_adversarial,"FedGH, tied (per-model projector averaging, server-trained head)",adversarial,88,150,gpu,8,,0.8103829131115584,0.8033927001780824,,,,,,,,,,,,,,1.0,0.7923497267759563,0.0,1.0,1.0,1.0,0.7719298245614035,0.8958333333333334,0.8333333333333334,"Tables 5, 7, 8, 9, Figs. 3, 4",r2_batch/fedgh_tied_adversarial_s88.json
fedgh_tied_adversarial,"FedGH, tied (per-model projector averaging, server-trained head)",adversarial,89,150,gpu,8,,0.8786083381964719,0.8879764543043961,,,,,,,,,,,,,,1.0,0.9947368421052631,0.2868217054263566,1.0,1.0,0.9484536082474226,0.9649122807017544,0.9230769230769231,0.7894736842105263,"Tables 5, 7, 8, 9, Figs. 3, 4",r2_batch/fedgh_tied_adversarial_s89.json
fedgh_tied_adversarial,"FedGH, tied (per-model projector averaging, server-trained head)",adversarial,90,150,gpu,8,,0.8474044084700884,0.8756783163739453,,,,,,,,,,,,,,1.0,0.9943502824858758,0.3333333333333333,1.0,0.9905660377358491,0.9591836734693877,0.9464285714285714,0.7083333333333334,0.6944444444444444,"Tables 5, 7, 8, 9, Figs. 3, 4",r2_batch/fedgh_tied_adversarial_s90.json
fedgh_tied_adversarial,"FedGH, tied (per-model projector averaging, server-trained head)",adversarial,91,150,gpu,8,,0.9320358301732686,0.9486256431535381,,,,,,,,,,,,,,1.0,0.8432432432432433,1.0,0.9943820224719101,0.9907407407407407,0.9791666666666666,0.8545454545454545,0.9615384615384616,0.7647058823529411,"Tables 5, 7, 8, 9, Figs. 3, 4",r2_batch/fedgh_tied_adversarial_s91.json
fedgh_faithful_stratified,"FedGH, faithful (projector per site; per-site-routed and cross-site probes)",stratified,62,150,gpu,8,,1.0,1.0,,,,,,,,0.05390083165526739,0.07476635514018691,0.0,,,,1.0,1.0,1.0,1.0,1.0,1.0,1.0,1.0,1.0,Supp. Table S5(b),r2_batch/fedgh_faithful_stratified_s62.json
fedgh_faithful_stratified,"FedGH, faithful (projector per site; per-site-routed and cross-site probes)",stratified,63,150,gpu,8,,1.0,1.0,,,,,,,,0.10585027221970754,0.09345794392523364,0.0,,,,1.0,1.0,1.0,1.0,1.0,1.0,1.0,1.0,1.0,Supp. Table S5(b),r2_batch/fedgh_faithful_stratified_s63.json
fedgh_faithful_stratified,"FedGH, faithful (projector per site; per-site-routed and cross-site probes)",stratified,64,150,gpu,8,,1.0,1.0,,,,,,,,0.05972240864805543,0.11214953271028037,0.0,,,,1.0,1.0,1.0,1.0,1.0,1.0,1.0,1.0,1.0,Supp. Table S5(b),r2_batch/fedgh_faithful_stratified_s64.json
fedgh_faithful_stratified,"FedGH, faithful (projector per site; per-site-routed and cross-site probes)",stratified,65,150,gpu,8,,1.0,1.0,,,,,,,,0.05593818103247091,0.09345794392523364,0.0,,,,1.0,1.0,1.0,1.0,1.0,1.0,1.0,1.0,1.0,Supp. Table S5(b),r2_batch/fedgh_faithful_stratified_s65.json
fedgh_faithful_stratified,"FedGH, faithful (projector per site; per-site-routed and cross-site probes)",stratified,66,150,gpu,8,,1.0,1.0,,,,,,,,0.11349330303758992,0.14953271028037382,0.0,,,,1.0,1.0,1.0,1.0,1.0,1.0,1.0,1.0,1.0,Supp. Table S5(b),r2_batch/fedgh_faithful_stratified_s66.json
fedgh_faithful_stratified,"FedGH, faithful (projector per site; per-site-routed and cross-site probes)",stratified,67,150,gpu,8,,1.0,1.0,,,,,,,,0.09526852226114459,0.07476635514018691,0.0,,,,1.0,1.0,1.0,1.0,1.0,1.0,1.0,1.0,1.0,Supp. Table S5(b),r2_batch/fedgh_faithful_stratified_s67.json
fedgh_faithful_stratified,"FedGH, faithful (projector per site; per-site-routed and cross-site probes)",stratified,68,150,gpu,8,,1.0,1.0,,,,,,,,0.08327016234297571,0.07476635514018691,0.0,,,,1.0,1.0,1.0,1.0,1.0,1.0,1.0,1.0,1.0,Supp. Table S5(b),r2_batch/fedgh_faithful_stratified_s68.json
fedgh_faithful_stratified,"FedGH, faithful (projector per site; per-site-routed and cross-site probes)",stratified,69,150,gpu,8,,1.0,1.0,,,,,,,,0.11681397578657078,0.14018691588785046,0.0,,,,1.0,1.0,1.0,1.0,1.0,1.0,1.0,1.0,1.0,Supp. Table S5(b),r2_batch/fedgh_faithful_stratified_s69.json
fedgh_faithful_stratified,"FedGH, faithful (projector per site; per-site-routed and cross-site probes)",stratified,70,150,gpu,8,,1.0,1.0,,,,,,,,0.1048374475691021,0.11214953271028037,0.0,,,,1.0,1.0,1.0,1.0,1.0,1.0,1.0,1.0,1.0,Supp. Table S5(b),r2_batch/fedgh_faithful_stratified_s70.json
fedgh_faithful_stratified,"FedGH, faithful (projector per site; per-site-routed and cross-site probes)",stratified,71,150,gpu,8,,1.0,1.0,,,,,,,,0.15036485895169507,0.1308411214953271,0.0,,,,1.0,1.0,1.0,1.0,1.0,1.0,1.0,1.0,1.0,Supp. Table S5(b),r2_batch/fedgh_faithful_stratified_s71.json
fedgh_faithful_stratified,"FedGH, faithful (projector per site; per-site-routed and cross-site probes)",stratified,72,150,gpu,8,,1.0,1.0,,,,,,,,0.08446934403647241,0.102803738317757,0.0,,,,1.0,1.0,1.0,1.0,1.0,1.0,1.0,1.0,1.0,Supp. Table S5(b),r2_batch/fedgh_faithful_stratified_s72.json
fedgh_faithful_stratified,"FedGH, faithful (projector per site; per-site-routed and cross-site probes)",stratified,73,150,gpu,8,,1.0,1.0,,,,,,,,0.12983890659776542,0.1308411214953271,0.0,,,,1.0,1.0,1.0,1.0,1.0,1.0,1.0,1.0,1.0,Supp. Table S5(b),r2_batch/fedgh_faithful_stratified_s73.json
fedgh_faithful_stratified,"FedGH, faithful (projector per site; per-site-routed and cross-site probes)",stratified,74,150,gpu,8,,1.0,1.0,,,,,,,,0.02334254184874752,0.04672897196261682,0.0,,,,1.0,1.0,1.0,1.0,1.0,1.0,1.0,1.0,1.0,Supp. Table S5(b),r2_batch/fedgh_faithful_stratified_s74.json
fedgh_faithful_stratified,"FedGH, faithful (projector per site; per-site-routed and cross-site probes)",stratified,75,150,gpu,8,,1.0,1.0,,,,,,,,0.07771424049201828,0.08411214953271028,0.0,,,,1.0,1.0,1.0,1.0,1.0,1.0,1.0,1.0,1.0,Supp. Table S5(b),r2_batch/fedgh_faithful_stratified_s75.json
fedgh_faithful_stratified,"FedGH, faithful (projector per site; per-site-routed and cross-site probes)",stratified,76,150,gpu,8,,1.0,1.0,,,,,,,,0.0921758694688697,0.1308411214953271,0.0,,,,1.0,1.0,1.0,1.0,1.0,1.0,1.0,1.0,1.0,Supp. Table S5(b),r2_batch/fedgh_faithful_stratified_s76.json
fedgh_faithful_stratified,"FedGH, faithful (projector per site; per-site-routed and cross-site probes)",stratified,77,150,gpu,8,,1.0,1.0,,,,,,,,0.09532196501588043,0.09345794392523364,0.0,,,,1.0,1.0,1.0,1.0,1.0,1.0,1.0,1.0,1.0,Supp. Table S5(b),r2_batch/fedgh_faithful_stratified_s77.json
fedgh_faithful_stratified,"FedGH, faithful (projector per site; per-site-routed and cross-site probes)",stratified,78,150,gpu,8,,1.0,1.0,,,,,,,,0.12204801139405623,0.09345794392523364,0.0,,,,1.0,1.0,1.0,1.0,1.0,1.0,1.0,1.0,1.0,Supp. Table S5(b),r2_batch/fedgh_faithful_stratified_s78.json
fedgh_faithful_stratified,"FedGH, faithful (projector per site; per-site-routed and cross-site probes)",stratified,79,150,gpu,8,,1.0,1.0,,,,,,,,0.05851450000934536,0.09345794392523364,0.0,,,,1.0,1.0,1.0,1.0,1.0,1.0,1.0,1.0,1.0,Supp. Table S5(b),r2_batch/fedgh_faithful_stratified_s79.json
fedgh_faithful_stratified,"FedGH, faithful (projector per site; per-site-routed and cross-site probes)",stratified,80,150,gpu,8,,1.0,1.0,,,,,,,,0.08355610018365972,0.11214953271028037,0.0,,,,1.0,1.0,1.0,1.0,1.0,1.0,1.0,1.0,1.0,Supp. Table S5(b),r2_batch/fedgh_faithful_stratified_s80.json
fedgh_faithful_stratified,"FedGH, faithful (projector per site; per-site-routed and cross-site probes)",stratified,81,150,gpu,8,,1.0,1.0,,,,,,,,0.14496006455406865,0.14018691588785046,0.0,,,,1.0,1.0,1.0,1.0,1.0,1.0,1.0,1.0,1.0,Supp. Table S5(b),r2_batch/fedgh_faithful_stratified_s81.json
fedgh_faithful_stratified,"FedGH, faithful (projector per site; per-site-routed and cross-site probes)",stratified,82,150,gpu,8,,1.0,1.0,,,,,,,,0.06244056413369219,0.07476635514018691,0.0,,,,1.0,1.0,1.0,1.0,1.0,1.0,1.0,1.0,1.0,Supp. Table S5(b),r2_batch/fedgh_faithful_stratified_s82.json
fedgh_faithful_stratified,"FedGH, faithful (projector per site; per-site-routed and cross-site probes)",stratified,83,150,gpu,8,,1.0,1.0,,,,,,,,0.1052080285247998,0.12149532710280374,0.0,,,,1.0,1.0,1.0,1.0,1.0,1.0,1.0,1.0,1.0,Supp. Table S5(b),r2_batch/fedgh_faithful_stratified_s83.json
fedgh_faithful_stratified,"FedGH, faithful (projector per site; per-site-routed and cross-site probes)",stratified,84,150,gpu,8,,1.0,1.0,,,,,,,,0.10571145638487306,0.1588785046728972,0.0,,,,1.0,1.0,1.0,1.0,1.0,1.0,1.0,1.0,1.0,Supp. Table S5(b),r2_batch/fedgh_faithful_stratified_s84.json
fedgh_faithful_stratified,"FedGH, faithful (projector per site; per-site-routed and cross-site probes)",stratified,85,150,gpu,8,,1.0,1.0,,,,,,,,0.09355331810855944,0.11214953271028037,0.0,,,,1.0,1.0,1.0,1.0,1.0,1.0,1.0,1.0,1.0,Supp. Table S5(b),r2_batch/fedgh_faithful_stratified_s85.json
fedgh_faithful_stratified,"FedGH, faithful (projector per site; per-site-routed and cross-site probes)",stratified,86,150,gpu,8,,1.0,1.0,,,,,,,,0.11030233605916234,0.14018691588785046,0.0,,,,1.0,1.0,1.0,1.0,1.0,1.0,1.0,1.0,1.0,Supp. Table S5(b),r2_batch/fedgh_faithful_stratified_s86.json
fedgh_faithful_stratified,"FedGH, faithful (projector per site; per-site-routed and cross-site probes)",stratified,87,150,gpu,8,,1.0,1.0,,,,,,,,0.10479490461620673,0.1308411214953271,0.0,,,,1.0,1.0,1.0,1.0,1.0,1.0,1.0,1.0,1.0,Supp. Table S5(b),r2_batch/fedgh_faithful_stratified_s87.json
fedgh_faithful_stratified,"FedGH, faithful (projector per site; per-site-routed and cross-site probes)",stratified,88,150,gpu,8,,1.0,1.0,,,,,,,,0.06979653603358531,0.11214953271028037,0.0,,,,1.0,1.0,1.0,1.0,1.0,1.0,1.0,1.0,1.0,Supp. Table S5(b),r2_batch/fedgh_faithful_stratified_s88.json
fedgh_faithful_stratified,"FedGH, faithful (projector per site; per-site-routed and cross-site probes)",stratified,89,150,gpu,8,,1.0,1.0,,,,,,,,0.08284218204727872,0.11214953271028037,0.0,,,,1.0,1.0,1.0,1.0,1.0,1.0,1.0,1.0,1.0,Supp. Table S5(b),r2_batch/fedgh_faithful_stratified_s89.json
fedgh_faithful_stratified,"FedGH, faithful (projector per site; per-site-routed and cross-site probes)",stratified,90,150,gpu,8,,1.0,1.0,,,,,,,,0.18377140195767425,0.21495327102803738,0.0,,,,1.0,1.0,1.0,1.0,1.0,1.0,1.0,1.0,1.0,Supp. Table S5(b),r2_batch/fedgh_faithful_stratified_s90.json
fedgh_faithful_stratified,"FedGH, faithful (projector per site; per-site-routed and cross-site probes)",stratified,91,150,gpu,8,,1.0,1.0,,,,,,,,0.09938362159016927,0.1308411214953271,0.0,,,,1.0,1.0,1.0,1.0,1.0,1.0,1.0,1.0,1.0,Supp. Table S5(b),r2_batch/fedgh_faithful_stratified_s91.json
fedgh_faithful_balanced,"FedGH, faithful (projector per site; per-site-routed and cross-site probes)",balanced,62,150,gpu,8,,1.0,1.0,,,,,,,,0.1477183434619419,0.14018691588785046,0.0,,,,1.0,1.0,1.0,1.0,1.0,1.0,1.0,1.0,1.0,Supp. Table S5(b),r2_batch/fedgh_faithful_balanced_s62.json
fedgh_faithful_balanced,"FedGH, faithful (projector per site; per-site-routed and cross-site probes)",balanced,63,150,gpu,8,,1.0,1.0,,,,,,,,0.06429677051954191,0.1308411214953271,0.0,,,,1.0,1.0,1.0,1.0,1.0,1.0,1.0,1.0,1.0,Supp. Table S5(b),r2_batch/fedgh_faithful_balanced_s63.json
fedgh_faithful_balanced,"FedGH, faithful (projector per site; per-site-routed and cross-site probes)",balanced,64,150,gpu,8,,1.0,1.0,,,,,,,,0.15832765431798884,0.16822429906542055,0.0,,,,1.0,1.0,1.0,1.0,1.0,1.0,1.0,1.0,1.0,Supp. Table S5(b),r2_batch/fedgh_faithful_balanced_s64.json
fedgh_faithful_balanced,"FedGH, faithful (projector per site; per-site-routed and cross-site probes)",balanced,65,150,gpu,8,,1.0,1.0,,,,,,,,0.13358229542334382,0.14953271028037382,0.0,,,,1.0,1.0,1.0,1.0,1.0,1.0,1.0,1.0,1.0,Supp. Table S5(b),r2_batch/fedgh_faithful_balanced_s65.json
fedgh_faithful_balanced,"FedGH, faithful (projector per site; per-site-routed and cross-site probes)",balanced,66,150,gpu,8,,1.0,1.0,,,,,,,,0.12971339471790744,0.11214953271028037,0.0,,,,1.0,1.0,1.0,1.0,1.0,1.0,1.0,1.0,1.0,Supp. Table S5(b),r2_batch/fedgh_faithful_balanced_s66.json
fedgh_faithful_balanced,"FedGH, faithful (projector per site; per-site-routed and cross-site probes)",balanced,67,150,gpu,8,,1.0,1.0,,,,,,,,0.12455007773571386,0.1308411214953271,0.0,,,,1.0,1.0,1.0,1.0,1.0,1.0,1.0,1.0,1.0,Supp. Table S5(b),r2_batch/fedgh_faithful_balanced_s67.json
fedgh_faithful_balanced,"FedGH, faithful (projector per site; per-site-routed and cross-site probes)",balanced,68,150,gpu,8,,1.0,1.0,,,,,,,,0.1032260035833005,0.11214953271028037,0.0,,,,1.0,1.0,1.0,1.0,1.0,1.0,1.0,1.0,1.0,Supp. Table S5(b),r2_batch/fedgh_faithful_balanced_s68.json
fedgh_faithful_balanced,"FedGH, faithful (projector per site; per-site-routed and cross-site probes)",balanced,69,150,gpu,8,,1.0,1.0,,,,,,,,0.08071871204762116,0.14018691588785046,0.0,,,,1.0,1.0,1.0,1.0,1.0,1.0,1.0,1.0,1.0,Supp. Table S5(b),r2_batch/fedgh_faithful_balanced_s69.json
fedgh_faithful_balanced,"FedGH, faithful (projector per site; per-site-routed and cross-site probes)",balanced,70,150,gpu,8,,1.0,1.0,,,,,,,,0.17085664571799186,0.1308411214953271,0.0,,,,1.0,1.0,1.0,1.0,1.0,1.0,1.0,1.0,1.0,Supp. Table S5(b),r2_batch/fedgh_faithful_balanced_s70.json
fedgh_faithful_balanced,"FedGH, faithful (projector per site; per-site-routed and cross-site probes)",balanced,71,150,gpu,8,,1.0,1.0,,,,,,,,0.168060197860841,0.18691588785046728,0.0,,,,1.0,1.0,1.0,1.0,1.0,1.0,1.0,1.0,1.0,Supp. Table S5(b),r2_batch/fedgh_faithful_balanced_s71.json
fedgh_faithful_balanced,"FedGH, faithful (projector per site; per-site-routed and cross-site probes)",balanced,72,150,gpu,8,,1.0,1.0,,,,,,,,0.1377987522197105,0.14953271028037382,0.0,,,,1.0,1.0,1.0,1.0,1.0,1.0,1.0,1.0,1.0,Supp. Table S5(b),r2_batch/fedgh_faithful_balanced_s72.json
fedgh_faithful_balanced,"FedGH, faithful (projector per site; per-site-routed and cross-site probes)",balanced,73,150,gpu,8,,1.0,1.0,,,,,,,,0.22493165379685973,0.18691588785046728,0.0,,,,1.0,1.0,1.0,1.0,1.0,1.0,1.0,1.0,1.0,Supp. Table S5(b),r2_batch/fedgh_faithful_balanced_s73.json
fedgh_faithful_balanced,"FedGH, faithful (projector per site; per-site-routed and cross-site probes)",balanced,74,150,gpu,8,,1.0,1.0,,,,,,,,0.07652353775285217,0.09345794392523364,0.0,,,,1.0,1.0,1.0,1.0,1.0,1.0,1.0,1.0,1.0,Supp. Table S5(b),r2_batch/fedgh_faithful_balanced_s74.json
fedgh_faithful_balanced,"FedGH, faithful (projector per site; per-site-routed and cross-site probes)",balanced,75,150,gpu,8,,1.0,1.0,,,,,,,,0.12564075438083375,0.17757009345794392,0.0,,,,1.0,1.0,1.0,1.0,1.0,1.0,1.0,1.0,1.0,Supp. Table S5(b),r2_batch/fedgh_faithful_balanced_s75.json
fedgh_faithful_balanced,"FedGH, faithful (projector per site; per-site-routed and cross-site probes)",balanced,76,150,gpu,8,,1.0,1.0,,,,,,,,0.14057223203402883,0.17757009345794392,0.0,,,,1.0,1.0,1.0,1.0,1.0,1.0,1.0,1.0,1.0,Supp. Table S5(b),r2_batch/fedgh_faithful_balanced_s76.json
fedgh_faithful_balanced,"FedGH, faithful (projector per site; per-site-routed and cross-site probes)",balanced,77,150,gpu,8,,1.0,1.0,,,,,,,,0.12525608819185122,0.1308411214953271,0.0,,,,1.0,1.0,1.0,1.0,1.0,1.0,1.0,1.0,1.0,Supp. Table S5(b),r2_batch/fedgh_faithful_balanced_s77.json
fedgh_faithful_balanced,"FedGH, faithful (projector per site; per-site-routed and cross-site probes)",balanced,78,150,gpu,8,,1.0,1.0,,,,,,,,0.12482803295960876,0.09345794392523364,0.0,,,,1.0,1.0,1.0,1.0,1.0,1.0,1.0,1.0,1.0,Supp. Table S5(b),r2_batch/fedgh_faithful_balanced_s78.json
fedgh_faithful_balanced,"FedGH, faithful (projector per site; per-site-routed and cross-site probes)",balanced,79,150,gpu,8,,1.0,1.0,,,,,,,,0.2073756686987764,0.1588785046728972,0.0,,,,1.0,1.0,1.0,1.0,1.0,1.0,1.0,1.0,1.0,Supp. Table S5(b),r2_batch/fedgh_faithful_balanced_s79.json
fedgh_faithful_balanced,"FedGH, faithful (projector per site; per-site-routed and cross-site probes)",balanced,80,150,gpu,8,,1.0,1.0,,,,,,,,0.10655547154557349,0.12149532710280374,0.0,,,,1.0,1.0,1.0,1.0,1.0,1.0,1.0,1.0,1.0,Supp. Table S5(b),r2_batch/fedgh_faithful_balanced_s80.json
fedgh_faithful_balanced,"FedGH, faithful (projector per site; per-site-routed and cross-site probes)",balanced,81,150,gpu,8,,1.0,1.0,,,,,,,,0.09846835040968688,0.102803738317757,0.0,,,,1.0,1.0,1.0,1.0,1.0,1.0,1.0,1.0,1.0,Supp. Table S5(b),r2_batch/fedgh_faithful_balanced_s81.json
fedgh_faithful_balanced,"FedGH, faithful (projector per site; per-site-routed and cross-site probes)",balanced,82,150,gpu,8,,1.0,1.0,,,,,,,,0.101323523990298,0.14018691588785046,0.0,,,,1.0,1.0,1.0,1.0,1.0,1.0,1.0,1.0,1.0,Supp. Table S5(b),r2_batch/fedgh_faithful_balanced_s82.json
fedgh_faithful_balanced,"FedGH, faithful (projector per site; per-site-routed and cross-site probes)",balanced,83,150,gpu,8,,1.0,1.0,,,,,,,,0.23569364379928126,0.1588785046728972,0.0,,,,1.0,1.0,1.0,1.0,1.0,1.0,1.0,1.0,1.0,Supp. Table S5(b),r2_batch/fedgh_faithful_balanced_s83.json
fedgh_faithful_balanced,"FedGH, faithful (projector per site; per-site-routed and cross-site probes)",balanced,84,150,gpu,8,,1.0,1.0,,,,,,,,0.18958440367932847,0.17757009345794392,0.0,,,,1.0,1.0,1.0,1.0,1.0,1.0,1.0,1.0,1.0,Supp. Table S5(b),r2_batch/fedgh_faithful_balanced_s84.json
fedgh_faithful_balanced,"FedGH, faithful (projector per site; per-site-routed and cross-site probes)",balanced,85,150,gpu,8,,1.0,1.0,,,,,,,,0.12047950975600269,0.14953271028037382,0.0,,,,1.0,1.0,1.0,1.0,1.0,1.0,1.0,1.0,1.0,Supp. Table S5(b),r2_batch/fedgh_faithful_balanced_s85.json
fedgh_faithful_balanced,"FedGH, faithful (projector per site; per-site-routed and cross-site probes)",balanced,86,150,gpu,8,,1.0,1.0,,,,,,,,0.16631323460968467,0.14953271028037382,0.0,,,,1.0,1.0,1.0,1.0,1.0,1.0,1.0,1.0,1.0,Supp. Table S5(b),r2_batch/fedgh_faithful_balanced_s86.json
fedgh_faithful_balanced,"FedGH, faithful (projector per site; per-site-routed and cross-site probes)",balanced,87,150,gpu,8,,1.0,1.0,,,,,,,,0.17077784458409806,0.19626168224299065,0.0,,,,1.0,1.0,1.0,1.0,1.0,1.0,1.0,1.0,1.0,Supp. Table S5(b),r2_batch/fedgh_faithful_balanced_s87.json
fedgh_faithful_balanced,"FedGH, faithful (projector per site; per-site-routed and cross-site probes)",balanced,88,150,gpu,8,,1.0,1.0,,,,,,,,0.07956959837884568,0.1308411214953271,0.0,,,,1.0,1.0,1.0,1.0,1.0,1.0,1.0,1.0,1.0,Supp. Table S5(b),r2_batch/fedgh_faithful_balanced_s88.json
fedgh_faithful_balanced,"FedGH, faithful (projector per site; per-site-routed and cross-site probes)",balanced,89,150,gpu,8,,1.0,1.0,,,,,,,,0.10630796485592309,0.14018691588785046,0.0,,,,1.0,1.0,1.0,1.0,1.0,1.0,1.0,1.0,1.0,Supp. Table S5(b),r2_batch/fedgh_faithful_balanced_s89.json
fedgh_faithful_balanced,"FedGH, faithful (projector per site; per-site-routed and cross-site probes)",balanced,90,150,gpu,8,,1.0,1.0,,,,,,,,0.11584862085925497,0.1588785046728972,0.0,,,,1.0,1.0,1.0,1.0,1.0,1.0,1.0,1.0,1.0,Supp. Table S5(b),r2_batch/fedgh_faithful_balanced_s90.json
fedgh_faithful_balanced,"FedGH, faithful (projector per site; per-site-routed and cross-site probes)",balanced,91,150,gpu,8,,1.0,1.0,,,,,,,,0.10535995708823093,0.11214953271028037,0.0,,,,1.0,1.0,1.0,1.0,1.0,1.0,1.0,1.0,1.0,Supp. Table S5(b),r2_batch/fedgh_faithful_balanced_s91.json
fedgh_faithful_cancer_correlated,"FedGH, faithful (projector per site; per-site-routed and cross-site probes)",cancer_correlated,62,150,gpu,8,,1.0,1.0,,,,,,,,0.20087142883203052,0.2336448598130841,0.0,,,,1.0,1.0,1.0,1.0,1.0,1.0,1.0,1.0,1.0,Supp. Table S5(b),r2_batch/fedgh_faithful_cancer_correlated_s62.json
fedgh_faithful_cancer_correlated,"FedGH, faithful (projector per site; per-site-routed and cross-site probes)",cancer_correlated,63,150,gpu,8,,1.0,1.0,,,,,,,,0.19367292598062638,0.2336448598130841,0.0,,,,1.0,1.0,1.0,1.0,1.0,1.0,1.0,1.0,1.0,Supp. Table S5(b),r2_batch/fedgh_faithful_cancer_correlated_s63.json
fedgh_faithful_cancer_correlated,"FedGH, faithful (projector per site; per-site-routed and cross-site probes)",cancer_correlated,64,150,gpu,8,,1.0,1.0,,,,,,,,0.21811627402412215,0.205607476635514,0.0,,,,1.0,1.0,1.0,1.0,1.0,1.0,1.0,1.0,1.0,Supp. Table S5(b),r2_batch/fedgh_faithful_cancer_correlated_s64.json
fedgh_faithful_cancer_correlated,"FedGH, faithful (projector per site; per-site-routed and cross-site probes)",cancer_correlated,65,150,gpu,8,,1.0,1.0,,,,,,,,0.24847923500761734,0.21495327102803738,0.0,,,,1.0,1.0,1.0,1.0,1.0,1.0,1.0,1.0,1.0,Supp. Table S5(b),r2_batch/fedgh_faithful_cancer_correlated_s65.json
fedgh_faithful_cancer_correlated,"FedGH, faithful (projector per site; per-site-routed and cross-site probes)",cancer_correlated,66,150,gpu,8,,1.0,1.0,,,,,,,,0.05482394684465058,0.11214953271028037,0.0,,,,1.0,1.0,1.0,1.0,1.0,1.0,1.0,1.0,1.0,Supp. Table S5(b),r2_batch/fedgh_faithful_cancer_correlated_s66.json
fedgh_faithful_cancer_correlated,"FedGH, faithful (projector per site; per-site-routed and cross-site probes)",cancer_correlated,67,150,gpu,8,,1.0,1.0,,,,,,,,0.16348374377958802,0.21495327102803738,0.0,,,,1.0,1.0,1.0,1.0,1.0,1.0,1.0,1.0,1.0,Supp. Table S5(b),r2_batch/fedgh_faithful_cancer_correlated_s67.json
fedgh_faithful_cancer_correlated,"FedGH, faithful (projector per site; per-site-routed and cross-site probes)",cancer_correlated,68,150,gpu,8,,1.0,1.0,,,,,,,,0.20897231878913183,0.19626168224299065,0.0,,,,1.0,1.0,1.0,1.0,1.0,1.0,1.0,1.0,1.0,Supp. Table S5(b),r2_batch/fedgh_faithful_cancer_correlated_s68.json
fedgh_faithful_cancer_correlated,"FedGH, faithful (projector per site; per-site-routed and cross-site probes)",cancer_correlated,69,150,gpu,8,,1.0,1.0,,,,,,,,0.17522982100092796,0.16822429906542055,0.0,,,,1.0,1.0,1.0,1.0,1.0,1.0,1.0,1.0,1.0,Supp. Table S5(b),r2_batch/fedgh_faithful_cancer_correlated_s69.json
fedgh_faithful_cancer_correlated,"FedGH, faithful (projector per site; per-site-routed and cross-site probes)",cancer_correlated,70,150,gpu,8,,1.0,1.0,,,,,,,,0.17618622751822968,0.16822429906542055,0.0,,,,1.0,1.0,1.0,1.0,1.0,1.0,1.0,1.0,1.0,Supp. Table S5(b),r2_batch/fedgh_faithful_cancer_correlated_s70.json
fedgh_faithful_cancer_correlated,"FedGH, faithful (projector per site; per-site-routed and cross-site probes)",cancer_correlated,71,150,gpu,8,,1.0,1.0,,,,,,,,0.21690144813990989,0.2803738317757009,0.0,,,,1.0,1.0,1.0,1.0,1.0,1.0,1.0,1.0,1.0,Supp. Table S5(b),r2_batch/fedgh_faithful_cancer_correlated_s71.json
fedgh_faithful_cancer_correlated,"FedGH, faithful (projector per site; per-site-routed and cross-site probes)",cancer_correlated,72,150,gpu,8,,1.0,1.0,,,,,,,,0.14290283817295724,0.18691588785046728,0.0,,,,1.0,1.0,1.0,1.0,1.0,1.0,1.0,1.0,1.0,Supp. Table S5(b),r2_batch/fedgh_faithful_cancer_correlated_s72.json
fedgh_faithful_cancer_correlated,"FedGH, faithful (projector per site; per-site-routed and cross-site probes)",cancer_correlated,73,150,gpu,8,,1.0,1.0,,,,,,,,0.16684471888922678,0.22429906542056074,0.0,,,,1.0,1.0,1.0,1.0,1.0,1.0,1.0,1.0,1.0,Supp. Table S5(b),r2_batch/fedgh_faithful_cancer_correlated_s73.json
fedgh_faithful_cancer_correlated,"FedGH, faithful (projector per site; per-site-routed and cross-site probes)",cancer_correlated,74,150,gpu,8,,1.0,1.0,,,,,,,,0.15915262966829158,0.16822429906542055,0.0,,,,1.0,1.0,1.0,1.0,1.0,1.0,1.0,1.0,1.0,Supp. Table S5(b),r2_batch/fedgh_faithful_cancer_correlated_s74.json
fedgh_faithful_cancer_correlated,"FedGH, faithful (projector per site; per-site-routed and cross-site probes)",cancer_correlated,75,150,gpu,8,,1.0,1.0,,,,,,,,0.17913536109590622,0.21495327102803738,0.0,,,,1.0,1.0,1.0,1.0,1.0,1.0,1.0,1.0,1.0,Supp. Table S5(b),r2_batch/fedgh_faithful_cancer_correlated_s75.json
fedgh_faithful_cancer_correlated,"FedGH, faithful (projector per site; per-site-routed and cross-site probes)",cancer_correlated,76,150,gpu,8,,1.0,1.0,,,,,,,,0.1394872334755271,0.18691588785046728,0.0,,,,1.0,1.0,1.0,1.0,1.0,1.0,1.0,1.0,1.0,Supp. Table S5(b),r2_batch/fedgh_faithful_cancer_correlated_s76.json
fedgh_faithful_cancer_correlated,"FedGH, faithful (projector per site; per-site-routed and cross-site probes)",cancer_correlated,77,150,gpu,8,,1.0,1.0,,,,,,,,0.08201652751136053,0.1308411214953271,0.0,,,,1.0,1.0,1.0,1.0,1.0,1.0,1.0,1.0,1.0,Supp. Table S5(b),r2_batch/fedgh_faithful_cancer_correlated_s77.json
fedgh_faithful_cancer_correlated,"FedGH, faithful (projector per site; per-site-routed and cross-site probes)",cancer_correlated,78,150,gpu,8,,1.0,1.0,,,,,,,,0.12228653735086262,0.18691588785046728,0.0,,,,1.0,1.0,1.0,1.0,1.0,1.0,1.0,1.0,1.0,Supp. Table S5(b),r2_batch/fedgh_faithful_cancer_correlated_s78.json
fedgh_faithful_cancer_correlated,"FedGH, faithful (projector per site; per-site-routed and cross-site probes)",cancer_correlated,79,150,gpu,8,,1.0,1.0,,,,,,,,0.1655654880769963,0.22429906542056074,0.0,,,,1.0,1.0,1.0,1.0,1.0,1.0,1.0,1.0,1.0,Supp. Table S5(b),r2_batch/fedgh_faithful_cancer_correlated_s79.json
fedgh_faithful_cancer_correlated,"FedGH, faithful (projector per site; per-site-routed and cross-site probes)",cancer_correlated,80,150,gpu,8,,1.0,1.0,,,,,,,,0.16720310991598425,0.19626168224299065,0.0,,,,1.0,1.0,1.0,1.0,1.0,1.0,1.0,1.0,1.0,Supp. Table S5(b),r2_batch/fedgh_faithful_cancer_correlated_s80.json
fedgh_faithful_cancer_correlated,"FedGH, faithful (projector per site; per-site-routed and cross-site probes)",cancer_correlated,81,150,gpu,8,,1.0,1.0,,,,,,,,0.1494267754116286,0.22429906542056074,0.0,,,,1.0,1.0,1.0,1.0,1.0,1.0,1.0,1.0,1.0,Supp. Table S5(b),r2_batch/fedgh_faithful_cancer_correlated_s81.json
fedgh_faithful_cancer_correlated,"FedGH, faithful (projector per site; per-site-routed and cross-site probes)",cancer_correlated,82,150,gpu,8,,1.0,1.0,,,,,,,,0.29147813360076624,0.2336448598130841,0.0,,,,1.0,1.0,1.0,1.0,1.0,1.0,1.0,1.0,1.0,Supp. Table S5(b),r2_batch/fedgh_faithful_cancer_correlated_s82.json
fedgh_faithful_cancer_correlated,"FedGH, faithful (projector per site; per-site-routed and cross-site probes)",cancer_correlated,83,150,gpu,8,,1.0,1.0,,,,,,,,0.23024537291399114,0.24299065420560748,0.0,,,,1.0,1.0,1.0,1.0,1.0,1.0,1.0,1.0,1.0,Supp. Table S5(b),r2_batch/fedgh_faithful_cancer_correlated_s83.json
fedgh_faithful_cancer_correlated,"FedGH, faithful (projector per site; per-site-routed and cross-site probes)",cancer_correlated,84,150,gpu,8,,1.0,1.0,,,,,,,,0.18216432764229365,0.2336448598130841,0.0,,,,1.0,1.0,1.0,1.0,1.0,1.0,1.0,1.0,1.0,Supp. Table S5(b),r2_batch/fedgh_faithful_cancer_correlated_s84.json
fedgh_faithful_cancer_correlated,"FedGH, faithful (projector per site; per-site-routed and cross-site probes)",cancer_correlated,85,150,gpu,8,,1.0,1.0,,,,,,,,0.0639043790823347,0.102803738317757,0.0,,,,1.0,1.0,1.0,1.0,1.0,1.0,1.0,1.0,1.0,Supp. Table S5(b),r2_batch/fedgh_faithful_cancer_correlated_s85.json
fedgh_faithful_cancer_correlated,"FedGH, faithful (projector per site; per-site-routed and cross-site probes)",cancer_correlated,86,150,gpu,8,,1.0,1.0,,,,,,,,0.1702285068169509,0.1588785046728972,0.0,,,,1.0,1.0,1.0,1.0,1.0,1.0,1.0,1.0,1.0,Supp. Table S5(b),r2_batch/fedgh_faithful_cancer_correlated_s86.json
fedgh_faithful_cancer_correlated,"FedGH, faithful (projector per site; per-site-routed and cross-site probes)",cancer_correlated,87,150,gpu,8,,1.0,1.0,,,,,,,,0.14913893947190948,0.205607476635514,0.0,,,,1.0,1.0,1.0,1.0,1.0,1.0,1.0,1.0,1.0,Supp. Table S5(b),r2_batch/fedgh_faithful_cancer_correlated_s87.json
fedgh_faithful_cancer_correlated,"FedGH, faithful (projector per site; per-site-routed and cross-site probes)",cancer_correlated,88,150,gpu,8,,1.0,1.0,,,,,,,,0.2142779798522401,0.22429906542056074,0.0,,,,1.0,1.0,1.0,1.0,1.0,1.0,1.0,1.0,1.0,Supp. Table S5(b),r2_batch/fedgh_faithful_cancer_correlated_s88.json
fedgh_faithful_cancer_correlated,"FedGH, faithful (projector per site; per-site-routed and cross-site probes)",cancer_correlated,89,150,gpu,8,,1.0,1.0,,,,,,,,0.21997918838469457,0.24299065420560748,0.0,,,,1.0,1.0,1.0,1.0,1.0,1.0,1.0,1.0,1.0,Supp. Table S5(b),r2_batch/fedgh_faithful_cancer_correlated_s89.json
fedgh_faithful_cancer_correlated,"FedGH, faithful (projector per site; per-site-routed and cross-site probes)",cancer_correlated,90,150,gpu,8,,1.0,1.0,,,,,,,,0.17269459877955384,0.21495327102803738,0.0,,,,1.0,1.0,1.0,1.0,1.0,1.0,1.0,1.0,1.0,Supp. Table S5(b),r2_batch/fedgh_faithful_cancer_correlated_s90.json
fedgh_faithful_cancer_correlated,"FedGH, faithful (projector per site; per-site-routed and cross-site probes)",cancer_correlated,91,150,gpu,8,,1.0,1.0,,,,,,,,0.19561707994464747,0.2336448598130841,0.0,,,,1.0,1.0,1.0,1.0,1.0,1.0,1.0,1.0,1.0,Supp. Table S5(b),r2_batch/fedgh_faithful_cancer_correlated_s91.json
fedgh_faithful_adversarial,"FedGH, faithful (projector per site; per-site-routed and cross-site probes)",adversarial,62,150,gpu,8,,1.0,1.0,,,,,,,,0.3079515753456674,0.308411214953271,0.0,,,,1.0,1.0,1.0,1.0,1.0,1.0,1.0,1.0,1.0,Supp. Table S5(b),r2_batch/fedgh_faithful_adversarial_s62.json
fedgh_faithful_adversarial,"FedGH, faithful (projector per site; per-site-routed and cross-site probes)",adversarial,63,150,gpu,8,,1.0,1.0,,,,,,,,0.33804973697118135,0.38317757009345793,0.0,,,,1.0,1.0,1.0,1.0,1.0,1.0,1.0,1.0,1.0,Supp. Table S5(b),r2_batch/fedgh_faithful_adversarial_s63.json
fedgh_faithful_adversarial,"FedGH, faithful (projector per site; per-site-routed and cross-site probes)",adversarial,64,150,gpu,8,,1.0,1.0,,,,,,,,0.3361542221714557,0.3644859813084112,0.0,,,,1.0,1.0,1.0,1.0,1.0,1.0,1.0,1.0,1.0,Supp. Table S5(b),r2_batch/fedgh_faithful_adversarial_s64.json
fedgh_faithful_adversarial,"FedGH, faithful (projector per site; per-site-routed and cross-site probes)",adversarial,65,150,gpu,8,,1.0,1.0,,,,,,,,0.3844027647069685,0.4205607476635514,0.0,,,,1.0,1.0,1.0,1.0,1.0,1.0,1.0,1.0,1.0,Supp. Table S5(b),r2_batch/fedgh_faithful_adversarial_s65.json
fedgh_faithful_adversarial,"FedGH, faithful (projector per site; per-site-routed and cross-site probes)",adversarial,66,150,gpu,8,,1.0,1.0,,,,,,,,0.2891423905313723,0.2897196261682243,0.0,,,,1.0,1.0,1.0,1.0,1.0,1.0,1.0,1.0,1.0,Supp. Table S5(b),r2_batch/fedgh_faithful_adversarial_s66.json
fedgh_faithful_adversarial,"FedGH, faithful (projector per site; per-site-routed and cross-site probes)",adversarial,67,150,gpu,8,,1.0,1.0,,,,,,,,0.29688958877455496,0.3364485981308411,0.0,,,,1.0,1.0,1.0,1.0,1.0,1.0,1.0,1.0,1.0,Supp. Table S5(b),r2_batch/fedgh_faithful_adversarial_s67.json
fedgh_faithful_adversarial,"FedGH, faithful (projector per site; per-site-routed and cross-site probes)",adversarial,68,150,gpu,8,,1.0,1.0,,,,,,,,0.32346352550172447,0.3644859813084112,0.0,,,,1.0,1.0,1.0,1.0,1.0,1.0,1.0,1.0,1.0,Supp. Table S5(b),r2_batch/fedgh_faithful_adversarial_s68.json
fedgh_faithful_adversarial,"FedGH, faithful (projector per site; per-site-routed and cross-site probes)",adversarial,69,150,gpu,8,,1.0,1.0,,,,,,,,0.27133347990596507,0.35514018691588783,0.0,,,,1.0,1.0,1.0,1.0,1.0,1.0,1.0,1.0,1.0,Supp. Table S5(b),r2_batch/fedgh_faithful_adversarial_s69.json
fedgh_faithful_adversarial,"FedGH, faithful (projector per site; per-site-routed and cross-site probes)",adversarial,70,150,gpu,8,,1.0,1.0,,,,,,,,0.43754286549268684,0.42990654205607476,0.0,,,,1.0,1.0,1.0,1.0,1.0,1.0,1.0,1.0,1.0,Supp. Table S5(b),r2_batch/fedgh_faithful_adversarial_s70.json
fedgh_faithful_adversarial,"FedGH, faithful (projector per site; per-site-routed and cross-site probes)",adversarial,71,150,gpu,8,,1.0,1.0,,,,,,,,0.348476380018238,0.42990654205607476,0.0,,,,1.0,1.0,1.0,1.0,1.0,1.0,1.0,1.0,1.0,Supp. Table S5(b),r2_batch/fedgh_faithful_adversarial_s71.json
fedgh_faithful_adversarial,"FedGH, faithful (projector per site; per-site-routed and cross-site probes)",adversarial,72,150,gpu,8,,1.0,1.0,,,,,,,,0.3613169451957871,0.4392523364485981,0.0,,,,1.0,1.0,1.0,1.0,1.0,1.0,1.0,1.0,1.0,Supp. Table S5(b),r2_batch/fedgh_faithful_adversarial_s72.json
fedgh_faithful_adversarial,"FedGH, faithful (projector per site; per-site-routed and cross-site probes)",adversarial,73,150,gpu,8,,1.0,1.0,,,,,,,,0.32468207568470603,0.32710280373831774,0.0,,,,1.0,1.0,1.0,1.0,1.0,1.0,1.0,1.0,1.0,Supp. Table S5(b),r2_batch/fedgh_faithful_adversarial_s73.json
fedgh_faithful_adversarial,"FedGH, faithful (projector per site; per-site-routed and cross-site probes)",adversarial,74,150,gpu,8,,1.0,1.0,,,,,,,,0.3036299570990132,0.34579439252336447,0.0,,,,1.0,1.0,1.0,1.0,1.0,1.0,1.0,1.0,1.0,Supp. Table S5(b),r2_batch/fedgh_faithful_adversarial_s74.json
fedgh_faithful_adversarial,"FedGH, faithful (projector per site; per-site-routed and cross-site probes)",adversarial,75,150,gpu,8,,1.0,1.0,,,,,,,,0.4218890483612869,0.4485981308411215,0.0,,,,1.0,1.0,1.0,1.0,1.0,1.0,1.0,1.0,1.0,Supp. Table S5(b),r2_batch/fedgh_faithful_adversarial_s75.json
fedgh_faithful_adversarial,"FedGH, faithful (projector per site; per-site-routed and cross-site probes)",adversarial,76,150,gpu,8,,1.0,1.0,,,,,,,,0.30848818593089933,0.3644859813084112,0.0,,,,1.0,1.0,1.0,1.0,1.0,1.0,1.0,1.0,1.0,Supp. Table S5(b),r2_batch/fedgh_faithful_adversarial_s76.json
fedgh_faithful_adversarial,"FedGH, faithful (projector per site; per-site-routed and cross-site probes)",adversarial,77,150,gpu,8,,1.0,1.0,,,,,,,,0.37479792673978785,0.3644859813084112,0.0,,,,1.0,1.0,1.0,1.0,1.0,1.0,1.0,1.0,1.0,Supp. Table S5(b),r2_batch/fedgh_faithful_adversarial_s77.json
fedgh_faithful_adversarial,"FedGH, faithful (projector per site; per-site-routed and cross-site probes)",adversarial,78,150,gpu,8,,1.0,1.0,,,,,,,,0.4197186792623375,0.4205607476635514,0.0,,,,1.0,1.0,1.0,1.0,1.0,1.0,1.0,1.0,1.0,Supp. Table S5(b),r2_batch/fedgh_faithful_adversarial_s78.json
fedgh_faithful_adversarial,"FedGH, faithful (projector per site; per-site-routed and cross-site probes)",adversarial,79,150,gpu,8,,1.0,1.0,,,,,,,,0.24748491572979608,0.3644859813084112,0.0,,,,1.0,1.0,1.0,1.0,1.0,1.0,1.0,1.0,1.0,Supp. Table S5(b),r2_batch/fedgh_faithful_adversarial_s79.json
fedgh_faithful_adversarial,"FedGH, faithful (projector per site; per-site-routed and cross-site probes)",adversarial,80,150,gpu,8,,1.0,1.0,,,,,,,,0.30969176700290396,0.3925233644859813,0.0,,,,1.0,1.0,1.0,1.0,1.0,1.0,1.0,1.0,1.0,Supp. Table S5(b),r2_batch/fedgh_faithful_adversarial_s80.json
fedgh_faithful_adversarial,"FedGH, faithful (projector per site; per-site-routed and cross-site probes)",adversarial,81,150,gpu,8,,1.0,1.0,,,,,,,,0.3427336015037384,0.35514018691588783,0.0,,,,1.0,1.0,1.0,1.0,1.0,1.0,1.0,1.0,1.0,Supp. Table S5(b),r2_batch/fedgh_faithful_adversarial_s81.json
fedgh_faithful_adversarial,"FedGH, faithful (projector per site; per-site-routed and cross-site probes)",adversarial,82,150,gpu,8,,1.0,1.0,,,,,,,,0.3685592846149559,0.37383177570093457,0.0,,,,1.0,1.0,1.0,1.0,1.0,1.0,1.0,1.0,1.0,Supp. Table S5(b),r2_batch/fedgh_faithful_adversarial_s82.json
fedgh_faithful_adversarial,"FedGH, faithful (projector per site; per-site-routed and cross-site probes)",adversarial,83,150,gpu,8,,1.0,1.0,,,,,,,,0.3232409023859936,0.3644859813084112,0.0,,,,1.0,1.0,1.0,1.0,1.0,1.0,1.0,1.0,1.0,Supp. Table S5(b),r2_batch/fedgh_faithful_adversarial_s83.json
fedgh_faithful_adversarial,"FedGH, faithful (projector per site; per-site-routed and cross-site probes)",adversarial,84,150,gpu,8,,1.0,1.0,,,,,,,,0.40514071306312455,0.34579439252336447,0.0,,,,1.0,1.0,1.0,1.0,1.0,1.0,1.0,1.0,1.0,Supp. Table S5(b),r2_batch/fedgh_faithful_adversarial_s84.json
fedgh_faithful_adversarial,"FedGH, faithful (projector per site; per-site-routed and cross-site probes)",adversarial,85,150,gpu,8,,1.0,1.0,,,,,,,,0.2620223392546136,0.27102803738317754,0.0,,,,1.0,1.0,1.0,1.0,1.0,1.0,1.0,1.0,1.0,Supp. Table S5(b),r2_batch/fedgh_faithful_adversarial_s85.json
fedgh_faithful_adversarial,"FedGH, faithful (projector per site; per-site-routed and cross-site probes)",adversarial,86,150,gpu,8,,1.0,1.0,,,,,,,,0.3704387009498703,0.40186915887850466,0.0,,,,1.0,1.0,1.0,1.0,1.0,1.0,1.0,1.0,1.0,Supp. Table S5(b),r2_batch/fedgh_faithful_adversarial_s86.json
fedgh_faithful_adversarial,"FedGH, faithful (projector per site; per-site-routed and cross-site probes)",adversarial,87,150,gpu,8,,1.0,1.0,,,,,,,,0.3753306602356234,0.3644859813084112,0.0,,,,1.0,1.0,1.0,1.0,1.0,1.0,1.0,1.0,1.0,Supp. Table S5(b),r2_batch/fedgh_faithful_adversarial_s87.json
fedgh_faithful_adversarial,"FedGH, faithful (projector per site; per-site-routed and cross-site probes)",adversarial,88,150,gpu,8,,1.0,1.0,,,,,,,,0.32944811806037066,0.38317757009345793,0.0,,,,1.0,1.0,1.0,1.0,1.0,1.0,1.0,1.0,1.0,Supp. Table S5(b),r2_batch/fedgh_faithful_adversarial_s88.json
fedgh_faithful_adversarial,"FedGH, faithful (projector per site; per-site-routed and cross-site probes)",adversarial,89,150,gpu,8,,1.0,1.0,,,,,,,,0.3964179740475168,0.3925233644859813,0.0,,,,1.0,1.0,1.0,1.0,1.0,1.0,1.0,1.0,1.0,Supp. Table S5(b),r2_batch/fedgh_faithful_adversarial_s89.json
fedgh_faithful_adversarial,"FedGH, faithful (projector per site; per-site-routed and cross-site probes)",adversarial,90,150,gpu,8,,1.0,1.0,,,,,,,,0.27322125790861107,0.29906542056074764,0.0,,,,1.0,1.0,1.0,1.0,1.0,1.0,1.0,1.0,1.0,Supp. Table S5(b),r2_batch/fedgh_faithful_adversarial_s90.json
fedgh_faithful_adversarial,"FedGH, faithful (projector per site; per-site-routed and cross-site probes)",adversarial,91,150,gpu,8,,1.0,1.0,,,,,,,,0.345543458504387,0.34579439252336447,0.0,,,,1.0,1.0,1.0,1.0,1.0,1.0,1.0,1.0,1.0,Supp. Table S5(b),r2_batch/fedgh_faithful_adversarial_s91.json
localonly_stratified,"Local-only floor (each site's own projector and head, scored on the global test set)",stratified,62,150,gpu,,,0.1111,,,,,,,,,,,,,,,,,,,,,,,,"Section V-A, Table 5 caption, Fig. 2",r2_batch/localonly_stratified_s62.json
localonly_stratified,"Local-only floor (each site's own projector and head, scored on the global test set)",stratified,63,150,gpu,,,0.1111,,,,,,,,,,,,,,,,,,,,,,,,"Section V-A, Table 5 caption, Fig. 2",r2_batch/localonly_stratified_s63.json
localonly_stratified,"Local-only floor (each site's own projector and head, scored on the global test set)",stratified,64,150,gpu,,,0.1111,,,,,,,,,,,,,,,,,,,,,,,,"Section V-A, Table 5 caption, Fig. 2",r2_batch/localonly_stratified_s64.json
localonly_stratified,"Local-only floor (each site's own projector and head, scored on the global test set)",stratified,65,150,gpu,,,0.1111,,,,,,,,,,,,,,,,,,,,,,,,"Section V-A, Table 5 caption, Fig. 2",r2_batch/localonly_stratified_s65.json
localonly_stratified,"Local-only floor (each site's own projector and head, scored on the global test set)",stratified,66,150,gpu,,,0.1111,,,,,,,,,,,,,,,,,,,,,,,,"Section V-A, Table 5 caption, Fig. 2",r2_batch/localonly_stratified_s66.json
localonly_stratified,"Local-only floor (each site's own projector and head, scored on the global test set)",stratified,67,150,gpu,,,0.1111,,,,,,,,,,,,,,,,,,,,,,,,"Section V-A, Table 5 caption, Fig. 2",r2_batch/localonly_stratified_s67.json
localonly_stratified,"Local-only floor (each site's own projector and head, scored on the global test set)",stratified,68,150,gpu,,,0.1111,,,,,,,,,,,,,,,,,,,,,,,,"Section V-A, Table 5 caption, Fig. 2",r2_batch/localonly_stratified_s68.json
localonly_stratified,"Local-only floor (each site's own projector and head, scored on the global test set)",stratified,69,150,gpu,,,0.1111,,,,,,,,,,,,,,,,,,,,,,,,"Section V-A, Table 5 caption, Fig. 2",r2_batch/localonly_stratified_s69.json
localonly_stratified,"Local-only floor (each site's own projector and head, scored on the global test set)",stratified,70,150,gpu,,,0.1111,,,,,,,,,,,,,,,,,,,,,,,,"Section V-A, Table 5 caption, Fig. 2",r2_batch/localonly_stratified_s70.json
localonly_stratified,"Local-only floor (each site's own projector and head, scored on the global test set)",stratified,71,150,gpu,,,0.1111,,,,,,,,,,,,,,,,,,,,,,,,"Section V-A, Table 5 caption, Fig. 2",r2_batch/localonly_stratified_s71.json
localonly_stratified,"Local-only floor (each site's own projector and head, scored on the global test set)",stratified,72,150,gpu,,,0.1111,,,,,,,,,,,,,,,,,,,,,,,,"Section V-A, Table 5 caption, Fig. 2",r2_batch/localonly_stratified_s72.json
localonly_stratified,"Local-only floor (each site's own projector and head, scored on the global test set)",stratified,73,150,gpu,,,0.1111,,,,,,,,,,,,,,,,,,,,,,,,"Section V-A, Table 5 caption, Fig. 2",r2_batch/localonly_stratified_s73.json
localonly_stratified,"Local-only floor (each site's own projector and head, scored on the global test set)",stratified,74,150,gpu,,,0.1111,,,,,,,,,,,,,,,,,,,,,,,,"Section V-A, Table 5 caption, Fig. 2",r2_batch/localonly_stratified_s74.json
localonly_stratified,"Local-only floor (each site's own projector and head, scored on the global test set)",stratified,75,150,gpu,,,0.1111,,,,,,,,,,,,,,,,,,,,,,,,"Section V-A, Table 5 caption, Fig. 2",r2_batch/localonly_stratified_s75.json
localonly_stratified,"Local-only floor (each site's own projector and head, scored on the global test set)",stratified,76,150,gpu,,,0.1111,,,,,,,,,,,,,,,,,,,,,,,,"Section V-A, Table 5 caption, Fig. 2",r2_batch/localonly_stratified_s76.json
localonly_stratified,"Local-only floor (each site's own projector and head, scored on the global test set)",stratified,77,150,gpu,,,0.1111,,,,,,,,,,,,,,,,,,,,,,,,"Section V-A, Table 5 caption, Fig. 2",r2_batch/localonly_stratified_s77.json
localonly_stratified,"Local-only floor (each site's own projector and head, scored on the global test set)",stratified,78,150,gpu,,,0.1111,,,,,,,,,,,,,,,,,,,,,,,,"Section V-A, Table 5 caption, Fig. 2",r2_batch/localonly_stratified_s78.json
localonly_stratified,"Local-only floor (each site's own projector and head, scored on the global test set)",stratified,79,150,gpu,,,0.1111,,,,,,,,,,,,,,,,,,,,,,,,"Section V-A, Table 5 caption, Fig. 2",r2_batch/localonly_stratified_s79.json
localonly_stratified,"Local-only floor (each site's own projector and head, scored on the global test set)",stratified,80,150,gpu,,,0.1111,,,,,,,,,,,,,,,,,,,,,,,,"Section V-A, Table 5 caption, Fig. 2",r2_batch/localonly_stratified_s80.json
localonly_stratified,"Local-only floor (each site's own projector and head, scored on the global test set)",stratified,81,150,gpu,,,0.1111,,,,,,,,,,,,,,,,,,,,,,,,"Section V-A, Table 5 caption, Fig. 2",r2_batch/localonly_stratified_s81.json
localonly_stratified,"Local-only floor (each site's own projector and head, scored on the global test set)",stratified,82,150,gpu,,,0.1111,,,,,,,,,,,,,,,,,,,,,,,,"Section V-A, Table 5 caption, Fig. 2",r2_batch/localonly_stratified_s82.json
localonly_stratified,"Local-only floor (each site's own projector and head, scored on the global test set)",stratified,83,150,gpu,,,0.1111,,,,,,,,,,,,,,,,,,,,,,,,"Section V-A, Table 5 caption, Fig. 2",r2_batch/localonly_stratified_s83.json
localonly_stratified,"Local-only floor (each site's own projector and head, scored on the global test set)",stratified,84,150,gpu,,,0.1111,,,,,,,,,,,,,,,,,,,,,,,,"Section V-A, Table 5 caption, Fig. 2",r2_batch/localonly_stratified_s84.json
localonly_stratified,"Local-only floor (each site's own projector and head, scored on the global test set)",stratified,85,150,gpu,,,0.1111,,,,,,,,,,,,,,,,,,,,,,,,"Section V-A, Table 5 caption, Fig. 2",r2_batch/localonly_stratified_s85.json
localonly_stratified,"Local-only floor (each site's own projector and head, scored on the global test set)",stratified,86,150,gpu,,,0.1111,,,,,,,,,,,,,,,,,,,,,,,,"Section V-A, Table 5 caption, Fig. 2",r2_batch/localonly_stratified_s86.json
localonly_stratified,"Local-only floor (each site's own projector and head, scored on the global test set)",stratified,87,150,gpu,,,0.1111,,,,,,,,,,,,,,,,,,,,,,,,"Section V-A, Table 5 caption, Fig. 2",r2_batch/localonly_stratified_s87.json
localonly_stratified,"Local-only floor (each site's own projector and head, scored on the global test set)",stratified,88,150,gpu,,,0.1111,,,,,,,,,,,,,,,,,,,,,,,,"Section V-A, Table 5 caption, Fig. 2",r2_batch/localonly_stratified_s88.json
localonly_stratified,"Local-only floor (each site's own projector and head, scored on the global test set)",stratified,89,150,gpu,,,0.1111,,,,,,,,,,,,,,,,,,,,,,,,"Section V-A, Table 5 caption, Fig. 2",r2_batch/localonly_stratified_s89.json
localonly_stratified,"Local-only floor (each site's own projector and head, scored on the global test set)",stratified,90,150,gpu,,,0.1111,,,,,,,,,,,,,,,,,,,,,,,,"Section V-A, Table 5 caption, Fig. 2",r2_batch/localonly_stratified_s90.json
localonly_stratified,"Local-only floor (each site's own projector and head, scored on the global test set)",stratified,91,150,gpu,,,0.1111,,,,,,,,,,,,,,,,,,,,,,,,"Section V-A, Table 5 caption, Fig. 2",r2_batch/localonly_stratified_s91.json
localonly_balanced,"Local-only floor (each site's own projector and head, scored on the global test set)",balanced,62,150,gpu,,,0.1111,,,,,,,,,,,,,,,,,,,,,,,,"Section V-A, Table 5 caption, Fig. 2",r2_batch/localonly_balanced_s62.json
localonly_balanced,"Local-only floor (each site's own projector and head, scored on the global test set)",balanced,63,150,gpu,,,0.1111,,,,,,,,,,,,,,,,,,,,,,,,"Section V-A, Table 5 caption, Fig. 2",r2_batch/localonly_balanced_s63.json
localonly_balanced,"Local-only floor (each site's own projector and head, scored on the global test set)",balanced,64,150,gpu,,,0.1111,,,,,,,,,,,,,,,,,,,,,,,,"Section V-A, Table 5 caption, Fig. 2",r2_batch/localonly_balanced_s64.json
localonly_balanced,"Local-only floor (each site's own projector and head, scored on the global test set)",balanced,65,150,gpu,,,0.1111,,,,,,,,,,,,,,,,,,,,,,,,"Section V-A, Table 5 caption, Fig. 2",r2_batch/localonly_balanced_s65.json
localonly_balanced,"Local-only floor (each site's own projector and head, scored on the global test set)",balanced,66,150,gpu,,,0.1111,,,,,,,,,,,,,,,,,,,,,,,,"Section V-A, Table 5 caption, Fig. 2",r2_batch/localonly_balanced_s66.json
localonly_balanced,"Local-only floor (each site's own projector and head, scored on the global test set)",balanced,67,150,gpu,,,0.1111,,,,,,,,,,,,,,,,,,,,,,,,"Section V-A, Table 5 caption, Fig. 2",r2_batch/localonly_balanced_s67.json
localonly_balanced,"Local-only floor (each site's own projector and head, scored on the global test set)",balanced,68,150,gpu,,,0.1111,,,,,,,,,,,,,,,,,,,,,,,,"Section V-A, Table 5 caption, Fig. 2",r2_batch/localonly_balanced_s68.json
localonly_balanced,"Local-only floor (each site's own projector and head, scored on the global test set)",balanced,69,150,gpu,,,0.1111,,,,,,,,,,,,,,,,,,,,,,,,"Section V-A, Table 5 caption, Fig. 2",r2_batch/localonly_balanced_s69.json
localonly_balanced,"Local-only floor (each site's own projector and head, scored on the global test set)",balanced,70,150,gpu,,,0.1111,,,,,,,,,,,,,,,,,,,,,,,,"Section V-A, Table 5 caption, Fig. 2",r2_batch/localonly_balanced_s70.json
localonly_balanced,"Local-only floor (each site's own projector and head, scored on the global test set)",balanced,71,150,gpu,,,0.1111,,,,,,,,,,,,,,,,,,,,,,,,"Section V-A, Table 5 caption, Fig. 2",r2_batch/localonly_balanced_s71.json
localonly_balanced,"Local-only floor (each site's own projector and head, scored on the global test set)",balanced,72,150,gpu,,,0.1111,,,,,,,,,,,,,,,,,,,,,,,,"Section V-A, Table 5 caption, Fig. 2",r2_batch/localonly_balanced_s72.json
localonly_balanced,"Local-only floor (each site's own projector and head, scored on the global test set)",balanced,73,150,gpu,,,0.1111,,,,,,,,,,,,,,,,,,,,,,,,"Section V-A, Table 5 caption, Fig. 2",r2_batch/localonly_balanced_s73.json
localonly_balanced,"Local-only floor (each site's own projector and head, scored on the global test set)",balanced,74,150,gpu,,,0.1111,,,,,,,,,,,,,,,,,,,,,,,,"Section V-A, Table 5 caption, Fig. 2",r2_batch/localonly_balanced_s74.json
localonly_balanced,"Local-only floor (each site's own projector and head, scored on the global test set)",balanced,75,150,gpu,,,0.1111,,,,,,,,,,,,,,,,,,,,,,,,"Section V-A, Table 5 caption, Fig. 2",r2_batch/localonly_balanced_s75.json
localonly_balanced,"Local-only floor (each site's own projector and head, scored on the global test set)",balanced,76,150,gpu,,,0.1111,,,,,,,,,,,,,,,,,,,,,,,,"Section V-A, Table 5 caption, Fig. 2",r2_batch/localonly_balanced_s76.json
localonly_balanced,"Local-only floor (each site's own projector and head, scored on the global test set)",balanced,77,150,gpu,,,0.1111,,,,,,,,,,,,,,,,,,,,,,,,"Section V-A, Table 5 caption, Fig. 2",r2_batch/localonly_balanced_s77.json
localonly_balanced,"Local-only floor (each site's own projector and head, scored on the global test set)",balanced,78,150,gpu,,,0.1111,,,,,,,,,,,,,,,,,,,,,,,,"Section V-A, Table 5 caption, Fig. 2",r2_batch/localonly_balanced_s78.json
localonly_balanced,"Local-only floor (each site's own projector and head, scored on the global test set)",balanced,79,150,gpu,,,0.1111,,,,,,,,,,,,,,,,,,,,,,,,"Section V-A, Table 5 caption, Fig. 2",r2_batch/localonly_balanced_s79.json
localonly_balanced,"Local-only floor (each site's own projector and head, scored on the global test set)",balanced,80,150,gpu,,,0.1111,,,,,,,,,,,,,,,,,,,,,,,,"Section V-A, Table 5 caption, Fig. 2",r2_batch/localonly_balanced_s80.json
localonly_balanced,"Local-only floor (each site's own projector and head, scored on the global test set)",balanced,81,150,gpu,,,0.1111,,,,,,,,,,,,,,,,,,,,,,,,"Section V-A, Table 5 caption, Fig. 2",r2_batch/localonly_balanced_s81.json
localonly_balanced,"Local-only floor (each site's own projector and head, scored on the global test set)",balanced,82,150,gpu,,,0.1111,,,,,,,,,,,,,,,,,,,,,,,,"Section V-A, Table 5 caption, Fig. 2",r2_batch/localonly_balanced_s82.json
localonly_balanced,"Local-only floor (each site's own projector and head, scored on the global test set)",balanced,83,150,gpu,,,0.1111,,,,,,,,,,,,,,,,,,,,,,,,"Section V-A, Table 5 caption, Fig. 2",r2_batch/localonly_balanced_s83.json
localonly_balanced,"Local-only floor (each site's own projector and head, scored on the global test set)",balanced,84,150,gpu,,,0.1111,,,,,,,,,,,,,,,,,,,,,,,,"Section V-A, Table 5 caption, Fig. 2",r2_batch/localonly_balanced_s84.json
localonly_balanced,"Local-only floor (each site's own projector and head, scored on the global test set)",balanced,85,150,gpu,,,0.1111,,,,,,,,,,,,,,,,,,,,,,,,"Section V-A, Table 5 caption, Fig. 2",r2_batch/localonly_balanced_s85.json
localonly_balanced,"Local-only floor (each site's own projector and head, scored on the global test set)",balanced,86,150,gpu,,,0.1111,,,,,,,,,,,,,,,,,,,,,,,,"Section V-A, Table 5 caption, Fig. 2",r2_batch/localonly_balanced_s86.json
localonly_balanced,"Local-only floor (each site's own projector and head, scored on the global test set)",balanced,87,150,gpu,,,0.1111,,,,,,,,,,,,,,,,,,,,,,,,"Section V-A, Table 5 caption, Fig. 2",r2_batch/localonly_balanced_s87.json
localonly_balanced,"Local-only floor (each site's own projector and head, scored on the global test set)",balanced,88,150,gpu,,,0.1111,,,,,,,,,,,,,,,,,,,,,,,,"Section V-A, Table 5 caption, Fig. 2",r2_batch/localonly_balanced_s88.json
localonly_balanced,"Local-only floor (each site's own projector and head, scored on the global test set)",balanced,89,150,gpu,,,0.1111,,,,,,,,,,,,,,,,,,,,,,,,"Section V-A, Table 5 caption, Fig. 2",r2_batch/localonly_balanced_s89.json
localonly_balanced,"Local-only floor (each site's own projector and head, scored on the global test set)",balanced,90,150,gpu,,,0.1111,,,,,,,,,,,,,,,,,,,,,,,,"Section V-A, Table 5 caption, Fig. 2",r2_batch/localonly_balanced_s90.json
localonly_balanced,"Local-only floor (each site's own projector and head, scored on the global test set)",balanced,91,150,gpu,,,0.1111,,,,,,,,,,,,,,,,,,,,,,,,"Section V-A, Table 5 caption, Fig. 2",r2_batch/localonly_balanced_s91.json
localonly_cancer_correlated,"Local-only floor (each site's own projector and head, scored on the global test set)",cancer_correlated,62,150,gpu,,,0.1111,,,,,,,,,,,,,,,,,,,,,,,,"Section V-A, Table 5 caption, Fig. 2",r2_batch/localonly_cancer_correlated_s62.json
localonly_cancer_correlated,"Local-only floor (each site's own projector and head, scored on the global test set)",cancer_correlated,63,150,gpu,,,0.1111,,,,,,,,,,,,,,,,,,,,,,,,"Section V-A, Table 5 caption, Fig. 2",r2_batch/localonly_cancer_correlated_s63.json
localonly_cancer_correlated,"Local-only floor (each site's own projector and head, scored on the global test set)",cancer_correlated,64,150,gpu,,,0.1111,,,,,,,,,,,,,,,,,,,,,,,,"Section V-A, Table 5 caption, Fig. 2",r2_batch/localonly_cancer_correlated_s64.json
localonly_cancer_correlated,"Local-only floor (each site's own projector and head, scored on the global test set)",cancer_correlated,65,150,gpu,,,0.1111,,,,,,,,,,,,,,,,,,,,,,,,"Section V-A, Table 5 caption, Fig. 2",r2_batch/localonly_cancer_correlated_s65.json
localonly_cancer_correlated,"Local-only floor (each site's own projector and head, scored on the global test set)",cancer_correlated,66,150,gpu,,,0.1111,,,,,,,,,,,,,,,,,,,,,,,,"Section V-A, Table 5 caption, Fig. 2",r2_batch/localonly_cancer_correlated_s66.json
localonly_cancer_correlated,"Local-only floor (each site's own projector and head, scored on the global test set)",cancer_correlated,67,150,gpu,,,0.1111,,,,,,,,,,,,,,,,,,,,,,,,"Section V-A, Table 5 caption, Fig. 2",r2_batch/localonly_cancer_correlated_s67.json
localonly_cancer_correlated,"Local-only floor (each site's own projector and head, scored on the global test set)",cancer_correlated,68,150,gpu,,,0.1111,,,,,,,,,,,,,,,,,,,,,,,,"Section V-A, Table 5 caption, Fig. 2",r2_batch/localonly_cancer_correlated_s68.json
localonly_cancer_correlated,"Local-only floor (each site's own projector and head, scored on the global test set)",cancer_correlated,69,150,gpu,,,0.1111,,,,,,,,,,,,,,,,,,,,,,,,"Section V-A, Table 5 caption, Fig. 2",r2_batch/localonly_cancer_correlated_s69.json
localonly_cancer_correlated,"Local-only floor (each site's own projector and head, scored on the global test set)",cancer_correlated,70,150,gpu,,,0.1111,,,,,,,,,,,,,,,,,,,,,,,,"Section V-A, Table 5 caption, Fig. 2",r2_batch/localonly_cancer_correlated_s70.json
localonly_cancer_correlated,"Local-only floor (each site's own projector and head, scored on the global test set)",cancer_correlated,71,150,gpu,,,0.1111,,,,,,,,,,,,,,,,,,,,,,,,"Section V-A, Table 5 caption, Fig. 2",r2_batch/localonly_cancer_correlated_s71.json
localonly_cancer_correlated,"Local-only floor (each site's own projector and head, scored on the global test set)",cancer_correlated,72,150,gpu,,,0.1111,,,,,,,,,,,,,,,,,,,,,,,,"Section V-A, Table 5 caption, Fig. 2",r2_batch/localonly_cancer_correlated_s72.json
localonly_cancer_correlated,"Local-only floor (each site's own projector and head, scored on the global test set)",cancer_correlated,73,150,gpu,,,0.1111,,,,,,,,,,,,,,,,,,,,,,,,"Section V-A, Table 5 caption, Fig. 2",r2_batch/localonly_cancer_correlated_s73.json
localonly_cancer_correlated,"Local-only floor (each site's own projector and head, scored on the global test set)",cancer_correlated,74,150,gpu,,,0.1111,,,,,,,,,,,,,,,,,,,,,,,,"Section V-A, Table 5 caption, Fig. 2",r2_batch/localonly_cancer_correlated_s74.json
localonly_cancer_correlated,"Local-only floor (each site's own projector and head, scored on the global test set)",cancer_correlated,75,150,gpu,,,0.1111,,,,,,,,,,,,,,,,,,,,,,,,"Section V-A, Table 5 caption, Fig. 2",r2_batch/localonly_cancer_correlated_s75.json
localonly_cancer_correlated,"Local-only floor (each site's own projector and head, scored on the global test set)",cancer_correlated,76,150,gpu,,,0.1111,,,,,,,,,,,,,,,,,,,,,,,,"Section V-A, Table 5 caption, Fig. 2",r2_batch/localonly_cancer_correlated_s76.json
localonly_cancer_correlated,"Local-only floor (each site's own projector and head, scored on the global test set)",cancer_correlated,77,150,gpu,,,0.1111,,,,,,,,,,,,,,,,,,,,,,,,"Section V-A, Table 5 caption, Fig. 2",r2_batch/localonly_cancer_correlated_s77.json
localonly_cancer_correlated,"Local-only floor (each site's own projector and head, scored on the global test set)",cancer_correlated,78,150,gpu,,,0.1111,,,,,,,,,,,,,,,,,,,,,,,,"Section V-A, Table 5 caption, Fig. 2",r2_batch/localonly_cancer_correlated_s78.json
localonly_cancer_correlated,"Local-only floor (each site's own projector and head, scored on the global test set)",cancer_correlated,79,150,gpu,,,0.1111,,,,,,,,,,,,,,,,,,,,,,,,"Section V-A, Table 5 caption, Fig. 2",r2_batch/localonly_cancer_correlated_s79.json
localonly_cancer_correlated,"Local-only floor (each site's own projector and head, scored on the global test set)",cancer_correlated,80,150,gpu,,,0.1111,,,,,,,,,,,,,,,,,,,,,,,,"Section V-A, Table 5 caption, Fig. 2",r2_batch/localonly_cancer_correlated_s80.json
localonly_cancer_correlated,"Local-only floor (each site's own projector and head, scored on the global test set)",cancer_correlated,81,150,gpu,,,0.1111,,,,,,,,,,,,,,,,,,,,,,,,"Section V-A, Table 5 caption, Fig. 2",r2_batch/localonly_cancer_correlated_s81.json
localonly_cancer_correlated,"Local-only floor (each site's own projector and head, scored on the global test set)",cancer_correlated,82,150,gpu,,,0.1111,,,,,,,,,,,,,,,,,,,,,,,,"Section V-A, Table 5 caption, Fig. 2",r2_batch/localonly_cancer_correlated_s82.json
localonly_cancer_correlated,"Local-only floor (each site's own projector and head, scored on the global test set)",cancer_correlated,83,150,gpu,,,0.1111,,,,,,,,,,,,,,,,,,,,,,,,"Section V-A, Table 5 caption, Fig. 2",r2_batch/localonly_cancer_correlated_s83.json
localonly_cancer_correlated,"Local-only floor (each site's own projector and head, scored on the global test set)",cancer_correlated,84,150,gpu,,,0.1111,,,,,,,,,,,,,,,,,,,,,,,,"Section V-A, Table 5 caption, Fig. 2",r2_batch/localonly_cancer_correlated_s84.json
localonly_cancer_correlated,"Local-only floor (each site's own projector and head, scored on the global test set)",cancer_correlated,85,150,gpu,,,0.1111,,,,,,,,,,,,,,,,,,,,,,,,"Section V-A, Table 5 caption, Fig. 2",r2_batch/localonly_cancer_correlated_s85.json
localonly_cancer_correlated,"Local-only floor (each site's own projector and head, scored on the global test set)",cancer_correlated,86,150,gpu,,,0.1111,,,,,,,,,,,,,,,,,,,,,,,,"Section V-A, Table 5 caption, Fig. 2",r2_batch/localonly_cancer_correlated_s86.json
localonly_cancer_correlated,"Local-only floor (each site's own projector and head, scored on the global test set)",cancer_correlated,87,150,gpu,,,0.1111,,,,,,,,,,,,,,,,,,,,,,,,"Section V-A, Table 5 caption, Fig. 2",r2_batch/localonly_cancer_correlated_s87.json
localonly_cancer_correlated,"Local-only floor (each site's own projector and head, scored on the global test set)",cancer_correlated,88,150,gpu,,,0.1111,,,,,,,,,,,,,,,,,,,,,,,,"Section V-A, Table 5 caption, Fig. 2",r2_batch/localonly_cancer_correlated_s88.json
localonly_cancer_correlated,"Local-only floor (each site's own projector and head, scored on the global test set)",cancer_correlated,89,150,gpu,,,0.1111,,,,,,,,,,,,,,,,,,,,,,,,"Section V-A, Table 5 caption, Fig. 2",r2_batch/localonly_cancer_correlated_s89.json
localonly_cancer_correlated,"Local-only floor (each site's own projector and head, scored on the global test set)",cancer_correlated,90,150,gpu,,,0.1111,,,,,,,,,,,,,,,,,,,,,,,,"Section V-A, Table 5 caption, Fig. 2",r2_batch/localonly_cancer_correlated_s90.json
localonly_cancer_correlated,"Local-only floor (each site's own projector and head, scored on the global test set)",cancer_correlated,91,150,gpu,,,0.1111,,,,,,,,,,,,,,,,,,,,,,,,"Section V-A, Table 5 caption, Fig. 2",r2_batch/localonly_cancer_correlated_s91.json
localonly_adversarial,"Local-only floor (each site's own projector and head, scored on the global test set)",adversarial,62,150,gpu,,,0.1111,,,,,,,,,,,,,,,,,,,,,,,,"Section V-A, Table 5 caption, Fig. 2",r2_batch/localonly_adversarial_s62.json
localonly_adversarial,"Local-only floor (each site's own projector and head, scored on the global test set)",adversarial,63,150,gpu,,,0.1111,,,,,,,,,,,,,,,,,,,,,,,,"Section V-A, Table 5 caption, Fig. 2",r2_batch/localonly_adversarial_s63.json
localonly_adversarial,"Local-only floor (each site's own projector and head, scored on the global test set)",adversarial,64,150,gpu,,,0.1111,,,,,,,,,,,,,,,,,,,,,,,,"Section V-A, Table 5 caption, Fig. 2",r2_batch/localonly_adversarial_s64.json
localonly_adversarial,"Local-only floor (each site's own projector and head, scored on the global test set)",adversarial,65,150,gpu,,,0.1111,,,,,,,,,,,,,,,,,,,,,,,,"Section V-A, Table 5 caption, Fig. 2",r2_batch/localonly_adversarial_s65.json
localonly_adversarial,"Local-only floor (each site's own projector and head, scored on the global test set)",adversarial,66,150,gpu,,,0.1111,,,,,,,,,,,,,,,,,,,,,,,,"Section V-A, Table 5 caption, Fig. 2",r2_batch/localonly_adversarial_s66.json
localonly_adversarial,"Local-only floor (each site's own projector and head, scored on the global test set)",adversarial,67,150,gpu,,,0.1111,,,,,,,,,,,,,,,,,,,,,,,,"Section V-A, Table 5 caption, Fig. 2",r2_batch/localonly_adversarial_s67.json
localonly_adversarial,"Local-only floor (each site's own projector and head, scored on the global test set)",adversarial,68,150,gpu,,,0.1111,,,,,,,,,,,,,,,,,,,,,,,,"Section V-A, Table 5 caption, Fig. 2",r2_batch/localonly_adversarial_s68.json
localonly_adversarial,"Local-only floor (each site's own projector and head, scored on the global test set)",adversarial,69,150,gpu,,,0.1111,,,,,,,,,,,,,,,,,,,,,,,,"Section V-A, Table 5 caption, Fig. 2",r2_batch/localonly_adversarial_s69.json
localonly_adversarial,"Local-only floor (each site's own projector and head, scored on the global test set)",adversarial,70,150,gpu,,,0.1111,,,,,,,,,,,,,,,,,,,,,,,,"Section V-A, Table 5 caption, Fig. 2",r2_batch/localonly_adversarial_s70.json
localonly_adversarial,"Local-only floor (each site's own projector and head, scored on the global test set)",adversarial,71,150,gpu,,,0.1111,,,,,,,,,,,,,,,,,,,,,,,,"Section V-A, Table 5 caption, Fig. 2",r2_batch/localonly_adversarial_s71.json
localonly_adversarial,"Local-only floor (each site's own projector and head, scored on the global test set)",adversarial,72,150,gpu,,,0.1111,,,,,,,,,,,,,,,,,,,,,,,,"Section V-A, Table 5 caption, Fig. 2",r2_batch/localonly_adversarial_s72.json
localonly_adversarial,"Local-only floor (each site's own projector and head, scored on the global test set)",adversarial,73,150,gpu,,,0.1111,,,,,,,,,,,,,,,,,,,,,,,,"Section V-A, Table 5 caption, Fig. 2",r2_batch/localonly_adversarial_s73.json
localonly_adversarial,"Local-only floor (each site's own projector and head, scored on the global test set)",adversarial,74,150,gpu,,,0.1111,,,,,,,,,,,,,,,,,,,,,,,,"Section V-A, Table 5 caption, Fig. 2",r2_batch/localonly_adversarial_s74.json
localonly_adversarial,"Local-only floor (each site's own projector and head, scored on the global test set)",adversarial,75,150,gpu,,,0.1111,,,,,,,,,,,,,,,,,,,,,,,,"Section V-A, Table 5 caption, Fig. 2",r2_batch/localonly_adversarial_s75.json
localonly_adversarial,"Local-only floor (each site's own projector and head, scored on the global test set)",adversarial,76,150,gpu,,,0.1111,,,,,,,,,,,,,,,,,,,,,,,,"Section V-A, Table 5 caption, Fig. 2",r2_batch/localonly_adversarial_s76.json
localonly_adversarial,"Local-only floor (each site's own projector and head, scored on the global test set)",adversarial,77,150,gpu,,,0.1111,,,,,,,,,,,,,,,,,,,,,,,,"Section V-A, Table 5 caption, Fig. 2",r2_batch/localonly_adversarial_s77.json
localonly_adversarial,"Local-only floor (each site's own projector and head, scored on the global test set)",adversarial,78,150,gpu,,,0.1111,,,,,,,,,,,,,,,,,,,,,,,,"Section V-A, Table 5 caption, Fig. 2",r2_batch/localonly_adversarial_s78.json
localonly_adversarial,"Local-only floor (each site's own projector and head, scored on the global test set)",adversarial,79,150,gpu,,,0.1111,,,,,,,,,,,,,,,,,,,,,,,,"Section V-A, Table 5 caption, Fig. 2",r2_batch/localonly_adversarial_s79.json
localonly_adversarial,"Local-only floor (each site's own projector and head, scored on the global test set)",adversarial,80,150,gpu,,,0.1111,,,,,,,,,,,,,,,,,,,,,,,,"Section V-A, Table 5 caption, Fig. 2",r2_batch/localonly_adversarial_s80.json
localonly_adversarial,"Local-only floor (each site's own projector and head, scored on the global test set)",adversarial,81,150,gpu,,,0.1111,,,,,,,,,,,,,,,,,,,,,,,,"Section V-A, Table 5 caption, Fig. 2",r2_batch/localonly_adversarial_s81.json
localonly_adversarial,"Local-only floor (each site's own projector and head, scored on the global test set)",adversarial,82,150,gpu,,,0.1111,,,,,,,,,,,,,,,,,,,,,,,,"Section V-A, Table 5 caption, Fig. 2",r2_batch/localonly_adversarial_s82.json
localonly_adversarial,"Local-only floor (each site's own projector and head, scored on the global test set)",adversarial,83,150,gpu,,,0.1111,,,,,,,,,,,,,,,,,,,,,,,,"Section V-A, Table 5 caption, Fig. 2",r2_batch/localonly_adversarial_s83.json
localonly_adversarial,"Local-only floor (each site's own projector and head, scored on the global test set)",adversarial,84,150,gpu,,,0.1111,,,,,,,,,,,,,,,,,,,,,,,,"Section V-A, Table 5 caption, Fig. 2",r2_batch/localonly_adversarial_s84.json
localonly_adversarial,"Local-only floor (each site's own projector and head, scored on the global test set)",adversarial,85,150,gpu,,,0.1111,,,,,,,,,,,,,,,,,,,,,,,,"Section V-A, Table 5 caption, Fig. 2",r2_batch/localonly_adversarial_s85.json
localonly_adversarial,"Local-only floor (each site's own projector and head, scored on the global test set)",adversarial,86,150,gpu,,,0.1111,,,,,,,,,,,,,,,,,,,,,,,,"Section V-A, Table 5 caption, Fig. 2",r2_batch/localonly_adversarial_s86.json
localonly_adversarial,"Local-only floor (each site's own projector and head, scored on the global test set)",adversarial,87,150,gpu,,,0.1111,,,,,,,,,,,,,,,,,,,,,,,,"Section V-A, Table 5 caption, Fig. 2",r2_batch/localonly_adversarial_s87.json
localonly_adversarial,"Local-only floor (each site's own projector and head, scored on the global test set)",adversarial,88,150,gpu,,,0.1111,,,,,,,,,,,,,,,,,,,,,,,,"Section V-A, Table 5 caption, Fig. 2",r2_batch/localonly_adversarial_s88.json
localonly_adversarial,"Local-only floor (each site's own projector and head, scored on the global test set)",adversarial,89,150,gpu,,,0.1111,,,,,,,,,,,,,,,,,,,,,,,,"Section V-A, Table 5 caption, Fig. 2",r2_batch/localonly_adversarial_s89.json
localonly_adversarial,"Local-only floor (each site's own projector and head, scored on the global test set)",adversarial,90,150,gpu,,,0.1111,,,,,,,,,,,,,,,,,,,,,,,,"Section V-A, Table 5 caption, Fig. 2",r2_batch/localonly_adversarial_s90.json
localonly_adversarial,"Local-only floor (each site's own projector and head, scored on the global test set)",adversarial,91,150,gpu,,,0.1111,,,,,,,,,,,,,,,,,,,,,,,,"Section V-A, Table 5 caption, Fig. 2",r2_batch/localonly_adversarial_s91.json
abl_ce_only_stratified,"Cross-entropy-only protocol (no prototype terms, averaged head)",stratified,62,150,gpu,8,head,0.6485430793961028,0.6578821765339922,0.6485430793961028,0.6578821765339922,0.18636526222127628,0.09470785968276257,,,,,,,-0.17947624623775482,0.4393021927939521,1.0,1.0,0.7165775401069518,0.2846153846153846,1.0,0.9532710280373832,0.845360824742268,0.6909090909090909,0.34615384615384615,0.0,"Tables 5-9, Figs. 3, 4",r2_batch/abl_ce_only_stratified_s62.json
abl_ce_only_stratified,"Cross-entropy-only protocol (no prototype terms, averaged head)",stratified,63,150,gpu,8,head,0.6528894141298712,0.6873260490872333,0.6528894141298712,0.6873260490872333,0.18697981986090528,0.07385748892760546,,,,,,,-0.13129568099975586,0.6253688136736552,1.0,1.0,0.7206703910614525,0.13709677419354838,1.0,0.9908256880733946,0.8469387755102041,0.36363636363636365,0.5918367346938775,0.225,"Tables 5-9, Figs. 3, 4",r2_batch/abl_ce_only_stratified_s63.json
abl_ce_only_stratified,"Cross-entropy-only protocol (no prototype terms, averaged head)",stratified,64,150,gpu,8,head,0.6695660948877856,0.7053498018220594,0.6695660948877856,0.7053498018220594,0.19616183663866849,0.12122640278571911,,,,,,,-0.13126568496227264,0.4335353639390733,1.0,1.0,0.7712765957446809,0.29770992366412213,0.9951219512195122,0.9696969696969697,0.8210526315789474,0.4107142857142857,0.4528301886792453,0.3076923076923077,"Tables 5-9, Figs. 3, 4",r2_batch/abl_ce_only_stratified_s64.json
abl_ce_only_stratified,"Cross-entropy-only protocol (no prototype terms, averaged head)",stratified,65,150,gpu,8,head,0.6842922072064737,0.7116371056273143,0.6842922072064737,0.7116371056273143,0.1567318387652038,0.08900770542872316,,,,,,,-0.10365110635757446,0.5788941846953498,1.0,1.0,0.8461538461538461,0.2932330827067669,0.9942196531791907,0.8773584905660378,0.8969072164948454,0.7090909090909091,0.2916666666666667,0.25,"Tables 5-9, Figs. 3, 4",r2_batch/abl_ce_only_stratified_s65.json
abl_ce_only_stratified,"Cross-entropy-only protocol (no prototype terms, averaged head)",stratified,66,150,gpu,8,head,0.714574974537062,0.7317460469609284,0.714574974537062,0.7317460469609284,0.18695431388929842,0.07875631248993029,,,,,,,-0.16528154909610748,0.49823129839367336,1.0,0.9942363112391931,0.6684210526315789,0.49264705882352944,1.0,0.9904761904761905,0.8775510204081632,0.7142857142857143,0.6078431372549019,0.08571428571428572,"Tables 5-9, Figs. 3, 4",r2_batch/abl_ce_only_stratified_s66.json
abl_ce_only_stratified,"Cross-entropy-only protocol (no prototype terms, averaged head)",stratified,67,150,gpu,8,head,0.6967890051949568,0.7255478564973975,0.6967890051949568,0.7255478564973975,0.20115351451756983,0.0840717260470347,,,,,,,-0.23277580738067627,0.3897775643401676,0.9992266047950503,1.0,0.6684782608695652,0.3656716417910448,1.0,0.9696969696969697,0.9081632653061225,0.7090909090909091,0.3,0.35,"Tables 5-9, Figs. 3, 4",r2_batch/abl_ce_only_stratified_s67.json
abl_ce_only_stratified,"Cross-entropy-only protocol (no prototype terms, averaged head)",stratified,68,150,gpu,8,head,0.5587685320762459,0.535539079494926,0.5587685320762459,0.535539079494926,0.16860131501321834,0.07478819918222672,,,,,,,-0.17483317852020264,0.40741076072057086,1.0,0.9940298507462687,0.8087431693989071,0.015037593984962405,1.0,0.9739130434782609,0.8118811881188119,0.32727272727272727,0.0392156862745098,0.058823529411764705,"Tables 5-9, Figs. 3, 4",r2_batch/abl_ce_only_stratified_s68.json
abl_ce_only_stratified,"Cross-entropy-only protocol (no prototype terms, averaged head)",stratified,69,150,gpu,8,head,0.6498559259498955,0.6727838176378083,0.6498559259498955,0.6727838176378083,0.2580982568217496,0.19331451035057443,,,,,,,-0.09765622764825821,0.41648658116658527,1.0,0.9803370786516854,0.8624338624338624,0.09352517985611511,0.9947643979057592,1.0,0.7474747474747475,0.4642857142857143,0.4117647058823529,0.29411764705882354,"Tables 5-9, Figs. 3, 4",r2_batch/abl_ce_only_stratified_s69.json
abl_ce_only_stratified,"Cross-entropy-only protocol (no prototype terms, averaged head)",stratified,70,150,gpu,8,head,0.6748918935529402,0.6963626417974932,0.6748918935529402,0.6963626417974932,0.16463979096677864,0.09546037321632429,,,,,,,-0.12279637157917023,0.4592060314284431,1.0,0.9909365558912386,0.7553191489361702,0.30708661417322836,0.9947368421052631,0.98,0.8556701030927835,0.6,0.5625,0.027777777777777776,"Tables 5-9, Figs. 3, 4",r2_batch/abl_ce_only_stratified_s70.json
abl_ce_only_stratified,"Cross-entropy-only protocol (no prototype terms, averaged head)",stratified,71,150,gpu,8,head,0.6338172753099821,0.6629270209955254,0.6338172753099821,0.6629270209955254,0.1942258006369044,0.10966896862490506,,,,,,,-0.16291312873363495,0.3999656405713823,1.0,0.9876543209876543,0.7700534759358288,0.29133858267716534,0.9943820224719101,0.9902912621359223,0.7722772277227723,0.36363636363636365,0.3958333333333333,0.1388888888888889,"Tables 5-9, Figs. 3, 4",r2_batch/abl_ce_only_stratified_s71.json
abl_ce_only_stratified,"Cross-entropy-only protocol (no prototype terms, averaged head)",stratified,72,150,gpu,8,head,0.6301594008735791,0.6554770870619218,0.6301594008735791,0.6554770870619218,0.21070826976862447,0.13220486074174947,,,,,,,-0.1631108671426773,0.4254627956284417,1.0,1.0,0.8248587570621468,0.234375,1.0,0.8956521739130435,0.8421052631578947,0.45454545454545453,0.24489795918367346,0.175,"Tables 5-9, Figs. 3, 4",r2_batch/abl_ce_only_stratified_s72.json
abl_ce_only_stratified,"Cross-entropy-only protocol (no prototype terms, averaged head)",stratified,73,150,gpu,8,head,0.5883137407579067,0.5901502939872477,0.5883137407579067,0.5901502939872477,0.21835883628430583,0.15612310096070997,,,,,,,-0.16507874429225922,0.47158442272080314,1.0,1.0,0.7298850574712644,0.15789473684210525,1.0,0.9316239316239316,0.865979381443299,0.43636363636363634,0.17307692307692307,0.0,"Tables 5-9, Figs. 3, 4",r2_batch/abl_ce_only_stratified_s73.json
abl_ce_only_stratified,"Cross-entropy-only protocol (no prototype terms, averaged head)",stratified,74,150,gpu,8,head,0.6539798878424976,0.6855895561326754,0.6539798878424976,0.6855895561326754,0.2544636471012695,0.19714447013724026,,,,,,,-0.07451102882623672,0.6657438211970859,1.0,0.9969604863221885,0.7354497354497355,0.1953125,1.0,0.990909090909091,0.9292929292929293,0.43636363636363634,0.32653061224489793,0.275,"Tables 5-9, Figs. 3, 4",r2_batch/abl_ce_only_stratified_s74.json
abl_ce_only_stratified,"Cross-entropy-only protocol (no prototype terms, averaged head)",stratified,75,150,gpu,8,head,0.6962892765520107,0.7191771066715804,0.6962892765520107,0.7191771066715804,0.21159901118917512,0.11048131303340458,,,,,,,-0.1786068081855774,0.4495568573474884,1.0,0.9476923076923077,0.7868852459016393,0.3359375,1.0,0.9444444444444444,0.8888888888888888,0.6071428571428571,0.5306122448979592,0.225,"Tables 5-9, Figs. 3, 4",r2_batch/abl_ce_only_stratified_s75.json
abl_ce_only_stratified,"Cross-entropy-only protocol (no prototype terms, averaged head)",stratified,76,150,gpu,8,head,0.6302875530554102,0.6459948715321941,0.6302875530554102,0.6459948715321941,0.20493839212113324,0.10421101382826586,,,,,,,-0.18853342533111572,0.39336877399020725,1.0,1.0,0.7802197802197802,0.109375,1.0,0.9238095238095239,0.8571428571428571,0.6071428571428571,0.24489795918367346,0.15,"Tables 5-9, Figs. 3, 4",r2_batch/abl_ce_only_stratified_s76.json
abl_ce_only_stratified,"Cross-entropy-only protocol (no prototype terms, averaged head)",stratified,77,150,gpu,8,head,0.7425438667012298,0.7666872648429189,0.7425438667012298,0.7666872648429189,0.1977596770656866,0.07180105128975088,,,,,,,-0.19211353361606598,0.42169274224175346,1.0,0.941717791411043,0.8306878306878307,0.43902439024390244,1.0,0.9361702127659575,0.845360824742268,0.6727272727272727,0.5961538461538461,0.42105263157894735,"Tables 5-9, Figs. 3, 4",r2_batch/abl_ce_only_stratified_s77.json
abl_ce_only_stratified,"Cross-entropy-only protocol (no prototype terms, averaged head)",stratified,78,150,gpu,8,head,0.6622749987586002,0.6892187880530395,0.6622749987586002,0.6892187880530395,0.17922678624929825,0.09264535732326745,,,,,,,-0.12542004883289337,0.4747062623500824,0.9991769547325102,1.0,0.7539267015706806,0.34074074074074073,1.0,0.8962264150943396,0.8865979381443299,0.5535714285714286,0.5294117647058824,0.0,"Tables 5-9, Figs. 3, 4",r2_batch/abl_ce_only_stratified_s78.json
abl_ce_only_stratified,"Cross-entropy-only protocol (no prototype terms, averaged head)",stratified,79,150,gpu,8,head,0.6248505565403262,0.6540510602104402,0.6248505565403262,0.6540510602104402,0.18762475586374958,0.08731804773240216,,,,,,,-0.15599584579467773,0.49348959657881,1.0,0.996969696969697,0.5,0.3230769230769231,1.0,0.9711538461538461,0.7525773195876289,0.6727272727272727,0.3018867924528302,0.10526315789473684,"Tables 5-9, Figs. 3, 4",r2_batch/abl_ce_only_stratified_s79.json
abl_ce_only_stratified,"Cross-entropy-only protocol (no prototype terms, averaged head)",stratified,80,150,gpu,8,head,0.6778635036002082,0.6997235014605974,0.6778635036002082,0.6997235014605974,0.19230531948956722,0.08555872050295843,,,,,,,-0.18517135083675385,0.49370614687601727,1.0,1.0,0.7624309392265194,0.10852713178294573,1.0,0.9714285714285714,0.9292929292929293,0.6428571428571429,0.4230769230769231,0.2631578947368421,"Tables 5-9, Figs. 3, 4",r2_batch/abl_ce_only_stratified_s80.json
abl_ce_only_stratified,"Cross-entropy-only protocol (no prototype terms, averaged head)",stratified,81,150,gpu,8,head,0.7254966650947609,0.7633154934373477,0.7254966650947609,0.7633154934373477,0.18463183417120688,0.09734224497781474,,,,,,,-0.15020939707756042,0.4502447479301029,1.0,0.9911764705882353,0.6436170212765957,0.5378787878787878,1.0,0.9902912621359223,0.9381443298969072,0.6,0.46938775510204084,0.358974358974359,"Tables 5-9, Figs. 3, 4",r2_batch/abl_ce_only_stratified_s81.json
abl_ce_only_stratified,"Cross-entropy-only protocol (no prototype terms, averaged head)",stratified,82,150,gpu,8,head,0.6828162645266247,0.722393705861336,0.6828162645266247,0.722393705861336,0.17981213031263807,0.1022515191631142,,,,,,,-0.14589381217956543,0.41888679729567635,1.0,0.9939024390243902,0.8360655737704918,0.4166666666666667,1.0,0.8495575221238938,0.87,0.5454545454545454,0.42857142857142855,0.20512820512820512,"Tables 5-9, Figs. 3, 4",r2_batch/abl_ce_only_stratified_s82.json
abl_ce_only_stratified,"Cross-entropy-only protocol (no prototype terms, averaged head)",stratified,83,150,gpu,8,head,0.7510711187940354,0.7820182649366479,0.7510711187940354,0.7820182649366479,0.19133093069263282,0.08447784767895325,,,,,,,-0.18008637428283691,0.48934005035294426,1.0,1.0,0.8351063829787234,0.5833333333333334,1.0,0.9622641509433962,0.9108910891089109,0.6785714285714286,0.5,0.2894736842105263,"Tables 5-9, Figs. 3, 4",r2_batch/abl_ce_only_stratified_s83.json
abl_ce_only_stratified,"Cross-entropy-only protocol (no prototype terms, averaged head)",stratified,84,150,gpu,8,head,0.6466753553454732,0.6608642482786149,0.6466753553454732,0.6608642482786149,0.17525252525252524,0.07486685756708028,,,,,,,-0.1524636149406433,0.41015928321414524,1.0,0.9908256880733946,0.8611111111111112,0.20155038759689922,1.0,0.956140350877193,0.797979797979798,0.6727272727272727,0.1346153846153846,0.20512820512820512,"Tables 5-9, Figs. 3, 4",r2_batch/abl_ce_only_stratified_s84.json
abl_ce_only_stratified,"Cross-entropy-only protocol (no prototype terms, averaged head)",stratified,85,150,gpu,8,head,0.6435145769759488,0.6623648365013325,0.6435145769759488,0.6623648365013325,0.2237013528362129,0.12440590321919304,,,,,,,-0.19252890348434448,0.5321744547949897,1.0,1.0,0.8138297872340425,0.13740458015267176,1.0,1.0,0.64,0.5892857142857143,0.5,0.1111111111111111,"Tables 5-9, Figs. 3, 4",r2_batch/abl_ce_only_stratified_s85.json
abl_ce_only_stratified,"Cross-entropy-only protocol (no prototype terms, averaged head)",stratified,86,150,gpu,8,head,0.6887241657208067,0.7050246278365683,0.6887241657208067,0.7050246278365683,0.24106821019838057,0.1276911377927611,,,,,,,-0.2767011225223541,0.4821691181924608,1.0,1.0,0.8095238095238095,0.043795620437956206,1.0,0.9911504424778761,0.86,0.6607142857142857,0.5833333333333334,0.25,"Tables 5-9, Figs. 3, 4",r2_batch/abl_ce_only_stratified_s86.json
abl_ce_only_stratified,"Cross-entropy-only protocol (no prototype terms, averaged head)",stratified,87,150,gpu,8,head,0.6373410148842104,0.6538100158795924,0.6373410148842104,0.6538100158795924,0.21924227269519336,0.14269849977582286,,,,,,,-0.15214698016643524,0.34489573703871834,1.0,0.9528023598820059,0.8089887640449438,0.15873015873015872,1.0,0.9626168224299065,0.8333333333333334,0.5636363636363636,0.061224489795918366,0.39473684210526316,"Tables 5-9, Figs. 3, 4",r2_batch/abl_ce_only_stratified_s87.json
abl_ce_only_stratified,"Cross-entropy-only protocol (no prototype terms, averaged head)",stratified,88,150,gpu,8,head,0.5877853729399826,0.5872031854260698,0.5877853729399826,0.5872031854260698,0.1869367749976033,0.06766512994506822,,,,,,,-0.18356923758983612,0.4879372749063704,1.0,1.0,0.7486338797814208,0.4523809523809524,1.0,0.9646017699115044,0.7604166666666666,0.2807017543859649,0.08333333333333333,0.0,"Tables 5-9, Figs. 3, 4",r2_batch/abl_ce_only_stratified_s88.json
abl_ce_only_stratified,"Cross-entropy-only protocol (no prototype terms, averaged head)",stratified,89,150,gpu,8,head,0.6267337300010432,0.6454825606393286,0.6267337300010432,0.6454825606393286,0.21254005138531148,0.1252061902684876,,,,,,,-0.16783741116523743,0.377800573905309,1.0,1.0,0.7421052631578947,0.07751937984496124,1.0,0.9906542056074766,0.7422680412371134,0.5263157894736842,0.40384615384615385,0.15789473684210525,"Tables 5-9, Figs. 3, 4",r2_batch/abl_ce_only_stratified_s89.json
abl_ce_only_stratified,"Cross-entropy-only protocol (no prototype terms, averaged head)",stratified,90,150,gpu,8,head,0.6300289138133081,0.628230448340295,0.6300289138133081,0.628230448340295,0.22812789017518295,0.14880578715673146,,,,,,,-0.11835599690675735,0.4356879923078749,1.0,0.9695121951219512,0.807909604519774,0.06349206349206349,1.0,0.9811320754716981,0.8571428571428571,0.5535714285714286,0.4375,0.0,"Tables 5-9, Figs. 3, 4",r2_batch/abl_ce_only_stratified_s90.json
abl_ce_only_stratified,"Cross-entropy-only protocol (no prototype terms, averaged head)",stratified,91,150,gpu,8,head,0.6571236064048357,0.6923284333593547,0.6571236064048357,0.6923284333593547,0.18285233394636113,0.08361071441413713,,,,,,,-0.18038241565227509,0.5527985360887315,1.0,1.0,0.5837837837837838,0.42857142857142855,0.9943820224719101,0.9166666666666666,0.9375,0.509090909090909,0.25,0.29411764705882354,"Tables 5-9, Figs. 3, 4",r2_batch/abl_ce_only_stratified_s91.json
base_stratified:zeropad,Zero-padding + FedAvg,stratified,62,150,gpu,,,0.3507813481232953,0.32388260495262267,,,,,,,,,,,,,,,,,,,,,,,"Table 5, Fig. 3",r2_batch/base_stratified_s62.json
base_stratified:localpca,Per-model PCA + FedAvg,stratified,62,150,gpu,,,0.14374946420600504,0.09743648217716665,,,,,,,,,,,,,,,,,,,,,,,Table 5,r2_batch/base_stratified_s62.json
base_stratified:procrustes,PCA + Procrustes + FedAvg,stratified,62,150,gpu,,,0.3114238749836386,0.3201394458816859,,,,,,,,,,,,,,,,,,,,,,,Table 5,r2_batch/base_stratified_s62.json
base_stratified:zeropad,Zero-padding + FedAvg,stratified,63,150,gpu,,,0.4077297267182826,0.4245720658770459,,,,,,,,,,,,,,,,,,,,,,,"Table 5, Fig. 3",r2_batch/base_stratified_s63.json
base_stratified:localpca,Per-model PCA + FedAvg,stratified,63,150,gpu,,,0.11731843575418995,0.06027728528461451,,,,,,,,,,,,,,,,,,,,,,,Table 5,r2_batch/base_stratified_s63.json
base_stratified:procrustes,PCA + Procrustes + FedAvg,stratified,63,150,gpu,,,0.2296165393531714,0.20236667419363757,,,,,,,,,,,,,,,,,,,,,,,Table 5,r2_batch/base_stratified_s63.json
base_stratified:zeropad,Zero-padding + FedAvg,stratified,64,150,gpu,,,0.4725785052909857,0.46235590992422065,,,,,,,,,,,,,,,,,,,,,,,"Table 5, Fig. 3",r2_batch/base_stratified_s64.json
base_stratified:localpca,Per-model PCA + FedAvg,stratified,64,150,gpu,,,0.13002364066193853,0.0790667372945854,,,,,,,,,,,,,,,,,,,,,,,Table 5,r2_batch/base_stratified_s64.json
base_stratified:procrustes,PCA + Procrustes + FedAvg,stratified,64,150,gpu,,,0.22966798849727502,0.20775153867367036,,,,,,,,,,,,,,,,,,,,,,,Table 5,r2_batch/base_stratified_s64.json
base_stratified:zeropad,Zero-padding + FedAvg,stratified,65,150,gpu,,,0.39965626697195206,0.38579303222333994,,,,,,,,,,,,,,,,,,,,,,,"Table 5, Fig. 3",r2_batch/base_stratified_s65.json
base_stratified:localpca,Per-model PCA + FedAvg,stratified,65,150,gpu,,,0.16140506891951978,0.12146898215811808,,,,,,,,,,,,,,,,,,,,,,,Table 5,r2_batch/base_stratified_s65.json
base_stratified:procrustes,PCA + Procrustes + FedAvg,stratified,65,150,gpu,,,0.23531352858433235,0.21835921977176642,,,,,,,,,,,,,,,,,,,,,,,Table 5,r2_batch/base_stratified_s65.json
base_stratified:zeropad,Zero-padding + FedAvg,stratified,66,150,gpu,,,0.4076463891900314,0.4234605396330229,,,,,,,,,,,,,,,,,,,,,,,"Table 5, Fig. 3",r2_batch/base_stratified_s66.json
base_stratified:localpca,Per-model PCA + FedAvg,stratified,66,150,gpu,,,0.11461988304093568,0.056227659565271884,,,,,,,,,,,,,,,,,,,,,,,Table 5,r2_batch/base_stratified_s66.json
base_stratified:procrustes,PCA + Procrustes + FedAvg,stratified,66,150,gpu,,,0.21851269965959677,0.1691920210007912,,,,,,,,,,,,,,,,,,,,,,,Table 5,r2_batch/base_stratified_s66.json
base_stratified:zeropad,Zero-padding + FedAvg,stratified,67,150,gpu,,,0.387277915196178,0.37684274463576073,,,,,,,,,,,,,,,,,,,,,,,"Table 5, Fig. 3",r2_batch/base_stratified_s67.json
base_stratified:localpca,Per-model PCA + FedAvg,stratified,67,150,gpu,,,0.14516129032258063,0.10144513616238743,,,,,,,,,,,,,,,,,,,,,,,Table 5,r2_batch/base_stratified_s67.json
base_stratified:procrustes,PCA + Procrustes + FedAvg,stratified,67,150,gpu,,,0.23984235160820674,0.22562621501918484,,,,,,,,,,,,,,,,,,,,,,,Table 5,r2_batch/base_stratified_s67.json
base_stratified:zeropad,Zero-padding + FedAvg,stratified,68,150,gpu,,,0.39813403041491724,0.3856473021359764,,,,,,,,,,,,,,,,,,,,,,,"Table 5, Fig. 3",r2_batch/base_stratified_s68.json
base_stratified:localpca,Per-model PCA + FedAvg,stratified,68,150,gpu,,,0.11171827565270188,0.04956031283287332,,,,,,,,,,,,,,,,,,,,,,,Table 5,r2_batch/base_stratified_s68.json
base_stratified:procrustes,PCA + Procrustes + FedAvg,stratified,68,150,gpu,,,0.3002632767524894,0.26766861295668115,,,,,,,,,,,,,,,,,,,,,,,Table 5,r2_batch/base_stratified_s68.json
base_stratified:zeropad,Zero-padding + FedAvg,stratified,69,150,gpu,,,0.4429774312020268,0.41525536442135536,,,,,,,,,,,,,,,,,,,,,,,"Table 5, Fig. 3",r2_batch/base_stratified_s69.json
base_stratified:localpca,Per-model PCA + FedAvg,stratified,69,150,gpu,,,0.11640211640211641,0.060582551861324246,,,,,,,,,,,,,,,,,,,,,,,Table 5,r2_batch/base_stratified_s69.json
base_stratified:procrustes,PCA + Procrustes + FedAvg,stratified,69,150,gpu,,,0.25490469498613766,0.23398369234640093,,,,,,,,,,,,,,,,,,,,,,,Table 5,r2_batch/base_stratified_s69.json
base_stratified:zeropad,Zero-padding + FedAvg,stratified,70,150,gpu,,,0.3662669877467144,0.33709117819743134,,,,,,,,,,,,,,,,,,,,,,,"Table 5, Fig. 3",r2_batch/base_stratified_s70.json
base_stratified:localpca,Per-model PCA + FedAvg,stratified,70,150,gpu,,,0.1111111111111111,0.048939158719597836,,,,,,,,,,,,,,,,,,,,,,,Table 5,r2_batch/base_stratified_s70.json
base_stratified:procrustes,PCA + Procrustes + FedAvg,stratified,70,150,gpu,,,0.2654397255941534,0.260992993390385,,,,,,,,,,,,,,,,,,,,,,,Table 5,r2_batch/base_stratified_s70.json
base_stratified:zeropad,Zero-padding + FedAvg,stratified,71,150,gpu,,,0.3652771590310329,0.3460235111945269,,,,,,,,,,,,,,,,,,,,,,,"Table 5, Fig. 3",r2_batch/base_stratified_s71.json
base_stratified:localpca,Per-model PCA + FedAvg,stratified,71,150,gpu,,,0.11824123588829472,0.06234663004576473,,,,,,,,,,,,,,,,,,,,,,,Table 5,r2_batch/base_stratified_s71.json
base_stratified:procrustes,PCA + Procrustes + FedAvg,stratified,71,150,gpu,,,0.24865308738408542,0.22132067230115895,,,,,,,,,,,,,,,,,,,,,,,Table 5,r2_batch/base_stratified_s71.json
base_stratified:zeropad,Zero-padding + FedAvg,stratified,72,150,gpu,,,0.32621137838747755,0.3107122921506174,,,,,,,,,,,,,,,,,,,,,,,"Table 5, Fig. 3",r2_batch/base_stratified_s72.json
base_stratified:localpca,Per-model PCA + FedAvg,stratified,72,150,gpu,,,0.12222222222222223,0.06879101966375115,,,,,,,,,,,,,,,,,,,,,,,Table 5,r2_batch/base_stratified_s72.json
base_stratified:procrustes,PCA + Procrustes + FedAvg,stratified,72,150,gpu,,,0.2187940867941983,0.2188080144321664,,,,,,,,,,,,,,,,,,,,,,,Table 5,r2_batch/base_stratified_s72.json
base_stratified:zeropad,Zero-padding + FedAvg,stratified,73,150,gpu,,,0.3788532534118504,0.3530651371879404,,,,,,,,,,,,,,,,,,,,,,,"Table 5, Fig. 3",r2_batch/base_stratified_s73.json
base_stratified:localpca,Per-model PCA + FedAvg,stratified,73,150,gpu,,,0.1111111111111111,0.04959403116085144,,,,,,,,,,,,,,,,,,,,,,,Table 5,r2_batch/base_stratified_s73.json
base_stratified:procrustes,PCA + Procrustes + FedAvg,stratified,73,150,gpu,,,0.23094331488492756,0.20587446553365732,,,,,,,,,,,,,,,,,,,,,,,Table 5,r2_batch/base_stratified_s73.json
base_stratified:zeropad,Zero-padding + FedAvg,stratified,74,150,gpu,,,0.3310886644219978,0.33401867158890725,,,,,,,,,,,,,,,,,,,,,,,"Table 5, Fig. 3",r2_batch/base_stratified_s74.json
base_stratified:localpca,Per-model PCA + FedAvg,stratified,74,150,gpu,,,0.11699000587889478,0.05948957584471602,,,,,,,,,,,,,,,,,,,,,,,Table 5,r2_batch/base_stratified_s74.json
base_stratified:procrustes,PCA + Procrustes + FedAvg,stratified,74,150,gpu,,,0.22861418416973972,0.20162346052595267,,,,,,,,,,,,,,,,,,,,,,,Table 5,r2_batch/base_stratified_s74.json
base_stratified:zeropad,Zero-padding + FedAvg,stratified,75,150,gpu,,,0.4755445219739879,0.47835750094378443,,,,,,,,,,,,,,,,,,,,,,,"Table 5, Fig. 3",r2_batch/base_stratified_s75.json
base_stratified:localpca,Per-model PCA + FedAvg,stratified,75,150,gpu,,,0.11961141469338192,0.06309170132699544,,,,,,,,,,,,,,,,,,,,,,,Table 5,r2_batch/base_stratified_s75.json
base_stratified:procrustes,PCA + Procrustes + FedAvg,stratified,75,150,gpu,,,0.21347799871820816,0.18808974413062768,,,,,,,,,,,,,,,,,,,,,,,Table 5,r2_batch/base_stratified_s75.json
base_stratified:zeropad,Zero-padding + FedAvg,stratified,76,150,gpu,,,0.38420408943546186,0.3706114826459364,,,,,,,,,,,,,,,,,,,,,,,"Table 5, Fig. 3",r2_batch/base_stratified_s76.json
base_stratified:localpca,Per-model PCA + FedAvg,stratified,76,150,gpu,,,0.16422466422466422,0.12003642057251779,,,,,,,,,,,,,,,,,,,,,,,Table 5,r2_batch/base_stratified_s76.json
base_stratified:procrustes,PCA + Procrustes + FedAvg,stratified,76,150,gpu,,,0.28650452762127887,0.2523786107363948,,,,,,,,,,,,,,,,,,,,,,,Table 5,r2_batch/base_stratified_s76.json
base_stratified:zeropad,Zero-padding + FedAvg,stratified,77,150,gpu,,,0.4632644584923895,0.45612888554283615,,,,,,,,,,,,,,,,,,,,,,,"Table 5, Fig. 3",r2_batch/base_stratified_s77.json
base_stratified:localpca,Per-model PCA + FedAvg,stratified,77,150,gpu,,,0.11169900058788948,0.0498132142498258,,,,,,,,,,,,,,,,,,,,,,,Table 5,r2_batch/base_stratified_s77.json
base_stratified:procrustes,PCA + Procrustes + FedAvg,stratified,77,150,gpu,,,0.17509283282045487,0.14738808792034425,,,,,,,,,,,,,,,,,,,,,,,Table 5,r2_batch/base_stratified_s77.json
base_stratified:zeropad,Zero-padding + FedAvg,stratified,78,150,gpu,,,0.3680635587969443,0.3691758576627335,,,,,,,,,,,,,,,,,,,,,,,"Table 5, Fig. 3",r2_batch/base_stratified_s78.json
base_stratified:localpca,Per-model PCA + FedAvg,stratified,78,150,gpu,,,0.1404090657822001,0.09638098909507205,,,,,,,,,,,,,,,,,,,,,,,Table 5,r2_batch/base_stratified_s78.json
base_stratified:procrustes,PCA + Procrustes + FedAvg,stratified,78,150,gpu,,,0.2442644338951273,0.22650083081649677,,,,,,,,,,,,,,,,,,,,,,,Table 5,r2_batch/base_stratified_s78.json
base_stratified:zeropad,Zero-padding + FedAvg,stratified,79,150,gpu,,,0.37232942050866896,0.374900100558515,,,,,,,,,,,,,,,,,,,,,,,"Table 5, Fig. 3",r2_batch/base_stratified_s79.json
base_stratified:localpca,Per-model PCA + FedAvg,stratified,79,150,gpu,,,0.145679012345679,0.10213763145861911,,,,,,,,,,,,,,,,,,,,,,,Table 5,r2_batch/base_stratified_s79.json
base_stratified:procrustes,PCA + Procrustes + FedAvg,stratified,79,150,gpu,,,0.2634967680666605,0.2542329016065139,,,,,,,,,,,,,,,,,,,,,,,Table 5,r2_batch/base_stratified_s79.json
base_stratified:zeropad,Zero-padding + FedAvg,stratified,80,150,gpu,,,0.40566320591320826,0.38522106819675067,,,,,,,,,,,,,,,,,,,,,,,"Table 5, Fig. 3",r2_batch/base_stratified_s80.json
base_stratified:localpca,Per-model PCA + FedAvg,stratified,80,150,gpu,,,0.15897098254754338,0.11732237680919007,,,,,,,,,,,,,,,,,,,,,,,Table 5,r2_batch/base_stratified_s80.json
base_stratified:procrustes,PCA + Procrustes + FedAvg,stratified,80,150,gpu,,,0.23402954241456383,0.21780487360776318,,,,,,,,,,,,,,,,,,,,,,,Table 5,r2_batch/base_stratified_s80.json
base_stratified:zeropad,Zero-padding + FedAvg,stratified,81,150,gpu,,,0.4385988305310647,0.44499703044528416,,,,,,,,,,,,,,,,,,,,,,,"Table 5, Fig. 3",r2_batch/base_stratified_s81.json
base_stratified:localpca,Per-model PCA + FedAvg,stratified,81,150,gpu,,,0.1300271796831868,0.0853389082625548,,,,,,,,,,,,,,,,,,,,,,,Table 5,r2_batch/base_stratified_s81.json
base_stratified:procrustes,PCA + Procrustes + FedAvg,stratified,81,150,gpu,,,0.25095320071270777,0.219307344362193,,,,,,,,,,,,,,,,,,,,,,,Table 5,r2_batch/base_stratified_s81.json
base_stratified:zeropad,Zero-padding + FedAvg,stratified,82,150,gpu,,,0.41034708442216233,0.3833641751183868,,,,,,,,,,,,,,,,,,,,,,,"Table 5, Fig. 3",r2_batch/base_stratified_s82.json
base_stratified:localpca,Per-model PCA + FedAvg,stratified,82,150,gpu,,,0.1111111111111111,0.04789020294933567,,,,,,,,,,,,,,,,,,,,,,,Table 5,r2_batch/base_stratified_s82.json
base_stratified:procrustes,PCA + Procrustes + FedAvg,stratified,82,150,gpu,,,0.21229522662860834,0.19089825433591787,,,,,,,,,,,,,,,,,,,,,,,Table 5,r2_batch/base_stratified_s82.json
base_stratified:zeropad,Zero-padding + FedAvg,stratified,83,150,gpu,,,0.3923528545263601,0.3916490119390079,,,,,,,,,,,,,,,,,,,,,,,"Table 5, Fig. 3",r2_batch/base_stratified_s83.json
base_stratified:localpca,Per-model PCA + FedAvg,stratified,83,150,gpu,,,0.1111111111111111,0.04859297940237888,,,,,,,,,,,,,,,,,,,,,,,Table 5,r2_batch/base_stratified_s83.json
base_stratified:procrustes,PCA + Procrustes + FedAvg,stratified,83,150,gpu,,,0.3084388336518227,0.27281455107222624,,,,,,,,,,,,,,,,,,,,,,,Table 5,r2_batch/base_stratified_s83.json
base_stratified:zeropad,Zero-padding + FedAvg,stratified,84,150,gpu,,,0.43551097763027735,0.3963441425995953,,,,,,,,,,,,,,,,,,,,,,,"Table 5, Fig. 3",r2_batch/base_stratified_s84.json
base_stratified:localpca,Per-model PCA + FedAvg,stratified,84,150,gpu,,,0.14569500415787118,0.10085276203411156,,,,,,,,,,,,,,,,,,,,,,,Table 5,r2_batch/base_stratified_s84.json
base_stratified:procrustes,PCA + Procrustes + FedAvg,stratified,84,150,gpu,,,0.24924615056421257,0.23911466122497055,,,,,,,,,,,,,,,,,,,,,,,Table 5,r2_batch/base_stratified_s84.json
base_stratified:zeropad,Zero-padding + FedAvg,stratified,85,150,gpu,,,0.35087051164772554,0.34217336714727414,,,,,,,,,,,,,,,,,,,,,,,"Table 5, Fig. 3",r2_batch/base_stratified_s85.json
base_stratified:localpca,Per-model PCA + FedAvg,stratified,85,150,gpu,,,0.12293144208037826,0.06981196581196582,,,,,,,,,,,,,,,,,,,,,,,Table 5,r2_batch/base_stratified_s85.json
base_stratified:procrustes,PCA + Procrustes + FedAvg,stratified,85,150,gpu,,,0.12893999092580652,0.08216655621973253,,,,,,,,,,,,,,,,,,,,,,,Table 5,r2_batch/base_stratified_s85.json
base_stratified:zeropad,Zero-padding + FedAvg,stratified,86,150,gpu,,,0.41865007969811313,0.40157581336183235,,,,,,,,,,,,,,,,,,,,,,,"Table 5, Fig. 3",r2_batch/base_stratified_s86.json
base_stratified:localpca,Per-model PCA + FedAvg,stratified,86,150,gpu,,,0.1111111111111111,0.04841869577385951,,,,,,,,,,,,,,,,,,,,,,,Table 5,r2_batch/base_stratified_s86.json
base_stratified:procrustes,PCA + Procrustes + FedAvg,stratified,86,150,gpu,,,0.16637272192827746,0.12228491117380008,,,,,,,,,,,,,,,,,,,,,,,Table 5,r2_batch/base_stratified_s86.json
base_stratified:zeropad,Zero-padding + FedAvg,stratified,87,150,gpu,,,0.39869947790991705,0.4049424871580199,,,,,,,,,,,,,,,,,,,,,,,"Table 5, Fig. 3",r2_batch/base_stratified_s87.json
base_stratified:localpca,Per-model PCA + FedAvg,stratified,87,150,gpu,,,0.1111111111111111,0.049692172383465266,,,,,,,,,,,,,,,,,,,,,,,Table 5,r2_batch/base_stratified_s87.json
base_stratified:procrustes,PCA + Procrustes + FedAvg,stratified,87,150,gpu,,,0.22114882851462125,0.18200395447619636,,,,,,,,,,,,,,,,,,,,,,,Table 5,r2_batch/base_stratified_s87.json
base_stratified:zeropad,Zero-padding + FedAvg,stratified,88,150,gpu,,,0.4130839513081159,0.4055441333109099,,,,,,,,,,,,,,,,,,,,,,,"Table 5, Fig. 3",r2_batch/base_stratified_s88.json
base_stratified:localpca,Per-model PCA + FedAvg,stratified,88,150,gpu,,,0.1111111111111111,0.046925203616528424,,,,,,,,,,,,,,,,,,,,,,,Table 5,r2_batch/base_stratified_s88.json
base_stratified:procrustes,PCA + Procrustes + FedAvg,stratified,88,150,gpu,,,0.24682073466909532,0.24182460464006506,,,,,,,,,,,,,,,,,,,,,,,Table 5,r2_batch/base_stratified_s88.json
base_stratified:zeropad,Zero-padding + FedAvg,stratified,89,150,gpu,,,0.40822214688933145,0.3893364744023493,,,,,,,,,,,,,,,,,,,,,,,"Table 5, Fig. 3",r2_batch/base_stratified_s89.json
base_stratified:localpca,Per-model PCA + FedAvg,stratified,89,150,gpu,,,0.1111111111111111,0.0482465615323684,,,,,,,,,,,,,,,,,,,,,,,Table 5,r2_batch/base_stratified_s89.json
base_stratified:procrustes,PCA + Procrustes + FedAvg,stratified,89,150,gpu,,,0.21915959196519605,0.20427481922998506,,,,,,,,,,,,,,,,,,,,,,,Table 5,r2_batch/base_stratified_s89.json
base_stratified:zeropad,Zero-padding + FedAvg,stratified,90,150,gpu,,,0.3661822060821466,0.3501721669627957,,,,,,,,,,,,,,,,,,,,,,,"Table 5, Fig. 3",r2_batch/base_stratified_s90.json
base_stratified:localpca,Per-model PCA + FedAvg,stratified,90,150,gpu,,,0.1111111111111111,0.048885908040837624,,,,,,,,,,,,,,,,,,,,,,,Table 5,r2_batch/base_stratified_s90.json
base_stratified:procrustes,PCA + Procrustes + FedAvg,stratified,90,150,gpu,,,0.20479094791340424,0.18974492508327095,,,,,,,,,,,,,,,,,,,,,,,Table 5,r2_batch/base_stratified_s90.json
base_stratified:zeropad,Zero-padding + FedAvg,stratified,91,150,gpu,,,0.31399289315175705,0.2895732603448631,,,,,,,,,,,,,,,,,,,,,,,"Table 5, Fig. 3",r2_batch/base_stratified_s91.json
base_stratified:localpca,Per-model PCA + FedAvg,stratified,91,150,gpu,,,0.11411411411411411,0.05560576915648875,,,,,,,,,,,,,,,,,,,,,,,Table 5,r2_batch/base_stratified_s91.json
base_stratified:procrustes,PCA + Procrustes + FedAvg,stratified,91,150,gpu,,,0.19160341524820135,0.1616820061672992,,,,,,,,,,,,,,,,,,,,,,,Table 5,r2_batch/base_stratified_s91.json
abl_ce_only,"Cross-entropy-only protocol (no prototype terms, averaged head)",balanced,62,150,gpu,8,head,0.7108926323108385,0.7241043713681508,0.7108926323108385,0.7241043713681508,0.2381191070855722,0.07417137244167132,,,,,,,-0.2651796340942383,0.29623455471462673,1.0,0.9228486646884273,0.7807486631016043,0.34615384615384615,1.0,0.9719626168224299,0.9278350515463918,0.7818181818181819,0.5384615384615384,0.1282051282051282,"Tables 5-9, Figs. 3, 4",r2_batch/abl_ce_only_s62.json
abl_ce_only,"Cross-entropy-only protocol (no prototype terms, averaged head)",balanced,63,150,gpu,8,head,0.7310736891996855,0.7755439089240967,0.7310736891996855,0.7755439089240967,0.23019896130495207,0.09879768512817744,,,,,,,-0.3531123399734497,0.4240383058786392,1.0,1.0,0.6368715083798883,0.47580645161290325,1.0,0.9908256880733946,0.7551020408163265,0.6363636363636364,0.7346938775510204,0.35,"Tables 5-9, Figs. 3, 4",r2_batch/abl_ce_only_s63.json
abl_ce_only,"Cross-entropy-only protocol (no prototype terms, averaged head)",balanced,64,150,gpu,8,head,0.6406628386649942,0.6617850927401752,0.6406628386649942,0.6617850927401752,0.23647394142388473,0.165059026192773,,,,,,,-0.12122981995344162,0.28213028278615737,1.0,0.9040247678018576,0.8191489361702128,0.33587786259541985,1.0,0.8787878787878788,0.8631578947368421,0.48214285714285715,0.22641509433962265,0.2564102564102564,"Tables 5-9, Figs. 3, 4",r2_batch/abl_ce_only_s64.json
abl_ce_only,"Cross-entropy-only protocol (no prototype terms, averaged head)",balanced,65,150,gpu,8,head,0.7655794673575803,0.7910938809038373,0.7655794673575803,0.7910938809038373,0.21758301383911802,0.11279893005450511,,,,,,,-0.1942337304353714,0.3336041983630922,1.0,0.8734177215189873,0.6428571428571429,0.7819548872180451,1.0,0.9811320754716981,0.8247422680412371,0.8,0.5416666666666666,0.4444444444444444,"Tables 5-9, Figs. 3, 4",r2_batch/abl_ce_only_s65.json
abl_ce_only,"Cross-entropy-only protocol (no prototype terms, averaged head)",balanced,66,150,gpu,8,head,0.6888077269433482,0.7198646685397726,0.6888077269433482,0.7198646685397726,0.24172581313227046,0.12990125821292278,,,,,,,-0.1703593134880066,0.2835659881432851,1.0,0.9971181556195965,0.6526315789473685,0.6102941176470589,1.0,0.8666666666666667,0.7448979591836735,0.7321428571428571,0.5098039215686274,0.08571428571428572,"Tables 5-9, Figs. 3, 4",r2_batch/abl_ce_only_s66.json
abl_ce_only,"Cross-entropy-only protocol (no prototype terms, averaged head)",balanced,67,150,gpu,8,head,0.6874040524980489,0.6979737307306688,0.6874040524980489,0.6979737307306688,0.21357922022341858,0.09883463098565178,,,,,,,-0.19703154265880585,0.41812802023357815,0.9989316239316239,0.9970326409495549,0.7554347826086957,0.29850746268656714,0.9946236559139785,0.8282828282828283,0.8877551020408163,0.8,0.5,0.125,"Tables 5-9, Figs. 3, 4",r2_batch/abl_ce_only_s67.json
abl_ce_only,"Cross-entropy-only protocol (no prototype terms, averaged head)",balanced,68,150,gpu,8,head,0.6877228555531943,0.699314795329621,0.6877228555531943,0.699314795329621,0.24919995446629395,0.130657069692049,,,,,,,-0.19888252019882202,0.2765784164269765,0.999298245614035,0.9373134328358209,0.8688524590163934,0.07518796992481203,1.0,0.9826086956521739,0.7326732673267327,0.6909090909090909,0.5490196078431373,0.35294117647058826,"Tables 5-9, Figs. 3, 4",r2_batch/abl_ce_only_s68.json
abl_ce_only,"Cross-entropy-only protocol (no prototype terms, averaged head)",balanced,69,150,gpu,8,head,0.7244344983652944,0.7668357113278614,0.7244344983652944,0.7668357113278614,0.23787207395614787,0.10804893402769372,,,,,,,-0.21803896129131317,0.18042537735568154,1.0,0.9971910112359551,0.6984126984126984,0.43884892086330934,0.9947643979057592,0.9615384615384616,0.8888888888888888,0.5892857142857143,0.5686274509803921,0.38235294117647056,"Tables 5-9, Figs. 3, 4",r2_batch/abl_ce_only_s69.json
abl_ce_only,"Cross-entropy-only protocol (no prototype terms, averaged head)",balanced,70,150,gpu,8,head,0.660636251823716,0.6758798584997452,0.660636251823716,0.6758798584997452,0.2764750061377462,0.20714266201729725,,,,,,,-0.1633150279521942,0.330112530125512,1.0,0.9305135951661632,0.8297872340425532,0.09448818897637795,0.9947368421052631,0.8,0.8556701030927835,0.8363636363636363,0.2708333333333333,0.3333333333333333,"Tables 5-9, Figs. 3, 4",r2_batch/abl_ce_only_s70.json
abl_ce_only,"Cross-entropy-only protocol (no prototype terms, averaged head)",balanced,71,150,gpu,8,head,0.7011610425430869,0.7222672889621875,0.7011610425430869,0.7222672889621875,0.16350350831514082,0.07709792064069974,,,,,,,-0.19084587693214417,0.4152889549732208,1.0,0.9969135802469136,0.8342245989304813,0.33070866141732286,1.0,0.9611650485436893,0.9405940594059405,0.5454545454545454,0.5625,0.1388888888888889,"Tables 5-9, Figs. 3, 4",r2_batch/abl_ce_only_s71.json
abl_ce_only,"Cross-entropy-only protocol (no prototype terms, averaged head)",balanced,72,150,gpu,8,head,0.662101685468463,0.6742823918121215,0.662101685468463,0.6742823918121215,0.19499940327007995,0.053763714475955404,,,,,,,-0.20047391951084137,0.36275433169470894,1.0,1.0,0.7853107344632768,0.265625,1.0,0.8695652173913043,0.7578947368421053,0.7090909090909091,0.5714285714285714,0.0,"Tables 5-9, Figs. 3, 4",r2_batch/abl_ce_only_s72.json
abl_ce_only,"Cross-entropy-only protocol (no prototype terms, averaged head)",balanced,73,150,gpu,8,head,0.6316016531125199,0.6148267656002743,0.6316016531125199,0.6148267656002743,0.31974823381515316,0.22490126671528488,,,,,,,-0.1956099420785904,0.2526935338973999,1.0,0.9056047197640118,0.8620689655172413,0.13533834586466165,1.0,0.905982905982906,0.865979381443299,0.8363636363636363,0.17307692307692307,0.0,"Tables 5-9, Figs. 3, 4",r2_batch/abl_ce_only_s73.json
abl_ce_only,"Cross-entropy-only protocol (no prototype terms, averaged head)",balanced,74,150,gpu,8,head,0.5622271876160977,0.5759077311256602,0.5622271876160977,0.5759077311256602,0.22184811073699962,0.11091351594539328,,,,,,,-0.21143439412117004,0.41304760177930194,0.99933598937583,0.993920972644377,0.5555555555555556,0.0859375,0.9788359788359788,0.8818181818181818,0.7575757575757576,0.4727272727272727,0.1836734693877551,0.15,"Tables 5-9, Figs. 3, 4",r2_batch/abl_ce_only_s74.json
abl_ce_only,"Cross-entropy-only protocol (no prototype terms, averaged head)",balanced,75,150,gpu,8,head,0.621990720738769,0.6415388087861609,0.621990720738769,0.6415388087861609,0.2178336472649997,0.10946011480286683,,,,,,,-0.2053702026605606,0.2896891004509396,1.0,0.9938461538461538,0.7759562841530054,0.34375,1.0,0.9444444444444444,0.7878787878787878,0.48214285714285715,0.24489795918367346,0.025,"Tables 5-9, Figs. 3, 4",r2_batch/abl_ce_only_s75.json
abl_ce_only,"Cross-entropy-only protocol (no prototype terms, averaged head)",balanced,76,150,gpu,8,head,0.6583861985564254,0.6779507475293305,0.6583861985564254,0.6779507475293305,0.21026976495726496,0.09462812785276195,,,,,,,-0.20037145912647247,0.3004007869296604,1.0,0.9968847352024922,0.7967032967032966,0.4375,1.0,0.8571428571428571,0.9489795918367347,0.5,0.16326530612244897,0.225,"Tables 5-9, Figs. 3, 4",r2_batch/abl_ce_only_s76.json
abl_ce_only,"Cross-entropy-only protocol (no prototype terms, averaged head)",balanced,77,150,gpu,8,head,0.5874920910932216,0.5969769135237102,0.5874920910932216,0.5969769135237102,0.25439983060204585,0.15475599151756209,,,,,,,-0.26466912031173706,0.41708224680688644,1.0,0.99079754601227,0.8148148148148148,0.16260162601626016,0.9651741293532339,0.9361702127659575,0.8041237113402062,0.3090909090909091,0.17307692307692307,0.13157894736842105,"Tables 5-9, Figs. 3, 4",r2_batch/abl_ce_only_s77.json
abl_ce_only,"Cross-entropy-only protocol (no prototype terms, averaged head)",balanced,78,150,gpu,8,head,0.6989393971821954,0.7225228088986818,0.6989393971821954,0.7225228088986818,0.24498952539178434,0.13797121973860418,,,,,,,-0.20203471183776855,0.2907028728061252,1.0,0.9525222551928784,0.8272251308900523,0.4666666666666667,1.0,0.9716981132075472,0.8350515463917526,0.6607142857142857,0.3333333333333333,0.24324324324324326,"Tables 5-9, Figs. 3, 4",r2_batch/abl_ce_only_s78.json
abl_ce_only,"Cross-entropy-only protocol (no prototype terms, averaged head)",balanced,79,150,gpu,8,head,0.7116374188959127,0.7249323695368968,0.7116374188959127,0.7249323695368968,0.3036848393384896,0.18856771604108744,,,,,,,-0.1836516559123993,0.10608753644757801,1.0,0.693939393939394,0.7849462365591398,0.7076923076923077,1.0,0.9711538461538461,0.8144329896907216,0.8,0.2641509433962264,0.3684210526315789,"Tables 5-9, Figs. 3, 4",r2_batch/abl_ce_only_s79.json
abl_ce_only,"Cross-entropy-only protocol (no prototype terms, averaged head)",balanced,80,150,gpu,8,head,0.6735302942594664,0.6800629931875076,0.6735302942594664,0.6800629931875076,0.23653287623602226,0.1382331023605569,,,,,,,-0.1559196263551712,0.35289302799436784,1.0,0.9942363112391931,0.8453038674033149,0.31007751937984496,1.0,0.8380952380952381,0.8787878787878788,0.8035714285714286,0.36538461538461536,0.02631578947368421,"Tables 5-9, Figs. 3, 4",r2_batch/abl_ce_only_s80.json
abl_ce_only,"Cross-entropy-only protocol (no prototype terms, averaged head)",balanced,81,150,gpu,8,head,0.6355003305727686,0.6491889696061501,0.6355003305727686,0.6491889696061501,0.2850331138505237,0.1807252443808329,,,,,,,-0.13814306259155273,0.5879585345586141,1.0,0.9970588235294118,0.7446808510638298,0.2196969696969697,1.0,0.9611650485436893,0.7835051546391752,0.6,0.3877551020408163,0.02564102564102564,"Tables 5-9, Figs. 3, 4",r2_batch/abl_ce_only_s81.json
abl_ce_only,"Cross-entropy-only protocol (no prototype terms, averaged head)",balanced,82,150,gpu,8,head,0.7208364433948689,0.7578191302933948,0.7208364433948689,0.7578191302933948,0.21592786573823236,0.06169816588747648,,,,,,,-0.20301680266857147,0.2706341842810313,1.0,0.9939024390243902,0.7868852459016393,0.5151515151515151,0.9333333333333333,0.9026548672566371,0.88,0.509090909090909,0.5306122448979592,0.4358974358974359,"Tables 5-9, Figs. 3, 4",r2_batch/abl_ce_only_s82.json
abl_ce_only,"Cross-entropy-only protocol (no prototype terms, averaged head)",balanced,83,150,gpu,8,head,0.8145511990755394,0.8278302152280542,0.8145511990755394,0.8278302152280542,0.2695792153339323,0.07227207267087626,,,,,,,-0.3051908016204834,0.444275826215744,1.0,0.991044776119403,0.7446808510638298,0.6666666666666666,1.0,0.9811320754716981,0.8118811881188119,0.8035714285714286,0.38461538461538464,0.9473684210526315,"Tables 5-9, Figs. 3, 4",r2_batch/abl_ce_only_s83.json
abl_ce_only,"Cross-entropy-only protocol (no prototype terms, averaged head)",balanced,84,150,gpu,8,head,0.637672353788225,0.650221990312624,0.637672353788225,0.650221990312624,0.24618181328480387,0.14647690409505398,,,,,,,-0.12143485248088837,0.45052312148941887,1.0,1.0,0.8944444444444445,0.2558139534883721,1.0,0.8947368421052632,0.8484848484848485,0.45454545454545453,0.21153846153846154,0.1794871794871795,"Tables 5-9, Figs. 3, 4",r2_batch/abl_ce_only_s84.json
abl_ce_only,"Cross-entropy-only protocol (no prototype terms, averaged head)",balanced,85,150,gpu,8,head,0.6970571591098362,0.6919735276349566,0.6970571591098362,0.6919735276349566,0.19125191831613847,0.06973391001270679,,,,,,,-0.25543832778930664,0.5370990965101454,1.0,1.0,0.8404255319148937,0.09923664122137404,1.0,0.9714285714285714,0.8,0.9107142857142857,0.5961538461538461,0.05555555555555555,"Tables 5-9, Figs. 3, 4",r2_batch/abl_ce_only_s85.json
abl_ce_only,"Cross-entropy-only protocol (no prototype terms, averaged head)",balanced,86,150,gpu,8,head,0.6914689679583216,0.702275703453091,0.6914689679583216,0.702275703453091,0.19026982298492534,0.07090755902401774,,,,,,,-0.1775243878364563,0.22584769460890028,1.0,0.976878612716763,0.8306878306878307,0.2773722627737226,0.9907834101382489,0.9646017699115044,0.92,0.7142857142857143,0.5208333333333334,0.027777777777777776,"Tables 5-9, Figs. 3, 4",r2_batch/abl_ce_only_s86.json
abl_ce_only,"Cross-entropy-only protocol (no prototype terms, averaged head)",balanced,87,150,gpu,8,head,0.7731344925803195,0.7985872646912381,0.7731344925803195,0.7985872646912381,0.1936521197172826,0.0547726692959151,,,,,,,-0.25078266859054565,0.48257232705752057,1.0,0.9882005899705014,0.8539325842696629,0.5079365079365079,1.0,0.9532710280373832,0.8541666666666666,0.6363636363636364,0.7959183673469388,0.3684210526315789,"Tables 5-9, Figs. 3, 4",r2_batch/abl_ce_only_s87.json
abl_ce_only,"Cross-entropy-only protocol (no prototype terms, averaged head)",balanced,88,150,gpu,8,head,0.6127320641101488,0.6243815228939933,0.6127320641101488,0.6243815228939933,0.1965096027865657,0.061196263683929636,,,,,,,-0.17233788967132568,0.374104337559806,1.0,0.9713375796178344,0.7650273224043715,0.1984126984126984,1.0,0.9734513274336283,0.7708333333333334,0.543859649122807,0.2916666666666667,0.0,"Tables 5-9, Figs. 3, 4",r2_batch/abl_ce_only_s88.json
abl_ce_only,"Cross-entropy-only protocol (no prototype terms, averaged head)",balanced,89,150,gpu,8,head,0.68856049984963,0.7242955779097906,0.68856049984963,0.7242955779097906,0.23015873015873012,0.07491547473056723,,,,,,,-0.29081523418426514,0.34980282849735683,1.0,1.0,0.6684210526315789,0.3953488372093023,0.8916256157635468,0.9813084112149533,0.845360824742268,0.5263157894736842,0.23076923076923078,0.6578947368421053,"Tables 5-9, Figs. 3, 4",r2_batch/abl_ce_only_s89.json
abl_ce_only,"Cross-entropy-only protocol (no prototype terms, averaged head)",balanced,90,150,gpu,8,head,0.6639214810966598,0.6756672201061552,0.6639214810966598,0.6756672201061552,0.2126886411744103,0.0955183202397587,,,,,,,-0.19667765498161316,0.34782763322194415,1.0,0.9786585365853658,0.7966101694915254,0.6746031746031746,0.9946808510638298,0.9150943396226415,0.8061224489795918,0.5178571428571429,0.2916666666666667,0.0,"Tables 5-9, Figs. 3, 4",r2_batch/abl_ce_only_s90.json
abl_ce_only,"Cross-entropy-only protocol (no prototype terms, averaged head)",balanced,91,150,gpu,8,head,0.6802059251109777,0.7111677922149755,0.6802059251109777,0.7111677922149755,0.2064175077332972,0.10534964826247423,,,,,,,-0.16852551698684692,0.4000512792004479,1.0,0.9970501474926253,0.8054054054054054,0.2706766917293233,0.9887640449438202,0.9722222222222222,0.8333333333333334,0.4727272727272727,0.6346153846153846,0.14705882352941177,"Tables 5-9, Figs. 3, 4",r2_batch/abl_ce_only_s91.json
base_balanced:zeropad,Zero-padding + FedAvg,balanced,62,150,gpu,,,0.47110203586963956,0.46806623801871516,,,,,,,,,,,,,,,,,,,,,,,"Table 5, Fig. 3",r2_batch/base_balanced_s62.json
base_balanced:localpca,Per-model PCA + FedAvg,balanced,62,150,gpu,,,0.1146761734997029,0.05566040199842543,,,,,,,,,,,,,,,,,,,,,,,Table 5,r2_batch/base_balanced_s62.json
base_balanced:procrustes,PCA + Procrustes + FedAvg,balanced,62,150,gpu,,,0.23327034556182932,0.18648050115210546,,,,,,,,,,,,,,,,,,,,,,,Table 5,r2_batch/base_balanced_s62.json
base_balanced:zeropad,Zero-padding + FedAvg,balanced,63,150,gpu,,,0.32921095985074467,0.3160554006998652,,,,,,,,,,,,,,,,,,,,,,,"Table 5, Fig. 3",r2_batch/base_balanced_s63.json
base_balanced:localpca,Per-model PCA + FedAvg,balanced,63,150,gpu,,,0.17354497354497356,0.1258104004578215,,,,,,,,,,,,,,,,,,,,,,,Table 5,r2_batch/base_balanced_s63.json
base_balanced:procrustes,PCA + Procrustes + FedAvg,balanced,63,150,gpu,,,0.2773555107952554,0.25778346461105006,,,,,,,,,,,,,,,,,,,,,,,Table 5,r2_batch/base_balanced_s63.json
base_balanced:zeropad,Zero-padding + FedAvg,balanced,64,150,gpu,,,0.3704574424026434,0.3416088936006557,,,,,,,,,,,,,,,,,,,,,,,"Table 5, Fig. 3",r2_batch/base_balanced_s64.json
base_balanced:localpca,Per-model PCA + FedAvg,balanced,64,150,gpu,,,0.12706855791962174,0.07550283553939006,,,,,,,,,,,,,,,,,,,,,,,Table 5,r2_batch/base_balanced_s64.json
base_balanced:procrustes,PCA + Procrustes + FedAvg,balanced,64,150,gpu,,,0.2095836893077393,0.17177620287488182,,,,,,,,,,,,,,,,,,,,,,,Table 5,r2_batch/base_balanced_s64.json
base_balanced:zeropad,Zero-padding + FedAvg,balanced,65,150,gpu,,,0.49072296345020877,0.4930265819541103,,,,,,,,,,,,,,,,,,,,,,,"Table 5, Fig. 3",r2_batch/base_balanced_s65.json
base_balanced:localpca,Per-model PCA + FedAvg,balanced,65,150,gpu,,,0.1111111111111111,0.048031615747074013,,,,,,,,,,,,,,,,,,,,,,,Table 5,r2_batch/base_balanced_s65.json
base_balanced:procrustes,PCA + Procrustes + FedAvg,balanced,65,150,gpu,,,0.2879549586539635,0.27894360370772664,,,,,,,,,,,,,,,,,,,,,,,Table 5,r2_batch/base_balanced_s65.json
base_balanced:zeropad,Zero-padding + FedAvg,balanced,66,150,gpu,,,0.4734013173286955,0.46313442793511456,,,,,,,,,,,,,,,,,,,,,,,"Table 5, Fig. 3",r2_batch/base_balanced_s66.json
base_balanced:localpca,Per-model PCA + FedAvg,balanced,66,150,gpu,,,0.1111111111111111,0.04924081169291897,,,,,,,,,,,,,,,,,,,,,,,Table 5,r2_batch/base_balanced_s66.json
base_balanced:procrustes,PCA + Procrustes + FedAvg,balanced,66,150,gpu,,,0.24548003280914354,0.22116137209976877,,,,,,,,,,,,,,,,,,,,,,,Table 5,r2_batch/base_balanced_s66.json
base_balanced:zeropad,Zero-padding + FedAvg,balanced,67,150,gpu,,,0.46069323178386157,0.46411257900205327,,,,,,,,,,,,,,,,,,,,,,,"Table 5, Fig. 3",r2_batch/base_balanced_s67.json
base_balanced:localpca,Per-model PCA + FedAvg,balanced,67,150,gpu,,,0.1111111111111111,0.04926900584795321,,,,,,,,,,,,,,,,,,,,,,,Table 5,r2_batch/base_balanced_s67.json
base_balanced:procrustes,PCA + Procrustes + FedAvg,balanced,67,150,gpu,,,0.28451119422367666,0.25214213901729504,,,,,,,,,,,,,,,,,,,,,,,Table 5,r2_batch/base_balanced_s67.json
base_balanced:zeropad,Zero-padding + FedAvg,balanced,68,150,gpu,,,0.45471910126867976,0.43894419712377203,,,,,,,,,,,,,,,,,,,,,,,"Table 5, Fig. 3",r2_batch/base_balanced_s68.json
base_balanced:localpca,Per-model PCA + FedAvg,balanced,68,150,gpu,,,0.1111111111111111,0.0482465615323684,,,,,,,,,,,,,,,,,,,,,,,Table 5,r2_batch/base_balanced_s68.json
base_balanced:procrustes,PCA + Procrustes + FedAvg,balanced,68,150,gpu,,,0.2686603053911133,0.23566693384059267,,,,,,,,,,,,,,,,,,,,,,,Table 5,r2_batch/base_balanced_s68.json
base_balanced:zeropad,Zero-padding + FedAvg,balanced,69,150,gpu,,,0.377170978678908,0.36464147965907556,,,,,,,,,,,,,,,,,,,,,,,"Table 5, Fig. 3",r2_batch/base_balanced_s69.json
base_balanced:localpca,Per-model PCA + FedAvg,balanced,69,150,gpu,,,0.11169284467713786,0.051418596169231494,,,,,,,,,,,,,,,,,,,,,,,Table 5,r2_batch/base_balanced_s69.json
base_balanced:procrustes,PCA + Procrustes + FedAvg,balanced,69,150,gpu,,,0.2615894264836891,0.2418227907169965,,,,,,,,,,,,,,,,,,,,,,,Table 5,r2_batch/base_balanced_s69.json
base_balanced:zeropad,Zero-padding + FedAvg,balanced,70,150,gpu,,,0.43417744459169794,0.39999000073103413,,,,,,,,,,,,,,,,,,,,,,,"Table 5, Fig. 3",r2_batch/base_balanced_s70.json
base_balanced:localpca,Per-model PCA + FedAvg,balanced,70,150,gpu,,,0.11229314420803783,0.05134354874528093,,,,,,,,,,,,,,,,,,,,,,,Table 5,r2_batch/base_balanced_s70.json
base_balanced:procrustes,PCA + Procrustes + FedAvg,balanced,70,150,gpu,,,0.28067526606968546,0.25344251102410076,,,,,,,,,,,,,,,,,,,,,,,Table 5,r2_batch/base_balanced_s70.json
base_balanced:zeropad,Zero-padding + FedAvg,balanced,71,150,gpu,,,0.4450757840668324,0.45261102567443284,,,,,,,,,,,,,,,,,,,,,,,"Table 5, Fig. 3",r2_batch/base_balanced_s71.json
base_balanced:localpca,Per-model PCA + FedAvg,balanced,71,150,gpu,,,0.12335516433335335,0.07197058431793847,,,,,,,,,,,,,,,,,,,,,,,Table 5,r2_batch/base_balanced_s71.json
base_balanced:procrustes,PCA + Procrustes + FedAvg,balanced,71,150,gpu,,,0.3121130989262914,0.3120784575648172,,,,,,,,,,,,,,,,,,,,,,,Table 5,r2_batch/base_balanced_s71.json
base_balanced:zeropad,Zero-padding + FedAvg,balanced,72,150,gpu,,,0.39729169969685696,0.3745717013635002,,,,,,,,,,,,,,,,,,,,,,,"Table 5, Fig. 3",r2_batch/base_balanced_s72.json
base_balanced:localpca,Per-model PCA + FedAvg,balanced,72,150,gpu,,,0.1111111111111111,0.04809619238476954,,,,,,,,,,,,,,,,,,,,,,,Table 5,r2_batch/base_balanced_s72.json
base_balanced:procrustes,PCA + Procrustes + FedAvg,balanced,72,150,gpu,,,0.23151941605579907,0.2188591166265334,,,,,,,,,,,,,,,,,,,,,,,Table 5,r2_batch/base_balanced_s72.json
base_balanced:zeropad,Zero-padding + FedAvg,balanced,73,150,gpu,,,0.5094407750778771,0.45992331506561296,,,,,,,,,,,,,,,,,,,,,,,"Table 5, Fig. 3",r2_batch/base_balanced_s73.json
base_balanced:localpca,Per-model PCA + FedAvg,balanced,73,150,gpu,,,0.11238825031928482,0.05212358070198812,,,,,,,,,,,,,,,,,,,,,,,Table 5,r2_batch/base_balanced_s73.json
base_balanced:procrustes,PCA + Procrustes + FedAvg,balanced,73,150,gpu,,,0.20503288322690263,0.16821578583510294,,,,,,,,,,,,,,,,,,,,,,,Table 5,r2_batch/base_balanced_s73.json
base_balanced:zeropad,Zero-padding + FedAvg,balanced,74,150,gpu,,,0.4044231576146469,0.36295970357393825,,,,,,,,,,,,,,,,,,,,,,,"Table 5, Fig. 3",r2_batch/base_balanced_s74.json
base_balanced:localpca,Per-model PCA + FedAvg,balanced,74,150,gpu,,,0.1216931216931217,0.06791868262456496,,,,,,,,,,,,,,,,,,,,,,,Table 5,r2_batch/base_balanced_s74.json
base_balanced:procrustes,PCA + Procrustes + FedAvg,balanced,74,150,gpu,,,0.32996582892416226,0.3380581964159099,,,,,,,,,,,,,,,,,,,,,,,Table 5,r2_batch/base_balanced_s74.json
base_balanced:zeropad,Zero-padding + FedAvg,balanced,75,150,gpu,,,0.4178965568053683,0.4049496308739411,,,,,,,,,,,,,,,,,,,,,,,"Table 5, Fig. 3",r2_batch/base_balanced_s75.json
base_balanced:localpca,Per-model PCA + FedAvg,balanced,75,150,gpu,,,0.1135397692774742,0.052299316598584694,,,,,,,,,,,,,,,,,,,,,,,Table 5,r2_batch/base_balanced_s75.json
base_balanced:procrustes,PCA + Procrustes + FedAvg,balanced,75,150,gpu,,,0.17214132855355535,0.14022429643365755,,,,,,,,,,,,,,,,,,,,,,,Table 5,r2_batch/base_balanced_s75.json
base_balanced:zeropad,Zero-padding + FedAvg,balanced,76,150,gpu,,,0.42674621371933735,0.43594528380759745,,,,,,,,,,,,,,,,,,,,,,,"Table 5, Fig. 3",r2_batch/base_balanced_s76.json
base_balanced:localpca,Per-model PCA + FedAvg,balanced,76,150,gpu,,,0.1349206349206349,0.08511845463429443,,,,,,,,,,,,,,,,,,,,,,,Table 5,r2_batch/base_balanced_s76.json
base_balanced:procrustes,PCA + Procrustes + FedAvg,balanced,76,150,gpu,,,0.28416450816627575,0.2810061233457424,,,,,,,,,,,,,,,,,,,,,,,Table 5,r2_batch/base_balanced_s76.json
base_balanced:zeropad,Zero-padding + FedAvg,balanced,77,150,gpu,,,0.367746431362648,0.359166275282895,,,,,,,,,,,,,,,,,,,,,,,"Table 5, Fig. 3",r2_batch/base_balanced_s77.json
base_balanced:localpca,Per-model PCA + FedAvg,balanced,77,150,gpu,,,0.12933568489124045,0.07966800404234833,,,,,,,,,,,,,,,,,,,,,,,Table 5,r2_batch/base_balanced_s77.json
base_balanced:procrustes,PCA + Procrustes + FedAvg,balanced,77,150,gpu,,,0.21462353137311677,0.16564117801822453,,,,,,,,,,,,,,,,,,,,,,,Table 5,r2_batch/base_balanced_s77.json
base_balanced:zeropad,Zero-padding + FedAvg,balanced,78,150,gpu,,,0.47151864423004597,0.4777009959387224,,,,,,,,,,,,,,,,,,,,,,,"Table 5, Fig. 3",r2_batch/base_balanced_s78.json
base_balanced:localpca,Per-model PCA + FedAvg,balanced,78,150,gpu,,,0.12164309343335677,0.06848970968625795,,,,,,,,,,,,,,,,,,,,,,,Table 5,r2_batch/base_balanced_s78.json
base_balanced:procrustes,PCA + Procrustes + FedAvg,balanced,78,150,gpu,,,0.24877358408654804,0.22188222410444633,,,,,,,,,,,,,,,,,,,,,,,Table 5,r2_batch/base_balanced_s78.json
base_balanced:zeropad,Zero-padding + FedAvg,balanced,79,150,gpu,,,0.49750029435762727,0.49858132473716554,,,,,,,,,,,,,,,,,,,,,,,"Table 5, Fig. 3",r2_batch/base_balanced_s79.json
base_balanced:localpca,Per-model PCA + FedAvg,balanced,79,150,gpu,,,0.11170848267622462,0.05001214463108408,,,,,,,,,,,,,,,,,,,,,,,Table 5,r2_batch/base_balanced_s79.json
base_balanced:procrustes,PCA + Procrustes + FedAvg,balanced,79,150,gpu,,,0.24945972850307183,0.24291810959335958,,,,,,,,,,,,,,,,,,,,,,,Table 5,r2_batch/base_balanced_s79.json
base_balanced:zeropad,Zero-padding + FedAvg,balanced,80,150,gpu,,,0.4234782917936999,0.400132482366465,,,,,,,,,,,,,,,,,,,,,,,"Table 5, Fig. 3",r2_batch/base_balanced_s80.json
base_balanced:localpca,Per-model PCA + FedAvg,balanced,80,150,gpu,,,0.19012904067150765,0.16217724363554145,,,,,,,,,,,,,,,,,,,,,,,Table 5,r2_batch/base_balanced_s80.json
base_balanced:procrustes,PCA + Procrustes + FedAvg,balanced,80,150,gpu,,,0.24373508462864896,0.2133725955145988,,,,,,,,,,,,,,,,,,,,,,,Table 5,r2_batch/base_balanced_s80.json
base_balanced:zeropad,Zero-padding + FedAvg,balanced,81,150,gpu,,,0.36230228842118206,0.341130231771715,,,,,,,,,,,,,,,,,,,,,,,"Table 5, Fig. 3",r2_batch/base_balanced_s81.json
base_balanced:localpca,Per-model PCA + FedAvg,balanced,81,150,gpu,,,0.17964071856287425,0.12950489977517005,,,,,,,,,,,,,,,,,,,,,,,Table 5,r2_batch/base_balanced_s81.json
base_balanced:procrustes,PCA + Procrustes + FedAvg,balanced,81,150,gpu,,,0.2511431403479507,0.21643596036958282,,,,,,,,,,,,,,,,,,,,,,,Table 5,r2_batch/base_balanced_s81.json
base_balanced:zeropad,Zero-padding + FedAvg,balanced,82,150,gpu,,,0.4761552386006423,0.4671149731510105,,,,,,,,,,,,,,,,,,,,,,,"Table 5, Fig. 3",r2_batch/base_balanced_s82.json
base_balanced:localpca,Per-model PCA + FedAvg,balanced,82,150,gpu,,,0.11363636363636363,0.05292305691691253,,,,,,,,,,,,,,,,,,,,,,,Table 5,r2_batch/base_balanced_s82.json
base_balanced:procrustes,PCA + Procrustes + FedAvg,balanced,82,150,gpu,,,0.2745302568325925,0.24871380762172887,,,,,,,,,,,,,,,,,,,,,,,Table 5,r2_batch/base_balanced_s82.json
base_balanced:zeropad,Zero-padding + FedAvg,balanced,83,150,gpu,,,0.5428686875304053,0.5136705171125322,,,,,,,,,,,,,,,,,,,,,,,"Table 5, Fig. 3",r2_batch/base_balanced_s83.json
base_balanced:localpca,Per-model PCA + FedAvg,balanced,83,150,gpu,,,0.11228689006466785,0.05098343390099883,,,,,,,,,,,,,,,,,,,,,,,Table 5,r2_batch/base_balanced_s83.json
base_balanced:procrustes,PCA + Procrustes + FedAvg,balanced,83,150,gpu,,,0.2299711058576307,0.19361834880702805,,,,,,,,,,,,,,,,,,,,,,,Table 5,r2_batch/base_balanced_s83.json
base_balanced:zeropad,Zero-padding + FedAvg,balanced,84,150,gpu,,,0.4299025203757966,0.40307600570974905,,,,,,,,,,,,,,,,,,,,,,,"Table 5, Fig. 3",r2_batch/base_balanced_s84.json
base_balanced:localpca,Per-model PCA + FedAvg,balanced,84,150,gpu,,,0.1117283950617284,0.0492995009223824,,,,,,,,,,,,,,,,,,,,,,,Table 5,r2_batch/base_balanced_s84.json
base_balanced:procrustes,PCA + Procrustes + FedAvg,balanced,84,150,gpu,,,0.23352494431941753,0.20498724903788196,,,,,,,,,,,,,,,,,,,,,,,Table 5,r2_batch/base_balanced_s84.json
base_balanced:zeropad,Zero-padding + FedAvg,balanced,85,150,gpu,,,0.4813540977016154,0.4997953628202388,,,,,,,,,,,,,,,,,,,,,,,"Table 5, Fig. 3",r2_batch/base_balanced_s85.json
base_balanced:localpca,Per-model PCA + FedAvg,balanced,85,150,gpu,,,0.1111111111111111,0.04780701754385965,,,,,,,,,,,,,,,,,,,,,,,Table 5,r2_batch/base_balanced_s85.json
base_balanced:procrustes,PCA + Procrustes + FedAvg,balanced,85,150,gpu,,,0.2337739093058242,0.21233014297163105,,,,,,,,,,,,,,,,,,,,,,,Table 5,r2_batch/base_balanced_s85.json
base_balanced:zeropad,Zero-padding + FedAvg,balanced,86,150,gpu,,,0.46682232618245817,0.4685610939810246,,,,,,,,,,,,,,,,,,,,,,,"Table 5, Fig. 3",r2_batch/base_balanced_s86.json
base_balanced:localpca,Per-model PCA + FedAvg,balanced,86,150,gpu,,,0.1234567901234568,0.07086111308831787,,,,,,,,,,,,,,,,,,,,,,,Table 5,r2_batch/base_balanced_s86.json
base_balanced:procrustes,PCA + Procrustes + FedAvg,balanced,86,150,gpu,,,0.17440917107583773,0.13251364796418372,,,,,,,,,,,,,,,,,,,,,,,Table 5,r2_batch/base_balanced_s86.json
base_balanced:zeropad,Zero-padding + FedAvg,balanced,87,150,gpu,,,0.43181781314506973,0.4366103946461033,,,,,,,,,,,,,,,,,,,,,,,"Table 5, Fig. 3",r2_batch/base_balanced_s87.json
base_balanced:localpca,Per-model PCA + FedAvg,balanced,87,150,gpu,,,0.116729088639201,0.06068412766566481,,,,,,,,,,,,,,,,,,,,,,,Table 5,r2_batch/base_balanced_s87.json
base_balanced:procrustes,PCA + Procrustes + FedAvg,balanced,87,150,gpu,,,0.17060820540116275,0.13448716496626792,,,,,,,,,,,,,,,,,,,,,,,Table 5,r2_batch/base_balanced_s87.json
base_balanced:zeropad,Zero-padding + FedAvg,balanced,88,150,gpu,,,0.3990723017413169,0.3751018284627581,,,,,,,,,,,,,,,,,,,,,,,"Table 5, Fig. 3",r2_batch/base_balanced_s88.json
base_balanced:localpca,Per-model PCA + FedAvg,balanced,88,150,gpu,,,0.11379307677730982,0.05284950706456981,,,,,,,,,,,,,,,,,,,,,,,Table 5,r2_batch/base_balanced_s88.json
base_balanced:procrustes,PCA + Procrustes + FedAvg,balanced,88,150,gpu,,,0.2080808930973349,0.17799585437218723,,,,,,,,,,,,,,,,,,,,,,,Table 5,r2_batch/base_balanced_s88.json
base_balanced:zeropad,Zero-padding + FedAvg,balanced,89,150,gpu,,,0.4883112220576204,0.49527244013577754,,,,,,,,,,,,,,,,,,,,,,,"Table 5, Fig. 3",r2_batch/base_balanced_s89.json
base_balanced:localpca,Per-model PCA + FedAvg,balanced,89,150,gpu,,,0.12534209085933223,0.07350597609561754,,,,,,,,,,,,,,,,,,,,,,,Table 5,r2_batch/base_balanced_s89.json
base_balanced:procrustes,PCA + Procrustes + FedAvg,balanced,89,150,gpu,,,0.15818934427376818,0.133123840035827,,,,,,,,,,,,,,,,,,,,,,,Table 5,r2_batch/base_balanced_s89.json
base_balanced:zeropad,Zero-padding + FedAvg,balanced,90,150,gpu,,,0.47127198785019936,0.45590905350288263,,,,,,,,,,,,,,,,,,,,,,,"Table 5, Fig. 3",r2_batch/base_balanced_s90.json
base_balanced:localpca,Per-model PCA + FedAvg,balanced,90,150,gpu,,,0.14752040175768988,0.10531912906989202,,,,,,,,,,,,,,,,,,,,,,,Table 5,r2_batch/base_balanced_s90.json
base_balanced:procrustes,PCA + Procrustes + FedAvg,balanced,90,150,gpu,,,0.2234944991021831,0.2020084704014575,,,,,,,,,,,,,,,,,,,,,,,Table 5,r2_batch/base_balanced_s90.json
base_balanced:zeropad,Zero-padding + FedAvg,balanced,91,150,gpu,,,0.41448626613264566,0.4036774445681719,,,,,,,,,,,,,,,,,,,,,,,"Table 5, Fig. 3",r2_batch/base_balanced_s91.json
base_balanced:localpca,Per-model PCA + FedAvg,balanced,91,150,gpu,,,0.11291291291291292,0.053238271674245406,,,,,,,,,,,,,,,,,,,,,,,Table 5,r2_batch/base_balanced_s91.json
base_balanced:procrustes,PCA + Procrustes + FedAvg,balanced,91,150,gpu,,,0.21080406248945574,0.19290592415728078,,,,,,,,,,,,,,,,,,,,,,,Table 5,r2_batch/base_balanced_s91.json
abl_ce_only_cancer_correlated,"Cross-entropy-only protocol (no prototype terms, averaged head)",cancer_correlated,62,150,gpu,8,head,0.6649835185204385,0.679127050384294,0.6649835185204385,0.679127050384294,0.35920573948503837,0.24100608392432019,,,,,,,-0.19100095331668854,0.12874403761492836,1.0,0.8931750741839762,0.7914438502673797,0.8,0.9950248756218906,0.8785046728971962,0.7525773195876289,0.18181818181818182,0.6153846153846154,0.07692307692307693,"Tables 5-9, Figs. 3, 4",r2_batch/abl_ce_only_cancer_correlated_s62.json
abl_ce_only_cancer_correlated,"Cross-entropy-only protocol (no prototype terms, averaged head)",cancer_correlated,63,150,gpu,8,head,0.6884057419406125,0.714836269365738,0.6884057419406125,0.714836269365738,0.2978358613028758,0.1963081441919173,,,,,,,-0.01639631576836109,-0.01961399107757542,1.0,0.9365558912386707,0.8324022346368715,0.4274193548387097,0.8952380952380953,0.908256880733945,0.8877551020408163,0.5636363636363636,0.46938775510204084,0.275,"Tables 5-9, Figs. 3, 4",r2_batch/abl_ce_only_cancer_correlated_s63.json
abl_ce_only_cancer_correlated,"Cross-entropy-only protocol (no prototype terms, averaged head)",cancer_correlated,64,150,gpu,8,head,0.6988295954048478,0.7290511738862588,0.6988295954048478,0.7290511738862588,0.23606119596685632,0.05426399220952942,,,,,,,-0.3048654794692993,0.3035329555471738,1.0,0.9969040247678018,0.851063829787234,0.6183206106870229,0.9951219512195122,0.898989898989899,0.8631578947368421,0.5535714285714286,0.3584905660377358,0.15384615384615385,"Tables 5-9, Figs. 3, 4",r2_batch/abl_ce_only_cancer_correlated_s64.json
abl_ce_only_cancer_correlated,"Cross-entropy-only protocol (no prototype terms, averaged head)",cancer_correlated,65,150,gpu,8,head,0.6375847603874351,0.6274732661686311,0.6375847603874351,0.6274732661686311,0.364184257732268,0.22815784722466403,,,,,,,-0.16249731183052063,0.08680385847886403,1.0,0.8544303797468354,0.9010989010989011,0.2706766917293233,0.9942196531791907,0.9528301886792453,0.8865979381443299,0.6909090909090909,0.10416666666666667,0.08333333333333333,"Tables 5-9, Figs. 3, 4",r2_batch/abl_ce_only_cancer_correlated_s65.json
abl_ce_only_cancer_correlated,"Cross-entropy-only protocol (no prototype terms, averaged head)",cancer_correlated,66,150,gpu,8,head,0.7216370327223193,0.7342968429996036,0.7216370327223193,0.7342968429996036,0.36630862871464376,0.18729620198637204,,,,,,,-0.39863014221191406,0.21993151679635048,1.0,0.9106628242074928,0.9842105263157894,0.18382352941176472,1.0,0.9809523809523809,0.7857142857142857,0.8392857142857143,0.35294117647058826,0.45714285714285713,"Tables 5-9, Figs. 3, 4",r2_batch/abl_ce_only_cancer_correlated_s66.json
abl_ce_only_cancer_correlated,"Cross-entropy-only protocol (no prototype terms, averaged head)",cancer_correlated,67,150,gpu,8,head,0.6977985697723916,0.6881710752267021,0.6977985697723916,0.6881710752267021,0.3881922527278945,0.28133520553296454,,,,,,,-0.0862465351819992,0.002449934370815754,1.0,0.6765578635014837,0.9402173913043478,0.8582089552238806,0.9946236559139785,0.9595959595959596,0.8673469387755102,0.5636363636363636,0.42,0.0,"Tables 5-9, Figs. 3, 4",r2_batch/abl_ce_only_cancer_correlated_s67.json
abl_ce_only_cancer_correlated,"Cross-entropy-only protocol (no prototype terms, averaged head)",cancer_correlated,68,150,gpu,8,head,0.7276363515153078,0.7262447337335662,0.7276363515153078,0.7262447337335662,0.2580974515361984,0.07753462795835676,,,,,,,-0.30038079619407654,0.09398123249411583,1.0,0.9074626865671642,0.7595628415300546,0.6466165413533834,1.0,0.9130434782608695,0.8118811881188119,0.7454545454545455,0.7647058823529411,0.0,"Tables 5-9, Figs. 3, 4",r2_batch/abl_ce_only_cancer_correlated_s68.json
abl_ce_only_cancer_correlated,"Cross-entropy-only protocol (no prototype terms, averaged head)",cancer_correlated,69,150,gpu,8,head,0.6712374090998756,0.6781207413681848,0.6712374090998756,0.6781207413681848,0.32403945720056,0.20254502303473715,,,,,,,-0.24643827974796295,0.1854093439049191,1.0,1.0,0.8306878306878307,0.7122302158273381,0.9895287958115183,0.875,0.8787878787878788,0.5,0.2549019607843137,0.0,"Tables 5-9, Figs. 3, 4",r2_batch/abl_ce_only_cancer_correlated_s69.json
abl_ce_only_cancer_correlated,"Cross-entropy-only protocol (no prototype terms, averaged head)",cancer_correlated,70,150,gpu,8,head,0.7660870826172824,0.7582094013880707,0.7660870826172824,0.7582094013880707,0.3754376494278267,0.23749077777416477,,,,,,,-0.1359976977109909,0.08942272048443556,1.0,0.9335347432024169,0.8829787234042553,0.889763779527559,0.9947368421052631,0.89,0.8865979381443299,0.4727272727272727,0.9166666666666666,0.027777777777777776,"Tables 5-9, Figs. 3, 4",r2_batch/abl_ce_only_cancer_correlated_s70.json
abl_ce_only_cancer_correlated,"Cross-entropy-only protocol (no prototype terms, averaged head)",cancer_correlated,71,150,gpu,8,head,0.764943791421058,0.7863108351614171,0.764943791421058,0.7863108351614171,0.3651196171944804,0.25943575774205097,,,,,,,-0.13195274770259857,0.03398048039525747,1.0,0.8395061728395061,0.8074866310160428,0.8346456692913385,1.0,0.9223300970873787,0.8514851485148515,0.7818181818181819,0.375,0.4722222222222222,"Tables 5-9, Figs. 3, 4",r2_batch/abl_ce_only_cancer_correlated_s71.json
abl_ce_only_cancer_correlated,"Cross-entropy-only protocol (no prototype terms, averaged head)",cancer_correlated,72,150,gpu,8,head,0.7257666398864282,0.7373151390582056,0.7257666398864282,0.7373151390582056,0.43456381440253555,0.2853406185952143,,,,,,,-0.2364393174648285,0.11530252401199606,1.0,0.8302469135802469,0.9209039548022598,0.6015625,1.0,0.991304347826087,0.8526315789473684,0.7454545454545455,0.4897959183673469,0.1,"Tables 5-9, Figs. 3, 4",r2_batch/abl_ce_only_cancer_correlated_s72.json
abl_ce_only_cancer_correlated,"Cross-entropy-only protocol (no prototype terms, averaged head)",cancer_correlated,73,150,gpu,8,head,0.7666718547721346,0.7933513556285336,0.7666718547721346,0.7933513556285336,0.3596644694123316,0.2649426649872335,,,,,,,-0.07844045013189316,0.16000671032816172,1.0,0.8436578171091446,0.8218390804597702,1.0,0.994413407821229,0.8888888888888888,0.8556701030927835,0.509090909090909,0.5,0.4864864864864865,"Tables 5-9, Figs. 3, 4",r2_batch/abl_ce_only_cancer_correlated_s73.json
abl_ce_only_cancer_correlated,"Cross-entropy-only protocol (no prototype terms, averaged head)",cancer_correlated,74,150,gpu,8,head,0.7093749428903304,0.7472173068198961,0.7093749428903304,0.7472173068198961,0.3004382448826893,0.12296593216788161,,,,,,,-0.2902412414550781,0.20934891514480114,1.0,0.9969604863221885,0.544973544973545,0.5234375,0.9788359788359788,0.9363636363636364,0.8181818181818182,0.7090909090909091,0.32653061224489793,0.55,"Tables 5-9, Figs. 3, 4",r2_batch/abl_ce_only_cancer_correlated_s74.json
abl_ce_only_cancer_correlated,"Cross-entropy-only protocol (no prototype terms, averaged head)",cancer_correlated,75,150,gpu,8,head,0.72988367709297,0.7525178164704237,0.72988367709297,0.7525178164704237,0.22921810699588477,0.08788869870429686,,,,,,,-0.2521931529045105,0.2946322394741906,1.0,0.9907692307692307,0.8907103825136612,0.6640625,1.0,0.9537037037037037,0.8686868686868687,0.42857142857142855,0.12244897959183673,0.65,"Tables 5-9, Figs. 3, 4",r2_batch/abl_ce_only_cancer_correlated_s75.json
abl_ce_only_cancer_correlated,"Cross-entropy-only protocol (no prototype terms, averaged head)",cancer_correlated,76,150,gpu,8,head,0.7122698230336355,0.6996690078997158,0.7122698230336355,0.6996690078997158,0.4583603445226049,0.2950936316156816,,,,,,,-0.2780040204524994,0.07678873526553313,1.0,0.9376947040498442,1.0,0.1796875,0.8629441624365483,0.9428571428571428,0.9591836734693877,0.7321428571428571,0.7959183673469388,0.0,"Tables 5-9, Figs. 3, 4",r2_batch/abl_ce_only_cancer_correlated_s76.json
abl_ce_only_cancer_correlated,"Cross-entropy-only protocol (no prototype terms, averaged head)",cancer_correlated,77,150,gpu,8,head,0.6752046190636077,0.6910638292678253,0.6752046190636077,0.6910638292678253,0.3418798565142949,0.1992672380820717,,,,,,,-0.28861987590789795,0.17316332625018227,1.0,0.99079754601227,0.7936507936507936,0.5853658536585366,1.0,0.8404255319148937,0.9072164948453608,0.5636363636363636,0.21153846153846154,0.18421052631578946,"Tables 5-9, Figs. 3, 4",r2_batch/abl_ce_only_cancer_correlated_s77.json
abl_ce_only_cancer_correlated,"Cross-entropy-only protocol (no prototype terms, averaged head)",cancer_correlated,78,150,gpu,8,head,0.7433696739950597,0.7497388831810288,0.7433696739950597,0.7497388831810288,0.2831593665658635,0.10273244565431211,,,,,,,-0.29635658860206604,0.3671827869755881,0.9991364421416234,0.9703264094955489,0.9267015706806283,0.1259259259259259,0.9601990049751243,0.9245283018867925,0.7628865979381443,0.5714285714285714,0.5294117647058824,0.918918918918919,"Tables 5-9, Figs. 3, 4",r2_batch/abl_ce_only_cancer_correlated_s78.json
abl_ce_only_cancer_correlated,"Cross-entropy-only protocol (no prototype terms, averaged head)",cancer_correlated,79,150,gpu,8,head,0.68082881981985,0.7112454779405865,0.68082881981985,0.7112454779405865,0.27191381843334306,0.09986049889378662,,,,,,,-0.32849010825157166,0.13921671081334352,1.0,0.9818181818181818,0.7365591397849462,0.6076923076923076,1.0,0.8653846153846154,0.9278350515463918,0.45454545454545453,0.2641509433962264,0.2894736842105263,"Tables 5-9, Figs. 3, 4",r2_batch/abl_ce_only_cancer_correlated_s79.json
abl_ce_only_cancer_correlated,"Cross-entropy-only protocol (no prototype terms, averaged head)",cancer_correlated,80,150,gpu,8,head,0.7057634671639778,0.7408923931425918,0.7057634671639778,0.7408923931425918,0.3102869352869353,0.06865444651723378,,,,,,,-0.38025015592575073,0.07013517511742455,1.0,0.8645533141210374,0.7458563535911602,0.6046511627906976,0.9378238341968912,0.8857142857142857,0.6363636363636364,0.4107142857142857,0.6346153846153846,0.631578947368421,"Tables 5-9, Figs. 3, 4",r2_batch/abl_ce_only_cancer_correlated_s80.json
abl_ce_only_cancer_correlated,"Cross-entropy-only protocol (no prototype terms, averaged head)",cancer_correlated,81,150,gpu,8,head,0.7458177945525019,0.766785272930591,0.7458177945525019,0.766785272930591,0.3841856649251569,0.2186594772687386,,,,,,,-0.22000271081924438,0.20484964549541473,1.0,0.9529411764705882,0.5531914893617021,0.9545454545454546,0.9461077844311377,0.9223300970873787,0.8865979381443299,0.6363636363636364,0.24489795918367346,0.6153846153846154,"Tables 5-9, Figs. 3, 4",r2_batch/abl_ce_only_cancer_correlated_s81.json
abl_ce_only_cancer_correlated,"Cross-entropy-only protocol (no prototype terms, averaged head)",cancer_correlated,82,150,gpu,8,head,0.7448466857235537,0.7691899849851408,0.7448466857235537,0.7691899849851408,0.3574814341438868,0.2394492148464986,,,,,,,-0.2222895324230194,0.16586653971009785,1.0,0.9817073170731707,0.8797814207650273,0.36363636363636365,0.9538461538461539,0.8849557522123894,0.99,0.7454545454545455,0.673469387755102,0.23076923076923078,"Tables 5-9, Figs. 3, 4",r2_batch/abl_ce_only_cancer_correlated_s82.json
abl_ce_only_cancer_correlated,"Cross-entropy-only protocol (no prototype terms, averaged head)",cancer_correlated,83,150,gpu,8,head,0.7595910412709485,0.7848768466035041,0.7595910412709485,0.7848768466035041,0.48683024040486333,0.33430938037408336,,,,,,,-0.13032400608062744,0.06911886110901833,1.0,0.9044776119402985,0.7978723404255319,0.7348484848484849,1.0,0.9433962264150944,0.6831683168316832,0.2857142857142857,0.75,0.7368421052631579,"Tables 5-9, Figs. 3, 4",r2_batch/abl_ce_only_cancer_correlated_s83.json
abl_ce_only_cancer_correlated,"Cross-entropy-only protocol (no prototype terms, averaged head)",cancer_correlated,84,150,gpu,8,head,0.6568693469941417,0.6591793847854689,0.6568693469941417,0.6591793847854689,0.37985887663961326,0.2715487720539971,,,,,,,-0.17028896510601044,0.06821392269598113,1.0,0.7492354740061162,0.7333333333333333,0.7906976744186046,1.0,0.9385964912280702,0.8888888888888888,0.16363636363636364,0.5192307692307693,0.1282051282051282,"Tables 5-9, Figs. 3, 4",r2_batch/abl_ce_only_cancer_correlated_s84.json
abl_ce_only_cancer_correlated,"Cross-entropy-only protocol (no prototype terms, averaged head)",cancer_correlated,85,150,gpu,8,head,0.7716552253515849,0.8030383287355007,0.7716552253515849,0.8030383287355007,0.34025910026412176,0.2386992325466229,,,,,,,-0.07239923626184464,0.1820939009388288,1.0,0.9969418960244648,0.9627659574468085,0.7251908396946565,0.9949494949494949,0.9619047619047619,0.85,0.5535714285714286,0.28846153846153844,0.6111111111111112,"Tables 5-9, Figs. 3, 4",r2_batch/abl_ce_only_cancer_correlated_s85.json
abl_ce_only_cancer_correlated,"Cross-entropy-only protocol (no prototype terms, averaged head)",cancer_correlated,86,150,gpu,8,head,0.7316260515754872,0.7210990147222762,0.7316260515754872,0.7210990147222762,0.29759130524337335,0.13514399181556763,,,,,,,-0.23083800077438354,0.07689226884394884,1.0,0.8208092485549133,0.8253968253968254,0.8394160583941606,0.9723502304147466,0.8849557522123894,0.83,0.8214285714285714,0.5625,0.027777777777777776,"Tables 5-9, Figs. 3, 4",r2_batch/abl_ce_only_cancer_correlated_s86.json
abl_ce_only_cancer_correlated,"Cross-entropy-only protocol (no prototype terms, averaged head)",cancer_correlated,87,150,gpu,8,head,0.7694236494313658,0.7727473197121604,0.7694236494313658,0.7727473197121604,0.3607456253791192,0.1893840679414338,,,,,,,-0.28803759813308716,0.2192779704928398,1.0,0.8938053097345132,0.8146067415730337,0.6984126984126984,1.0,0.897196261682243,0.8958333333333334,0.8909090909090909,0.7551020408163265,0.07894736842105263,"Tables 5-9, Figs. 3, 4",r2_batch/abl_ce_only_cancer_correlated_s87.json
abl_ce_only_cancer_correlated,"Cross-entropy-only protocol (no prototype terms, averaged head)",cancer_correlated,88,150,gpu,8,head,0.7038979464508339,0.7057447623772611,0.7038979464508339,0.7057447623772611,0.35744985575008026,0.2772640332449298,,,,,,,-0.03903304412961006,0.08647193107753992,1.0,0.910828025477707,0.9781420765027322,0.7301587301587301,0.995,0.8761061946902655,0.8645833333333334,0.43859649122807015,0.5416666666666666,0.0,"Tables 5-9, Figs. 3, 4",r2_batch/abl_ce_only_cancer_correlated_s88.json
abl_ce_only_cancer_correlated,"Cross-entropy-only protocol (no prototype terms, averaged head)",cancer_correlated,89,150,gpu,8,head,0.7444542890447727,0.7795157830787428,0.7444542890447727,0.7795157830787428,0.2321170963342574,0.09856933566150466,,,,,,,-0.28959786891937256,0.3306751747926076,1.0,0.9880597014925373,0.6,0.813953488372093,1.0,0.9345794392523364,0.6185567010309279,0.3684210526315789,0.6923076923076923,0.6842105263157895,"Tables 5-9, Figs. 3, 4",r2_batch/abl_ce_only_cancer_correlated_s89.json
abl_ce_only_cancer_correlated,"Cross-entropy-only protocol (no prototype terms, averaged head)",cancer_correlated,90,150,gpu,8,head,0.6918456053939194,0.6834991396813616,0.6918456053939194,0.6834991396813616,0.41337794142052847,0.34613266985937063,,,,,,,-0.04355814680457115,0.05151471495628357,1.0,0.8140243902439024,0.9096045197740112,0.7777777777777778,1.0,0.9339622641509434,0.8775510204081632,0.6428571428571429,0.2708333333333333,0.0,"Tables 5-9, Figs. 3, 4",r2_batch/abl_ce_only_cancer_correlated_s90.json
abl_ce_only_cancer_correlated,"Cross-entropy-only protocol (no prototype terms, averaged head)",cancer_correlated,91,150,gpu,8,head,0.6812541064003547,0.68768381777203,0.6812541064003547,0.68768381777203,0.28913673774784887,0.11258609155654553,,,,,,,-0.3438680171966553,0.1471169548375266,1.0,0.967551622418879,0.8324324324324325,0.3082706766917293,0.9550561797752809,0.9351851851851852,0.8020833333333334,0.8363636363636363,0.28846153846153844,0.20588235294117646,"Tables 5-9, Figs. 3, 4",r2_batch/abl_ce_only_cancer_correlated_s91.json
base_cancer_correlated:zeropad,Zero-padding + FedAvg,cancer_correlated,62,150,gpu,,,0.5065379617189746,0.4776589083989907,,,,,,,,,,,,,,,,,,,,,,,"Table 5, Fig. 3",r2_batch/base_cancer_correlated_s62.json
base_cancer_correlated:localpca,Per-model PCA + FedAvg,cancer_correlated,62,150,gpu,,,0.11170528817587641,0.049855852625479334,,,,,,,,,,,,,,,,,,,,,,,Table 5,r2_batch/base_cancer_correlated_s62.json
base_cancer_correlated:procrustes,PCA + Procrustes + FedAvg,cancer_correlated,62,150,gpu,,,0.15957934445846614,0.1231205230018134,,,,,,,,,,,,,,,,,,,,,,,Table 5,r2_batch/base_cancer_correlated_s62.json
base_cancer_correlated:zeropad,Zero-padding + FedAvg,cancer_correlated,63,150,gpu,,,0.44172509823739237,0.4135271658525281,,,,,,,,,,,,,,,,,,,,,,,"Table 5, Fig. 3",r2_batch/base_cancer_correlated_s63.json
base_cancer_correlated:localpca,Per-model PCA + FedAvg,cancer_correlated,63,150,gpu,,,0.15013449203393336,0.10892546665494943,,,,,,,,,,,,,,,,,,,,,,,Table 5,r2_batch/base_cancer_correlated_s63.json
base_cancer_correlated:procrustes,PCA + Procrustes + FedAvg,cancer_correlated,63,150,gpu,,,0.22392227590461505,0.17177733431765901,,,,,,,,,,,,,,,,,,,,,,,Table 5,r2_batch/base_cancer_correlated_s63.json
base_cancer_correlated:zeropad,Zero-padding + FedAvg,cancer_correlated,64,150,gpu,,,0.5258768924290086,0.5196988829796507,,,,,,,,,,,,,,,,,,,,,,,"Table 5, Fig. 3",r2_batch/base_cancer_correlated_s64.json
base_cancer_correlated:localpca,Per-model PCA + FedAvg,cancer_correlated,64,150,gpu,,,0.11229314420803783,0.04995215776831582,,,,,,,,,,,,,,,,,,,,,,,Table 5,r2_batch/base_cancer_correlated_s64.json
base_cancer_correlated:procrustes,PCA + Procrustes + FedAvg,cancer_correlated,64,150,gpu,,,0.19813226631706404,0.17738598305060416,,,,,,,,,,,,,,,,,,,,,,,Table 5,r2_batch/base_cancer_correlated_s64.json
base_cancer_correlated:zeropad,Zero-padding + FedAvg,cancer_correlated,65,150,gpu,,,0.5278995528861108,0.4940658744281584,,,,,,,,,,,,,,,,,,,,,,,"Table 5, Fig. 3",r2_batch/base_cancer_correlated_s65.json
base_cancer_correlated:localpca,Per-model PCA + FedAvg,cancer_correlated,65,150,gpu,,,0.11660561660561661,0.058738397124461814,,,,,,,,,,,,,,,,,,,,,,,Table 5,r2_batch/base_cancer_correlated_s65.json
base_cancer_correlated:procrustes,PCA + Procrustes + FedAvg,cancer_correlated,65,150,gpu,,,0.2563149759681551,0.22041908713443187,,,,,,,,,,,,,,,,,,,,,,,Table 5,r2_batch/base_cancer_correlated_s65.json
base_cancer_correlated:zeropad,Zero-padding + FedAvg,cancer_correlated,66,150,gpu,,,0.44916320347544947,0.43784259708144496,,,,,,,,,,,,,,,,,,,,,,,"Table 5, Fig. 3",r2_batch/base_cancer_correlated_s66.json
base_cancer_correlated:localpca,Per-model PCA + FedAvg,cancer_correlated,66,150,gpu,,,0.17025981205085683,0.12266881593264913,,,,,,,,,,,,,,,,,,,,,,,Table 5,r2_batch/base_cancer_correlated_s66.json
base_cancer_correlated:procrustes,PCA + Procrustes + FedAvg,cancer_correlated,66,150,gpu,,,0.23724069709929882,0.20956028478165883,,,,,,,,,,,,,,,,,,,,,,,Table 5,r2_batch/base_cancer_correlated_s66.json
base_cancer_correlated:zeropad,Zero-padding + FedAvg,cancer_correlated,67,150,gpu,,,0.5506142891552751,0.5133528005732573,,,,,,,,,,,,,,,,,,,,,,,"Table 5, Fig. 3",r2_batch/base_cancer_correlated_s67.json
base_cancer_correlated:localpca,Per-model PCA + FedAvg,cancer_correlated,67,150,gpu,,,0.11290322580645161,0.05289377647101225,,,,,,,,,,,,,,,,,,,,,,,Table 5,r2_batch/base_cancer_correlated_s67.json
base_cancer_correlated:procrustes,PCA + Procrustes + FedAvg,cancer_correlated,67,150,gpu,,,0.289018437452285,0.2783993493395404,,,,,,,,,,,,,,,,,,,,,,,Table 5,r2_batch/base_cancer_correlated_s67.json
base_cancer_correlated:zeropad,Zero-padding + FedAvg,cancer_correlated,68,150,gpu,,,0.5500922041922143,0.5474897571062547,,,,,,,,,,,,,,,,,,,,,,,"Table 5, Fig. 3",r2_batch/base_cancer_correlated_s68.json
base_cancer_correlated:localpca,Per-model PCA + FedAvg,cancer_correlated,68,150,gpu,,,0.1327189190658728,0.08704451021007954,,,,,,,,,,,,,,,,,,,,,,,Table 5,r2_batch/base_cancer_correlated_s68.json
base_cancer_correlated:procrustes,PCA + Procrustes + FedAvg,cancer_correlated,68,150,gpu,,,0.2726638933739754,0.24099805254836604,,,,,,,,,,,,,,,,,,,,,,,Table 5,r2_batch/base_cancer_correlated_s68.json
base_cancer_correlated:zeropad,Zero-padding + FedAvg,cancer_correlated,69,150,gpu,,,0.46863175261468143,0.4283378342390513,,,,,,,,,,,,,,,,,,,,,,,"Table 5, Fig. 3",r2_batch/base_cancer_correlated_s69.json
base_cancer_correlated:localpca,Per-model PCA + FedAvg,cancer_correlated,69,150,gpu,,,0.12463256907701352,0.07385744562820933,,,,,,,,,,,,,,,,,,,,,,,Table 5,r2_batch/base_cancer_correlated_s69.json
base_cancer_correlated:procrustes,PCA + Procrustes + FedAvg,cancer_correlated,69,150,gpu,,,0.2289225933859965,0.208742901014218,,,,,,,,,,,,,,,,,,,,,,,Table 5,r2_batch/base_cancer_correlated_s69.json
base_cancer_correlated:zeropad,Zero-padding + FedAvg,cancer_correlated,70,150,gpu,,,0.5786469098314,0.5639564448267844,,,,,,,,,,,,,,,,,,,,,,,"Table 5, Fig. 3",r2_batch/base_cancer_correlated_s70.json
base_cancer_correlated:localpca,Per-model PCA + FedAvg,cancer_correlated,70,150,gpu,,,0.11933557297499066,0.06525082643882825,,,,,,,,,,,,,,,,,,,,,,,Table 5,r2_batch/base_cancer_correlated_s70.json
base_cancer_correlated:procrustes,PCA + Procrustes + FedAvg,cancer_correlated,70,150,gpu,,,0.2749321886275974,0.2545890093482479,,,,,,,,,,,,,,,,,,,,,,,Table 5,r2_batch/base_cancer_correlated_s70.json
base_cancer_correlated:zeropad,Zero-padding + FedAvg,cancer_correlated,71,150,gpu,,,0.5987269944447043,0.589693371326439,,,,,,,,,,,,,,,,,,,,,,,"Table 5, Fig. 3",r2_batch/base_cancer_correlated_s71.json
base_cancer_correlated:localpca,Per-model PCA + FedAvg,cancer_correlated,71,150,gpu,,,0.1111111111111111,0.048550236008091704,,,,,,,,,,,,,,,,,,,,,,,Table 5,r2_batch/base_cancer_correlated_s71.json
base_cancer_correlated:procrustes,PCA + Procrustes + FedAvg,cancer_correlated,71,150,gpu,,,0.16103310065989496,0.12756614642038863,,,,,,,,,,,,,,,,,,,,,,,Table 5,r2_batch/base_cancer_correlated_s71.json
base_cancer_correlated:zeropad,Zero-padding + FedAvg,cancer_correlated,72,150,gpu,,,0.5833512474925682,0.5782484192124616,,,,,,,,,,,,,,,,,,,,,,,"Table 5, Fig. 3",r2_batch/base_cancer_correlated_s72.json
base_cancer_correlated:localpca,Per-model PCA + FedAvg,cancer_correlated,72,150,gpu,,,0.11299435028248588,0.05205521817363922,,,,,,,,,,,,,,,,,,,,,,,Table 5,r2_batch/base_cancer_correlated_s72.json
base_cancer_correlated:procrustes,PCA + Procrustes + FedAvg,cancer_correlated,72,150,gpu,,,0.23335588623569078,0.21177727446133943,,,,,,,,,,,,,,,,,,,,,,,Table 5,r2_batch/base_cancer_correlated_s72.json
base_cancer_correlated:zeropad,Zero-padding + FedAvg,cancer_correlated,73,150,gpu,,,0.5574311886840244,0.5134989201001914,,,,,,,,,,,,,,,,,,,,,,,"Table 5, Fig. 3",r2_batch/base_cancer_correlated_s73.json
base_cancer_correlated:localpca,Per-model PCA + FedAvg,cancer_correlated,73,150,gpu,,,0.12662942271880817,0.07643384723180988,,,,,,,,,,,,,,,,,,,,,,,Table 5,r2_batch/base_cancer_correlated_s73.json
base_cancer_correlated:procrustes,PCA + Procrustes + FedAvg,cancer_correlated,73,150,gpu,,,0.18729691864697534,0.16653157541831104,,,,,,,,,,,,,,,,,,,,,,,Table 5,r2_batch/base_cancer_correlated_s73.json
base_cancer_correlated:zeropad,Zero-padding + FedAvg,cancer_correlated,74,150,gpu,,,0.45772688397540645,0.4429208346136181,,,,,,,,,,,,,,,,,,,,,,,"Table 5, Fig. 3",r2_batch/base_cancer_correlated_s74.json
base_cancer_correlated:localpca,Per-model PCA + FedAvg,cancer_correlated,74,150,gpu,,,0.110435663627153,0.04812362030905077,,,,,,,,,,,,,,,,,,,,,,,Table 5,r2_batch/base_cancer_correlated_s74.json
base_cancer_correlated:procrustes,PCA + Procrustes + FedAvg,cancer_correlated,74,150,gpu,,,0.2872503974934531,0.26051623392917017,,,,,,,,,,,,,,,,,,,,,,,Table 5,r2_batch/base_cancer_correlated_s74.json
base_cancer_correlated:zeropad,Zero-padding + FedAvg,cancer_correlated,75,150,gpu,,,0.5026838505048887,0.5002249518176567,,,,,,,,,,,,,,,,,,,,,,,"Table 5, Fig. 3",r2_batch/base_cancer_correlated_s75.json
base_cancer_correlated:localpca,Per-model PCA + FedAvg,cancer_correlated,75,150,gpu,,,0.11475409836065574,0.05464736533098488,,,,,,,,,,,,,,,,,,,,,,,Table 5,r2_batch/base_cancer_correlated_s75.json
base_cancer_correlated:procrustes,PCA + Procrustes + FedAvg,cancer_correlated,75,150,gpu,,,0.2041316101425391,0.17317436355578741,,,,,,,,,,,,,,,,,,,,,,,Table 5,r2_batch/base_cancer_correlated_s75.json
base_cancer_correlated:zeropad,Zero-padding + FedAvg,cancer_correlated,76,150,gpu,,,0.5673726729942123,0.5205094974753768,,,,,,,,,,,,,,,,,,,,,,,"Table 5, Fig. 3",r2_batch/base_cancer_correlated_s76.json
base_cancer_correlated:localpca,Per-model PCA + FedAvg,cancer_correlated,76,150,gpu,,,0.1238498434760117,0.06943635244314972,,,,,,,,,,,,,,,,,,,,,,,Table 5,r2_batch/base_cancer_correlated_s76.json
base_cancer_correlated:procrustes,PCA + Procrustes + FedAvg,cancer_correlated,76,150,gpu,,,0.24713222567759374,0.20929032563428646,,,,,,,,,,,,,,,,,,,,,,,Table 5,r2_batch/base_cancer_correlated_s76.json
base_cancer_correlated:zeropad,Zero-padding + FedAvg,cancer_correlated,77,150,gpu,,,0.5580123148862237,0.5407957838854399,,,,,,,,,,,,,,,,,,,,,,,"Table 5, Fig. 3",r2_batch/base_cancer_correlated_s77.json
base_cancer_correlated:localpca,Per-model PCA + FedAvg,cancer_correlated,77,150,gpu,,,0.11346266901822458,0.052998724372560126,,,,,,,,,,,,,,,,,,,,,,,Table 5,r2_batch/base_cancer_correlated_s77.json
base_cancer_correlated:procrustes,PCA + Procrustes + FedAvg,cancer_correlated,77,150,gpu,,,0.21562463505668442,0.18934412187579944,,,,,,,,,,,,,,,,,,,,,,,Table 5,r2_batch/base_cancer_correlated_s77.json
base_cancer_correlated:zeropad,Zero-padding + FedAvg,cancer_correlated,78,150,gpu,,,0.47906851624369323,0.4518672391609723,,,,,,,,,,,,,,,,,,,,,,,"Table 5, Fig. 3",r2_batch/base_cancer_correlated_s78.json
base_cancer_correlated:localpca,Per-model PCA + FedAvg,cancer_correlated,78,150,gpu,,,0.1111111111111111,0.04837783519954062,,,,,,,,,,,,,,,,,,,,,,,Table 5,r2_batch/base_cancer_correlated_s78.json
base_cancer_correlated:procrustes,PCA + Procrustes + FedAvg,cancer_correlated,78,150,gpu,,,0.2540515514203328,0.25187902537706847,,,,,,,,,,,,,,,,,,,,,,,Table 5,r2_batch/base_cancer_correlated_s78.json
base_cancer_correlated:zeropad,Zero-padding + FedAvg,cancer_correlated,79,150,gpu,,,0.513545330256338,0.4814294916334171,,,,,,,,,,,,,,,,,,,,,,,"Table 5, Fig. 3",r2_batch/base_cancer_correlated_s79.json
base_cancer_correlated:localpca,Per-model PCA + FedAvg,cancer_correlated,79,150,gpu,,,0.15792512943050577,0.11220045231083753,,,,,,,,,,,,,,,,,,,,,,,Table 5,r2_batch/base_cancer_correlated_s79.json
base_cancer_correlated:procrustes,PCA + Procrustes + FedAvg,cancer_correlated,79,150,gpu,,,0.2518749303224417,0.24247396526711298,,,,,,,,,,,,,,,,,,,,,,,Table 5,r2_batch/base_cancer_correlated_s79.json
base_cancer_correlated:zeropad,Zero-padding + FedAvg,cancer_correlated,80,150,gpu,,,0.468246189855579,0.45813936084120077,,,,,,,,,,,,,,,,,,,,,,,"Table 5, Fig. 3",r2_batch/base_cancer_correlated_s80.json
base_cancer_correlated:localpca,Per-model PCA + FedAvg,cancer_correlated,80,150,gpu,,,0.11168681635002879,0.051076216324180794,,,,,,,,,,,,,,,,,,,,,,,Table 5,r2_batch/base_cancer_correlated_s80.json
base_cancer_correlated:procrustes,PCA + Procrustes + FedAvg,cancer_correlated,80,150,gpu,,,0.2137297747752046,0.19046234015722951,,,,,,,,,,,,,,,,,,,,,,,Table 5,r2_batch/base_cancer_correlated_s80.json
base_cancer_correlated:zeropad,Zero-padding + FedAvg,cancer_correlated,81,150,gpu,,,0.4627320794321148,0.40782391217542435,,,,,,,,,,,,,,,,,,,,,,,"Table 5, Fig. 3",r2_batch/base_cancer_correlated_s81.json
base_cancer_correlated:localpca,Per-model PCA + FedAvg,cancer_correlated,81,150,gpu,,,0.1111111111111111,0.05003679175864607,,,,,,,,,,,,,,,,,,,,,,,Table 5,r2_batch/base_cancer_correlated_s81.json
base_cancer_correlated:procrustes,PCA + Procrustes + FedAvg,cancer_correlated,81,150,gpu,,,0.22628501861525174,0.16974388657178338,,,,,,,,,,,,,,,,,,,,,,,Table 5,r2_batch/base_cancer_correlated_s81.json
base_cancer_correlated:zeropad,Zero-padding + FedAvg,cancer_correlated,82,150,gpu,,,0.5165112751243861,0.4908514354890625,,,,,,,,,,,,,,,,,,,,,,,"Table 5, Fig. 3",r2_batch/base_cancer_correlated_s82.json
base_cancer_correlated:localpca,Per-model PCA + FedAvg,cancer_correlated,82,150,gpu,,,0.11282051282051281,0.051413075344473765,,,,,,,,,,,,,,,,,,,,,,,Table 5,r2_batch/base_cancer_correlated_s82.json
base_cancer_correlated:procrustes,PCA + Procrustes + FedAvg,cancer_correlated,82,150,gpu,,,0.24252019989724907,0.2022599184499746,,,,,,,,,,,,,,,,,,,,,,,Table 5,r2_batch/base_cancer_correlated_s82.json
base_cancer_correlated:zeropad,Zero-padding + FedAvg,cancer_correlated,83,150,gpu,,,0.45353602141691396,0.40141595738482455,,,,,,,,,,,,,,,,,,,,,,,"Table 5, Fig. 3",r2_batch/base_cancer_correlated_s83.json
base_cancer_correlated:localpca,Per-model PCA + FedAvg,cancer_correlated,83,150,gpu,,,0.12588652482269502,0.07503057170872245,,,,,,,,,,,,,,,,,,,,,,,Table 5,r2_batch/base_cancer_correlated_s83.json
base_cancer_correlated:procrustes,PCA + Procrustes + FedAvg,cancer_correlated,83,150,gpu,,,0.2232148019761205,0.18626609225741825,,,,,,,,,,,,,,,,,,,,,,,Table 5,r2_batch/base_cancer_correlated_s83.json
base_cancer_correlated:zeropad,Zero-padding + FedAvg,cancer_correlated,84,150,gpu,,,0.4841911372652551,0.4491995232019704,,,,,,,,,,,,,,,,,,,,,,,"Table 5, Fig. 3",r2_batch/base_cancer_correlated_s84.json
base_cancer_correlated:localpca,Per-model PCA + FedAvg,cancer_correlated,84,150,gpu,,,0.12827032559329624,0.07747699381457063,,,,,,,,,,,,,,,,,,,,,,,Table 5,r2_batch/base_cancer_correlated_s84.json
base_cancer_correlated:procrustes,PCA + Procrustes + FedAvg,cancer_correlated,84,150,gpu,,,0.26587671705388277,0.2569780229717389,,,,,,,,,,,,,,,,,,,,,,,Table 5,r2_batch/base_cancer_correlated_s84.json
base_cancer_correlated:zeropad,Zero-padding + FedAvg,cancer_correlated,85,150,gpu,,,0.4896782168733042,0.48336956070084064,,,,,,,,,,,,,,,,,,,,,,,"Table 5, Fig. 3",r2_batch/base_cancer_correlated_s85.json
base_cancer_correlated:localpca,Per-model PCA + FedAvg,cancer_correlated,85,150,gpu,,,0.13534278959810875,0.08484451432564641,,,,,,,,,,,,,,,,,,,,,,,Table 5,r2_batch/base_cancer_correlated_s85.json
base_cancer_correlated:procrustes,PCA + Procrustes + FedAvg,cancer_correlated,85,150,gpu,,,0.12262880186923282,0.07032605801683145,,,,,,,,,,,,,,,,,,,,,,,Table 5,r2_batch/base_cancer_correlated_s85.json
base_cancer_correlated:zeropad,Zero-padding + FedAvg,cancer_correlated,86,150,gpu,,,0.5766503986622585,0.564238994143045,,,,,,,,,,,,,,,,,,,,,,,"Table 5, Fig. 3",r2_batch/base_cancer_correlated_s86.json
base_cancer_correlated:localpca,Per-model PCA + FedAvg,cancer_correlated,86,150,gpu,,,0.1111111111111111,0.04841869577385951,,,,,,,,,,,,,,,,,,,,,,,Table 5,r2_batch/base_cancer_correlated_s86.json
base_cancer_correlated:procrustes,PCA + Procrustes + FedAvg,cancer_correlated,86,150,gpu,,,0.22134987009538984,0.16858002650637222,,,,,,,,,,,,,,,,,,,,,,,Table 5,r2_batch/base_cancer_correlated_s86.json
base_cancer_correlated:zeropad,Zero-padding + FedAvg,cancer_correlated,87,150,gpu,,,0.6051870933058583,0.6079438903050556,,,,,,,,,,,,,,,,,,,,,,,"Table 5, Fig. 3",r2_batch/base_cancer_correlated_s87.json
base_cancer_correlated:localpca,Per-model PCA + FedAvg,cancer_correlated,87,150,gpu,,,0.1111111111111111,0.049692172383465266,,,,,,,,,,,,,,,,,,,,,,,Table 5,r2_batch/base_cancer_correlated_s87.json
base_cancer_correlated:procrustes,PCA + Procrustes + FedAvg,cancer_correlated,87,150,gpu,,,0.22677341154245026,0.18072748081919804,,,,,,,,,,,,,,,,,,,,,,,Table 5,r2_batch/base_cancer_correlated_s87.json
base_cancer_correlated:zeropad,Zero-padding + FedAvg,cancer_correlated,88,150,gpu,,,0.5388133626408733,0.4945457914134186,,,,,,,,,,,,,,,,,,,,,,,"Table 5, Fig. 3",r2_batch/base_cancer_correlated_s88.json
base_cancer_correlated:localpca,Per-model PCA + FedAvg,cancer_correlated,88,150,gpu,,,0.13054037644201577,0.07494377124155467,,,,,,,,,,,,,,,,,,,,,,,Table 5,r2_batch/base_cancer_correlated_s88.json
base_cancer_correlated:procrustes,PCA + Procrustes + FedAvg,cancer_correlated,88,150,gpu,,,0.22749241044323013,0.18104335751394574,,,,,,,,,,,,,,,,,,,,,,,Table 5,r2_batch/base_cancer_correlated_s88.json
base_cancer_correlated:zeropad,Zero-padding + FedAvg,cancer_correlated,89,150,gpu,,,0.5268183359515839,0.5198497386477013,,,,,,,,,,,,,,,,,,,,,,,"Table 5, Fig. 3",r2_batch/base_cancer_correlated_s89.json
base_cancer_correlated:localpca,Per-model PCA + FedAvg,cancer_correlated,89,150,gpu,,,0.12534209085933223,0.07430393435292786,,,,,,,,,,,,,,,,,,,,,,,Table 5,r2_batch/base_cancer_correlated_s89.json
base_cancer_correlated:procrustes,PCA + Procrustes + FedAvg,cancer_correlated,89,150,gpu,,,0.21061964713960604,0.20338847211754565,,,,,,,,,,,,,,,,,,,,,,,Table 5,r2_batch/base_cancer_correlated_s89.json
base_cancer_correlated:zeropad,Zero-padding + FedAvg,cancer_correlated,90,150,gpu,,,0.5647410254107229,0.5182810796957495,,,,,,,,,,,,,,,,,,,,,,,"Table 5, Fig. 3",r2_batch/base_cancer_correlated_s90.json
base_cancer_correlated:localpca,Per-model PCA + FedAvg,cancer_correlated,90,150,gpu,,,0.11761229314420804,0.06153288967359319,,,,,,,,,,,,,,,,,,,,,,,Table 5,r2_batch/base_cancer_correlated_s90.json
base_cancer_correlated:procrustes,PCA + Procrustes + FedAvg,cancer_correlated,90,150,gpu,,,0.22764792910112672,0.2102209989502919,,,,,,,,,,,,,,,,,,,,,,,Table 5,r2_batch/base_cancer_correlated_s90.json
base_cancer_correlated:zeropad,Zero-padding + FedAvg,cancer_correlated,91,150,gpu,,,0.4768692116897842,0.43732615090399857,,,,,,,,,,,,,,,,,,,,,,,"Table 5, Fig. 3",r2_batch/base_cancer_correlated_s91.json
base_cancer_correlated:localpca,Per-model PCA + FedAvg,cancer_correlated,91,150,gpu,,,0.1154097918142862,0.05825373733175151,,,,,,,,,,,,,,,,,,,,,,,Table 5,r2_batch/base_cancer_correlated_s91.json
base_cancer_correlated:procrustes,PCA + Procrustes + FedAvg,cancer_correlated,91,150,gpu,,,0.2782677084643377,0.25498911746754316,,,,,,,,,,,,,,,,,,,,,,,Table 5,r2_batch/base_cancer_correlated_s91.json
abl_ce_only_adversarial,"Cross-entropy-only protocol (no prototype terms, averaged head)",adversarial,62,150,gpu,8,head,0.6914935029091077,0.6669167885714419,0.6914935029091077,0.6669167885714419,0.854317019470435,0.854309007932458,,,,,,,0.28803589940071106,nan,1.0,0.9970326409495549,0.7005347593582888,0.015384615384615385,1.0,1.0,1.0,0.8181818181818182,0.0,0.6923076923076923,"Tables 5-9, Figs. 3, 4",r2_batch/abl_ce_only_adversarial_s62.json
abl_ce_only_adversarial,"Cross-entropy-only protocol (no prototype terms, averaged head)",adversarial,63,150,gpu,8,head,0.8192285412556761,0.8128215696036885,0.8192285412556761,0.8128215696036885,0.9606092888882084,0.9567569137396601,,,,,,,0.4675561487674713,nan,1.0,1.0,0.9888268156424581,1.0,1.0,1.0,0.9489795918367347,0.9454545454545454,0.4897959183673469,0.0,"Tables 5-9, Figs. 3, 4",r2_batch/abl_ce_only_adversarial_s63.json
abl_ce_only_adversarial,"Cross-entropy-only protocol (no prototype terms, averaged head)",adversarial,64,150,gpu,8,head,0.9133572504603339,0.9335041197812735,0.9133572504603339,0.9335041197812735,0.8411267497707136,0.8650711685491899,,,,,,,0.4355742335319519,nan,1.0,1.0,1.0,1.0,0.9951219512195122,1.0,1.0,0.9464285714285714,0.5094339622641509,0.7692307692307693,"Tables 5-9, Figs. 3, 4",r2_batch/abl_ce_only_adversarial_s64.json
abl_ce_only_adversarial,"Cross-entropy-only protocol (no prototype terms, averaged head)",adversarial,65,150,gpu,8,head,0.8479725521392187,0.8473127299758523,0.8479725521392187,0.8473127299758523,0.9322439746838374,0.9457079099583101,,,,,,,0.507603645324707,nan,1.0,1.0,0.9945054945054945,1.0,1.0,1.0,1.0,0.9636363636363636,0.6458333333333334,0.027777777777777776,"Tables 5-9, Figs. 3, 4",r2_batch/abl_ce_only_adversarial_s65.json
abl_ce_only_adversarial,"Cross-entropy-only protocol (no prototype terms, averaged head)",adversarial,66,150,gpu,8,head,0.8652459446795049,0.8876200240439936,0.8652459446795049,0.8876200240439936,0.8830874087505133,0.8831221360952038,,,,,,,0.4348123371601105,nan,1.0,0.9942363112391931,1.0,1.0,1.0,1.0,0.9387755102040817,0.8928571428571429,0.6470588235294118,0.3142857142857143,"Tables 5-9, Figs. 3, 4",r2_batch/abl_ce_only_adversarial_s66.json
abl_ce_only_adversarial,"Cross-entropy-only protocol (no prototype terms, averaged head)",adversarial,67,150,gpu,8,head,0.7768574635241302,0.7676160679155716,0.7768574635241302,0.7676160679155716,0.9306026717853764,0.9394276076245122,,,,,,,0.4457305073738098,nan,1.0,1.0,1.0,1.0,1.0,0.98989898989899,1.0,0.18181818181818182,0.02,0.8,"Tables 5-9, Figs. 3, 4",r2_batch/abl_ce_only_adversarial_s67.json
abl_ce_only_adversarial,"Cross-entropy-only protocol (no prototype terms, averaged head)",adversarial,68,150,gpu,8,head,0.9335402568788282,0.946369492564879,0.9335402568788282,0.946369492564879,0.9710059513749896,0.9754321724184033,,,,,,,0.4335731267929077,nan,1.0,0.9940298507462687,0.8797814207650273,1.0,1.0,1.0,0.9702970297029703,0.7636363636363637,1.0,0.7941176470588235,"Tables 5-9, Figs. 3, 4",r2_batch/abl_ce_only_adversarial_s68.json
abl_ce_only_adversarial,"Cross-entropy-only protocol (no prototype terms, averaged head)",adversarial,69,150,gpu,8,head,0.8772879505293312,0.8703437106837235,0.8772879505293312,0.8703437106837235,0.9539364386487748,0.9455011422846457,,,,,,,0.5216454267501831,nan,1.0,0.9943820224719101,0.9947089947089947,1.0,0.9947643979057592,0.9711538461538461,0.9797979797979798,1.0,0.9019607843137255,0.058823529411764705,"Tables 5-9, Figs. 3, 4",r2_batch/abl_ce_only_adversarial_s69.json
abl_ce_only_adversarial,"Cross-entropy-only protocol (no prototype terms, averaged head)",adversarial,70,150,gpu,8,head,0.8355357327885448,0.8257755210304842,0.8355357327885448,0.8257755210304842,0.9607215746587838,0.9629921593063328,,,,,,,0.361848384141922,nan,1.0,1.0,0.8404255319148937,1.0,0.9947368421052631,0.99,0.979381443298969,1.0,0.6875,0.027777777777777776,"Tables 5-9, Figs. 3, 4",r2_batch/abl_ce_only_adversarial_s70.json
abl_ce_only_adversarial,"Cross-entropy-only protocol (no prototype terms, averaged head)",adversarial,71,150,gpu,8,head,0.8374123796179274,0.8446919389411246,0.8374123796179274,0.8446919389411246,0.9388299288401458,0.9410322213212409,,,,,,,0.2980591356754303,nan,1.0,0.9969135802469136,0.9946524064171123,0.2125984251968504,1.0,1.0,0.7326732673267327,0.9818181818181818,0.9791666666666666,0.6388888888888888,"Tables 5-9, Figs. 3, 4",r2_batch/abl_ce_only_adversarial_s71.json
abl_ce_only_adversarial,"Cross-entropy-only protocol (no prototype terms, averaged head)",adversarial,72,150,gpu,8,head,0.8501837924876011,0.8567020809773845,0.8501837924876011,0.8567020809773845,0.9538835071866028,0.9544501908274614,,,,,,,0.43683552742004395,nan,1.0,0.9814814814814815,0.9943502824858758,0.171875,1.0,1.0,0.9789473684210527,1.0,1.0,0.525,"Tables 5-9, Figs. 3, 4",r2_batch/abl_ce_only_adversarial_s72.json
abl_ce_only_adversarial,"Cross-entropy-only protocol (no prototype terms, averaged head)",adversarial,73,150,gpu,8,head,0.8709739580636606,0.8682936444796331,0.8709739580636606,0.8682936444796331,0.9703100275146725,0.9689001907620207,,,,,,,0.4612792432308197,nan,1.0,1.0,0.8160919540229885,1.0,1.0,0.9829059829059829,0.9690721649484536,0.9818181818181818,0.9807692307692307,0.10810810810810811,"Tables 5-9, Figs. 3, 4",r2_batch/abl_ce_only_adversarial_s73.json
abl_ce_only_adversarial,"Cross-entropy-only protocol (no prototype terms, averaged head)",adversarial,74,150,gpu,8,head,0.749229743103751,0.7532831172497236,0.749229743103751,0.7532831172497236,0.8489996215938675,0.8628371159156489,,,,,,,0.24864517152309418,nan,1.0,1.0,0.9894179894179894,0.2265625,1.0,0.990909090909091,1.0,0.8545454545454545,0.08163265306122448,0.6,"Tables 5-9, Figs. 3, 4",r2_batch/abl_ce_only_adversarial_s74.json
abl_ce_only_adversarial,"Cross-entropy-only protocol (no prototype terms, averaged head)",adversarial,75,150,gpu,8,head,0.9463422967391222,0.9602920955569351,0.9463422967391222,0.9602920955569351,0.9760310473347162,0.9787310150733572,,,,,,,0.486003041267395,nan,1.0,1.0,1.0,1.0,1.0,0.9907407407407407,0.8686868686868687,0.9821428571428571,0.7755102040816326,0.9,"Tables 5-9, Figs. 3, 4",r2_batch/abl_ce_only_adversarial_s75.json
abl_ce_only_adversarial,"Cross-entropy-only protocol (no prototype terms, averaged head)",adversarial,76,150,gpu,8,head,0.833097854526426,0.8568691350563571,0.833097854526426,0.8568691350563571,0.888526949241235,0.8990864672142345,,,,,,,0.42210841178894043,nan,1.0,1.0,0.8846153846153846,1.0,1.0,1.0,1.0,0.7321428571428571,0.30612244897959184,0.575,"Tables 5-9, Figs. 3, 4",r2_batch/abl_ce_only_adversarial_s76.json
abl_ce_only_adversarial,"Cross-entropy-only protocol (no prototype terms, averaged head)",adversarial,77,150,gpu,8,head,0.7731873392523947,0.772655218523013,0.7731873392523947,0.772655218523013,0.8864119591030803,0.9050346979041747,,,,,,,0.3819500207901001,nan,1.0,0.9969325153374233,1.0,0.16260162601626016,1.0,0.9893617021276596,1.0,0.9636363636363636,0.8461538461538461,0.0,"Tables 5-9, Figs. 3, 4",r2_batch/abl_ce_only_adversarial_s77.json
abl_ce_only_adversarial,"Cross-entropy-only protocol (no prototype terms, averaged head)",adversarial,78,150,gpu,8,head,0.6968858933782093,0.6547150948086317,0.6968858933782093,0.6547150948086317,0.8679610654686499,0.8757268466878946,,,,,,,0.30497094988822937,nan,0.9991273996509599,0.9940652818991098,1.0,0.06666666666666667,0.9950248756218906,1.0,1.0,1.0,0.0,0.21621621621621623,"Tables 5-9, Figs. 3, 4",r2_batch/abl_ce_only_adversarial_s78.json
abl_ce_only_adversarial,"Cross-entropy-only protocol (no prototype terms, averaged head)",adversarial,79,150,gpu,8,head,0.7193221045148473,0.6944681984743126,0.7193221045148473,0.6944681984743126,0.8834676262030311,0.8899417658695232,,,,,,,0.3593701720237732,nan,1.0,0.9939393939393939,0.9946236559139785,0.06153846153846154,1.0,1.0,0.9896907216494846,0.8909090909090909,0.49056603773584906,0.05263157894736842,"Tables 5-9, Figs. 3, 4",r2_batch/abl_ce_only_adversarial_s79.json
abl_ce_only_adversarial,"Cross-entropy-only protocol (no prototype terms, averaged head)",adversarial,80,150,gpu,8,head,0.8868819603242666,0.911178720794418,0.8868819603242666,0.911178720794418,0.9569671346514335,0.9320360645340688,,,,,,,0.3899005651473999,nan,1.0,1.0,0.8342541436464088,1.0,0.9896373056994818,0.9904761904761905,0.898989898989899,0.9821428571428571,0.8653846153846154,0.42105263157894735,"Tables 5-9, Figs. 3, 4",r2_batch/abl_ce_only_adversarial_s80.json
abl_ce_only_adversarial,"Cross-entropy-only protocol (no prototype terms, averaged head)",adversarial,81,150,gpu,8,head,0.8304431863342026,0.8615436294518404,0.8304431863342026,0.8615436294518404,0.9167001111036457,0.9276598394136132,,,,,,,0.3113265931606293,nan,1.0,1.0,1.0,0.4015151515151515,1.0,1.0,0.9690721649484536,0.6,0.8367346938775511,0.6666666666666666,"Tables 5-9, Figs. 3, 4",r2_batch/abl_ce_only_adversarial_s81.json
abl_ce_only_adversarial,"Cross-entropy-only protocol (no prototype terms, averaged head)",adversarial,82,150,gpu,8,head,0.760676261027549,0.7708421027208194,0.760676261027549,0.7708421027208194,0.8933883088641186,0.9122384866389193,,,,,,,0.34775909781455994,nan,1.0,1.0,0.994535519125683,0.3409090909090909,1.0,1.0,1.0,0.6545454545454545,0.061224489795918366,0.7948717948717948,"Tables 5-9, Figs. 3, 4",r2_batch/abl_ce_only_adversarial_s82.json
abl_ce_only_adversarial,"Cross-entropy-only protocol (no prototype terms, averaged head)",adversarial,83,150,gpu,8,head,0.9155636842474125,0.9334719529799934,0.9155636842474125,0.9334719529799934,0.9572736607603033,0.9669088582432251,,,,,,,0.4519636034965515,nan,1.0,1.0,0.9946808510638298,1.0,1.0,0.9811320754716981,0.9504950495049505,1.0,0.5769230769230769,0.7368421052631579,"Tables 5-9, Figs. 3, 4",r2_batch/abl_ce_only_adversarial_s83.json
abl_ce_only_adversarial,"Cross-entropy-only protocol (no prototype terms, averaged head)",adversarial,84,150,gpu,8,head,0.8201459034792369,0.8239693147029477,0.8201459034792369,0.8239693147029477,0.9281490114823447,0.9455045646354172,,,,,,,0.4605974853038788,nan,1.0,1.0,1.0,1.0,1.0,1.0,0.9797979797979798,0.8181818181818182,0.5576923076923077,0.02564102564102564,"Tables 5-9, Figs. 3, 4",r2_batch/abl_ce_only_adversarial_s84.json
abl_ce_only_adversarial,"Cross-entropy-only protocol (no prototype terms, averaged head)",adversarial,85,150,gpu,8,head,0.8556372587223652,0.8472968225521085,0.8556372587223652,0.8472968225521085,0.9258285489136553,0.9361377598636715,,,,,,,0.516205906867981,nan,1.0,1.0,0.9893617021276596,1.0,1.0,1.0,0.96,0.9821428571428571,0.7692307692307693,0.0,"Tables 5-9, Figs. 3, 4",r2_batch/abl_ce_only_adversarial_s85.json
abl_ce_only_adversarial,"Cross-entropy-only protocol (no prototype terms, averaged head)",adversarial,86,150,gpu,8,head,0.8277385747049357,0.8454338445675653,0.8277385747049357,0.8454338445675653,0.9243223501298549,0.9237684362324509,,,,,,,0.3366679251194,nan,1.0,1.0,1.0,0.34306569343065696,0.9953917050691244,0.9823008849557522,0.99,0.875,0.375,0.8888888888888888,"Tables 5-9, Figs. 3, 4",r2_batch/abl_ce_only_adversarial_s86.json
abl_ce_only_adversarial,"Cross-entropy-only protocol (no prototype terms, averaged head)",adversarial,87,150,gpu,8,head,0.8259815648878277,0.8351911301898174,0.8259815648878277,0.8351911301898174,0.8708290386639559,0.8943121415007386,,,,,,,0.3684907853603363,nan,1.0,0.976401179941003,1.0,0.15873015873015872,0.9947089947089947,1.0,1.0,0.7454545454545455,0.9795918367346939,0.5789473684210527,"Tables 5-9, Figs. 3, 4",r2_batch/abl_ce_only_adversarial_s87.json
abl_ce_only_adversarial,"Cross-entropy-only protocol (no prototype terms, averaged head)",adversarial,88,150,gpu,8,head,0.7865015251903886,0.7698289945328856,0.7865015251903886,0.7698289945328856,0.930308861483176,0.9312819022590298,,,,,,,0.17808310687541962,nan,1.0,0.9968152866242038,0.9890710382513661,0.015873015873015872,1.0,1.0,1.0,0.3684210526315789,0.875,0.8333333333333334,"Tables 5-9, Figs. 3, 4",r2_batch/abl_ce_only_adversarial_s88.json
abl_ce_only_adversarial,"Cross-entropy-only protocol (no prototype terms, averaged head)",adversarial,89,150,gpu,8,head,0.8339649517538198,0.8476116994086142,0.8339649517538198,0.8476116994086142,0.9255306285667881,0.9365137731174382,,,,,,,0.41527241468429565,nan,1.0,1.0,0.9947368421052631,0.2558139534883721,1.0,1.0,0.9484536082474226,0.9473684210526315,0.5961538461538461,0.7631578947368421,"Tables 5-9, Figs. 3, 4",r2_batch/abl_ce_only_adversarial_s89.json
abl_ce_only_adversarial,"Cross-entropy-only protocol (no prototype terms, averaged head)",adversarial,90,150,gpu,8,head,0.7860045660472434,0.8140703326207341,0.7860045660472434,0.8140703326207341,0.829612444357103,0.8450039145205578,,,,,,,0.29705947637557983,nan,1.0,1.0,1.0,0.30158730158730157,1.0,0.9905660377358491,0.9693877551020408,0.875,0.2708333333333333,0.6666666666666666,"Tables 5-9, Figs. 3, 4",r2_batch/abl_ce_only_adversarial_s90.json
abl_ce_only_adversarial,"Cross-entropy-only protocol (no prototype terms, averaged head)",adversarial,91,150,gpu,8,head,0.9161943536700274,0.9373643584455965,0.9161943536700274,0.9373643584455965,0.9341719160511848,0.9473985942582801,,,,,,,0.365762323141098,nan,1.0,1.0,0.8324324324324325,1.0,0.9943820224719101,0.9907407407407407,0.9270833333333334,0.7454545454545455,0.9615384615384616,0.7941176470588235,"Tables 5-9, Figs. 3, 4",r2_batch/abl_ce_only_adversarial_s91.json
base_adversarial:zeropad,Zero-padding + FedAvg,adversarial,62,150,gpu,,,0.514329468119644,0.46843463219094794,,,,,,,,,,,,,,,,,,,,,,,"Table 5, Fig. 3",r2_batch/base_adversarial_s62.json
base_adversarial:localpca,Per-model PCA + FedAvg,adversarial,62,150,gpu,,,0.1538918597742127,0.10279939382106565,,,,,,,,,,,,,,,,,,,,,,,Table 5,r2_batch/base_adversarial_s62.json
base_adversarial:procrustes,PCA + Procrustes + FedAvg,adversarial,62,150,gpu,,,0.1538918597742127,0.10279939382106565,,,,,,,,,,,,,,,,,,,,,,,Table 5,r2_batch/base_adversarial_s62.json
base_adversarial:zeropad,Zero-padding + FedAvg,adversarial,63,150,gpu,,,0.6566068851783138,0.6211368520104826,,,,,,,,,,,,,,,,,,,,,,,"Table 5, Fig. 3",r2_batch/base_adversarial_s63.json
base_adversarial:localpca,Per-model PCA + FedAvg,adversarial,63,150,gpu,,,0.11793916821849784,0.06030399160170152,,,,,,,,,,,,,,,,,,,,,,,Table 5,r2_batch/base_adversarial_s63.json
base_adversarial:procrustes,PCA + Procrustes + FedAvg,adversarial,63,150,gpu,,,0.11793916821849784,0.06030399160170152,,,,,,,,,,,,,,,,,,,,,,,Table 5,r2_batch/base_adversarial_s63.json
base_adversarial:zeropad,Zero-padding + FedAvg,adversarial,64,150,gpu,,,0.7398879836941455,0.7230434324497875,,,,,,,,,,,,,,,,,,,,,,,"Table 5, Fig. 3",r2_batch/base_adversarial_s64.json
base_adversarial:localpca,Per-model PCA + FedAvg,adversarial,64,150,gpu,,,0.13770685579196218,0.08702925614690321,,,,,,,,,,,,,,,,,,,,,,,Table 5,r2_batch/base_adversarial_s64.json
base_adversarial:procrustes,PCA + Procrustes + FedAvg,adversarial,64,150,gpu,,,0.13770685579196218,0.08702925614690321,,,,,,,,,,,,,,,,,,,,,,,Table 5,r2_batch/base_adversarial_s64.json
base_adversarial:zeropad,Zero-padding + FedAvg,adversarial,65,150,gpu,,,0.698448401541185,0.6757855387329905,,,,,,,,,,,,,,,,,,,,,,,"Table 5, Fig. 3",r2_batch/base_adversarial_s65.json
base_adversarial:localpca,Per-model PCA + FedAvg,adversarial,65,150,gpu,,,0.16246021159315957,0.12055087589074283,,,,,,,,,,,,,,,,,,,,,,,Table 5,r2_batch/base_adversarial_s65.json
base_adversarial:procrustes,PCA + Procrustes + FedAvg,adversarial,65,150,gpu,,,0.16246021159315957,0.12055087589074283,,,,,,,,,,,,,,,,,,,,,,,Table 5,r2_batch/base_adversarial_s65.json
base_adversarial:zeropad,Zero-padding + FedAvg,adversarial,66,150,gpu,,,0.661701039685807,0.6292078774100028,,,,,,,,,,,,,,,,,,,,,,,"Table 5, Fig. 3",r2_batch/base_adversarial_s66.json
base_adversarial:localpca,Per-model PCA + FedAvg,adversarial,66,150,gpu,,,0.1111111111111111,0.04924081169291897,,,,,,,,,,,,,,,,,,,,,,,Table 5,r2_batch/base_adversarial_s66.json
base_adversarial:procrustes,PCA + Procrustes + FedAvg,adversarial,66,150,gpu,,,0.1111111111111111,0.04924081169291897,,,,,,,,,,,,,,,,,,,,,,,Table 5,r2_batch/base_adversarial_s66.json
base_adversarial:zeropad,Zero-padding + FedAvg,adversarial,67,150,gpu,,,0.6579228603667846,0.6039147654998279,,,,,,,,,,,,,,,,,,,,,,,"Table 5, Fig. 3",r2_batch/base_adversarial_s67.json
base_adversarial:localpca,Per-model PCA + FedAvg,adversarial,67,150,gpu,,,0.16561477325853202,0.1315551268730671,,,,,,,,,,,,,,,,,,,,,,,Table 5,r2_batch/base_adversarial_s67.json
base_adversarial:procrustes,PCA + Procrustes + FedAvg,adversarial,67,150,gpu,,,0.16561477325853202,0.1315551268730671,,,,,,,,,,,,,,,,,,,,,,,Table 5,r2_batch/base_adversarial_s67.json
base_adversarial:zeropad,Zero-padding + FedAvg,adversarial,68,150,gpu,,,0.7506564662136992,0.7371112113826708,,,,,,,,,,,,,,,,,,,,,,,"Table 5, Fig. 3",r2_batch/base_adversarial_s68.json
base_adversarial:localpca,Per-model PCA + FedAvg,adversarial,68,150,gpu,,,0.18251525559678494,0.14425452377933598,,,,,,,,,,,,,,,,,,,,,,,Table 5,r2_batch/base_adversarial_s68.json
base_adversarial:procrustes,PCA + Procrustes + FedAvg,adversarial,68,150,gpu,,,0.18251525559678494,0.14425452377933598,,,,,,,,,,,,,,,,,,,,,,,Table 5,r2_batch/base_adversarial_s68.json
base_adversarial:zeropad,Zero-padding + FedAvg,adversarial,69,150,gpu,,,0.6627785794452462,0.6383497509858798,,,,,,,,,,,,,,,,,,,,,,,"Table 5, Fig. 3",r2_batch/base_adversarial_s69.json
base_adversarial:localpca,Per-model PCA + FedAvg,adversarial,69,150,gpu,,,0.12075679210510673,0.06767066446636089,,,,,,,,,,,,,,,,,,,,,,,Table 5,r2_batch/base_adversarial_s69.json
base_adversarial:procrustes,PCA + Procrustes + FedAvg,adversarial,69,150,gpu,,,0.12075679210510673,0.06767066446636089,,,,,,,,,,,,,,,,,,,,,,,Table 5,r2_batch/base_adversarial_s69.json
base_adversarial:zeropad,Zero-padding + FedAvg,adversarial,70,150,gpu,,,0.6443272322731366,0.6062273279043675,,,,,,,,,,,,,,,,,,,,,,,"Table 5, Fig. 3",r2_batch/base_adversarial_s70.json
base_adversarial:localpca,Per-model PCA + FedAvg,adversarial,70,150,gpu,,,0.14117830036083115,0.09916137723552468,,,,,,,,,,,,,,,,,,,,,,,Table 5,r2_batch/base_adversarial_s70.json
base_adversarial:procrustes,PCA + Procrustes + FedAvg,adversarial,70,150,gpu,,,0.14117830036083115,0.09916137723552468,,,,,,,,,,,,,,,,,,,,,,,Table 5,r2_batch/base_adversarial_s70.json
base_adversarial:zeropad,Zero-padding + FedAvg,adversarial,71,150,gpu,,,0.45567558299039784,0.3720290397817258,,,,,,,,,,,,,,,,,,,,,,,"Table 5, Fig. 3",r2_batch/base_adversarial_s71.json
base_adversarial:localpca,Per-model PCA + FedAvg,adversarial,71,150,gpu,,,0.1523096129837703,0.10762269658821383,,,,,,,,,,,,,,,,,,,,,,,Table 5,r2_batch/base_adversarial_s71.json
base_adversarial:procrustes,PCA + Procrustes + FedAvg,adversarial,71,150,gpu,,,0.1523096129837703,0.10762269658821383,,,,,,,,,,,,,,,,,,,,,,,Table 5,r2_batch/base_adversarial_s71.json
base_adversarial:zeropad,Zero-padding + FedAvg,adversarial,72,150,gpu,,,0.6453317558907621,0.6106385442085913,,,,,,,,,,,,,,,,,,,,,,,"Table 5, Fig. 3",r2_batch/base_adversarial_s72.json
base_adversarial:localpca,Per-model PCA + FedAvg,adversarial,72,150,gpu,,,0.1111111111111111,0.04809619238476954,,,,,,,,,,,,,,,,,,,,,,,Table 5,r2_batch/base_adversarial_s72.json
base_adversarial:procrustes,PCA + Procrustes + FedAvg,adversarial,72,150,gpu,,,0.1111111111111111,0.04809619238476954,,,,,,,,,,,,,,,,,,,,,,,Table 5,r2_batch/base_adversarial_s72.json
base_adversarial:zeropad,Zero-padding + FedAvg,adversarial,73,150,gpu,,,0.6792638573655281,0.6691054110260495,,,,,,,,,,,,,,,,,,,,,,,"Table 5, Fig. 3",r2_batch/base_adversarial_s73.json
base_adversarial:localpca,Per-model PCA + FedAvg,adversarial,73,150,gpu,,,0.1742938276361509,0.1260541846988745,,,,,,,,,,,,,,,,,,,,,,,Table 5,r2_batch/base_adversarial_s73.json
base_adversarial:procrustes,PCA + Procrustes + FedAvg,adversarial,73,150,gpu,,,0.1742938276361509,0.1260541846988745,,,,,,,,,,,,,,,,,,,,,,,Table 5,r2_batch/base_adversarial_s73.json
base_adversarial:zeropad,Zero-padding + FedAvg,adversarial,74,150,gpu,,,0.5386797872908984,0.5021721586656743,,,,,,,,,,,,,,,,,,,,,,,"Table 5, Fig. 3",r2_batch/base_adversarial_s74.json
base_adversarial:localpca,Per-model PCA + FedAvg,adversarial,74,150,gpu,,,0.12698412698412698,0.07578203515102595,,,,,,,,,,,,,,,,,,,,,,,Table 5,r2_batch/base_adversarial_s74.json
base_adversarial:procrustes,PCA + Procrustes + FedAvg,adversarial,74,150,gpu,,,0.12698412698412698,0.07578203515102595,,,,,,,,,,,,,,,,,,,,,,,Table 5,r2_batch/base_adversarial_s74.json
base_adversarial:zeropad,Zero-padding + FedAvg,adversarial,75,150,gpu,,,0.6389303083747528,0.6449266774110728,,,,,,,,,,,,,,,,,,,,,,,"Table 5, Fig. 3",r2_batch/base_adversarial_s75.json
base_adversarial:localpca,Per-model PCA + FedAvg,adversarial,75,150,gpu,,,0.1111111111111111,0.04742102575326476,,,,,,,,,,,,,,,,,,,,,,,Table 5,r2_batch/base_adversarial_s75.json
base_adversarial:procrustes,PCA + Procrustes + FedAvg,adversarial,75,150,gpu,,,0.1111111111111111,0.04742102575326476,,,,,,,,,,,,,,,,,,,,,,,Table 5,r2_batch/base_adversarial_s75.json
base_adversarial:zeropad,Zero-padding + FedAvg,adversarial,76,150,gpu,,,0.6361416361416361,0.5931505076377559,,,,,,,,,,,,,,,,,,,,,,,"Table 5, Fig. 3",r2_batch/base_adversarial_s76.json
base_adversarial:localpca,Per-model PCA + FedAvg,adversarial,76,150,gpu,,,0.18315018315018314,0.12434247250709987,,,,,,,,,,,,,,,,,,,,,,,Table 5,r2_batch/base_adversarial_s76.json
base_adversarial:procrustes,PCA + Procrustes + FedAvg,adversarial,76,150,gpu,,,0.18315018315018314,0.12434247250709987,,,,,,,,,,,,,,,,,,,,,,,Table 5,r2_batch/base_adversarial_s76.json
base_adversarial:zeropad,Zero-padding + FedAvg,adversarial,77,150,gpu,,,0.5806361487212551,0.5527436244191881,,,,,,,,,,,,,,,,,,,,,,,"Table 5, Fig. 3",r2_batch/base_adversarial_s77.json
base_adversarial:localpca,Per-model PCA + FedAvg,adversarial,77,150,gpu,,,0.11228689006466785,0.050655449570607664,,,,,,,,,,,,,,,,,,,,,,,Table 5,r2_batch/base_adversarial_s77.json
base_adversarial:procrustes,PCA + Procrustes + FedAvg,adversarial,77,150,gpu,,,0.11228689006466785,0.050655449570607664,,,,,,,,,,,,,,,,,,,,,,,Table 5,r2_batch/base_adversarial_s77.json
base_adversarial:zeropad,Zero-padding + FedAvg,adversarial,78,150,gpu,,,0.543073200197921,0.48415144646855957,,,,,,,,,,,,,,,,,,,,,,,"Table 5, Fig. 3",r2_batch/base_adversarial_s78.json
base_adversarial:localpca,Per-model PCA + FedAvg,adversarial,78,150,gpu,,,0.11885019347705914,0.0633332260107108,,,,,,,,,,,,,,,,,,,,,,,Table 5,r2_batch/base_adversarial_s78.json
base_adversarial:procrustes,PCA + Procrustes + FedAvg,adversarial,78,150,gpu,,,0.11885019347705914,0.0633332260107108,,,,,,,,,,,,,,,,,,,,,,,Table 5,r2_batch/base_adversarial_s78.json
base_adversarial:zeropad,Zero-padding + FedAvg,adversarial,79,150,gpu,,,0.5546214836537418,0.47022825880466673,,,,,,,,,,,,,,,,,,,,,,,"Table 5, Fig. 3",r2_batch/base_adversarial_s79.json
base_adversarial:localpca,Per-model PCA + FedAvg,adversarial,79,150,gpu,,,0.12305854241338111,0.06819059756343779,,,,,,,,,,,,,,,,,,,,,,,Table 5,r2_batch/base_adversarial_s79.json
base_adversarial:procrustes,PCA + Procrustes + FedAvg,adversarial,79,150,gpu,,,0.12305854241338111,0.06819059756343779,,,,,,,,,,,,,,,,,,,,,,,Table 5,r2_batch/base_adversarial_s79.json
base_adversarial:zeropad,Zero-padding + FedAvg,adversarial,80,150,gpu,,,0.546893007067961,0.4855678434681171,,,,,,,,,,,,,,,,,,,,,,,"Table 5, Fig. 3",r2_batch/base_adversarial_s80.json
base_adversarial:localpca,Per-model PCA + FedAvg,adversarial,80,150,gpu,,,0.1608412294010439,0.128753974237572,,,,,,,,,,,,,,,,,,,,,,,Table 5,r2_batch/base_adversarial_s80.json
base_adversarial:procrustes,PCA + Procrustes + FedAvg,adversarial,80,150,gpu,,,0.1608412294010439,0.128753974237572,,,,,,,,,,,,,,,,,,,,,,,Table 5,r2_batch/base_adversarial_s80.json
base_adversarial:zeropad,Zero-padding + FedAvg,adversarial,81,150,gpu,,,0.5506377209086117,0.5107282176638654,,,,,,,,,,,,,,,,,,,,,,,"Table 5, Fig. 3",r2_batch/base_adversarial_s81.json
base_adversarial:localpca,Per-model PCA + FedAvg,adversarial,81,150,gpu,,,0.12441783100465736,0.07122206594780435,,,,,,,,,,,,,,,,,,,,,,,Table 5,r2_batch/base_adversarial_s81.json
base_adversarial:procrustes,PCA + Procrustes + FedAvg,adversarial,81,150,gpu,,,0.12441783100465736,0.07122206594780435,,,,,,,,,,,,,,,,,,,,,,,Table 5,r2_batch/base_adversarial_s81.json
base_adversarial:zeropad,Zero-padding + FedAvg,adversarial,82,150,gpu,,,0.5260595021250759,0.47412157877161093,,,,,,,,,,,,,,,,,,,,,,,"Table 5, Fig. 3",r2_batch/base_adversarial_s82.json
base_adversarial:localpca,Per-model PCA + FedAvg,adversarial,82,150,gpu,,,0.11851851851851852,0.06187679315942193,,,,,,,,,,,,,,,,,,,,,,,Table 5,r2_batch/base_adversarial_s82.json
base_adversarial:procrustes,PCA + Procrustes + FedAvg,adversarial,82,150,gpu,,,0.11851851851851852,0.06187679315942193,,,,,,,,,,,,,,,,,,,,,,,Table 5,r2_batch/base_adversarial_s82.json
base_adversarial:zeropad,Zero-padding + FedAvg,adversarial,83,150,gpu,,,0.7509116269773447,0.7249126111648452,,,,,,,,,,,,,,,,,,,,,,,"Table 5, Fig. 3",r2_batch/base_adversarial_s83.json
base_adversarial:localpca,Per-model PCA + FedAvg,adversarial,83,150,gpu,,,0.1111111111111111,0.04859297940237888,,,,,,,,,,,,,,,,,,,,,,,Table 5,r2_batch/base_adversarial_s83.json
base_adversarial:procrustes,PCA + Procrustes + FedAvg,adversarial,83,150,gpu,,,0.1111111111111111,0.04859297940237888,,,,,,,,,,,,,,,,,,,,,,,Table 5,r2_batch/base_adversarial_s83.json
base_adversarial:zeropad,Zero-padding + FedAvg,adversarial,84,150,gpu,,,0.6832004253056885,0.654388757638225,,,,,,,,,,,,,,,,,,,,,,,"Table 5, Fig. 3",r2_batch/base_adversarial_s84.json
base_adversarial:localpca,Per-model PCA + FedAvg,adversarial,84,150,gpu,,,0.1111111111111111,0.047964796479647964,,,,,,,,,,,,,,,,,,,,,,,Table 5,r2_batch/base_adversarial_s84.json
base_adversarial:procrustes,PCA + Procrustes + FedAvg,adversarial,84,150,gpu,,,0.1111111111111111,0.047964796479647964,,,,,,,,,,,,,,,,,,,,,,,Table 5,r2_batch/base_adversarial_s84.json
base_adversarial:zeropad,Zero-padding + FedAvg,adversarial,85,150,gpu,,,0.7044089834515366,0.6822545018626072,,,,,,,,,,,,,,,,,,,,,,,"Table 5, Fig. 3",r2_batch/base_adversarial_s85.json
base_adversarial:localpca,Per-model PCA + FedAvg,adversarial,85,150,gpu,,,0.15054206366263104,0.11035257413656303,,,,,,,,,,,,,,,,,,,,,,,Table 5,r2_batch/base_adversarial_s85.json
base_adversarial:procrustes,PCA + Procrustes + FedAvg,adversarial,85,150,gpu,,,0.15054206366263104,0.11035257413656303,,,,,,,,,,,,,,,,,,,,,,,Table 5,r2_batch/base_adversarial_s85.json
base_adversarial:zeropad,Zero-padding + FedAvg,adversarial,86,150,gpu,,,0.5683684506250878,0.5142521150412206,,,,,,,,,,,,,,,,,,,,,,,"Table 5, Fig. 3",r2_batch/base_adversarial_s86.json
base_adversarial:localpca,Per-model PCA + FedAvg,adversarial,86,150,gpu,,,0.11522633744855966,0.05651839687966428,,,,,,,,,,,,,,,,,,,,,,,Table 5,r2_batch/base_adversarial_s86.json
base_adversarial:procrustes,PCA + Procrustes + FedAvg,adversarial,86,150,gpu,,,0.11522633744855966,0.05651839687966428,,,,,,,,,,,,,,,,,,,,,,,Table 5,r2_batch/base_adversarial_s86.json
base_adversarial:zeropad,Zero-padding + FedAvg,adversarial,87,150,gpu,,,0.6192876697549594,0.5841211101837794,,,,,,,,,,,,,,,,,,,,,,,"Table 5, Fig. 3",r2_batch/base_adversarial_s87.json
base_adversarial:localpca,Per-model PCA + FedAvg,adversarial,87,150,gpu,,,0.1111111111111111,0.049692172383465266,,,,,,,,,,,,,,,,,,,,,,,Table 5,r2_batch/base_adversarial_s87.json
base_adversarial:procrustes,PCA + Procrustes + FedAvg,adversarial,87,150,gpu,,,0.1111111111111111,0.049692172383465266,,,,,,,,,,,,,,,,,,,,,,,Table 5,r2_batch/base_adversarial_s87.json
base_adversarial:zeropad,Zero-padding + FedAvg,adversarial,88,150,gpu,,,0.39845173041894355,0.3352554144740997,,,,,,,,,,,,,,,,,,,,,,,"Table 5, Fig. 3",r2_batch/base_adversarial_s88.json
base_adversarial:localpca,Per-model PCA + FedAvg,adversarial,88,150,gpu,,,0.15300546448087432,0.10029080994640997,,,,,,,,,,,,,,,,,,,,,,,Table 5,r2_batch/base_adversarial_s88.json
base_adversarial:procrustes,PCA + Procrustes + FedAvg,adversarial,88,150,gpu,,,0.15300546448087432,0.10029080994640997,,,,,,,,,,,,,,,,,,,,,,,Table 5,r2_batch/base_adversarial_s88.json
base_adversarial:zeropad,Zero-padding + FedAvg,adversarial,89,150,gpu,,,0.5461076036477619,0.47899877221228493,,,,,,,,,,,,,,,,,,,,,,,"Table 5, Fig. 3",r2_batch/base_adversarial_s89.json
base_adversarial:localpca,Per-model PCA + FedAvg,adversarial,89,150,gpu,,,0.1754126696050471,0.13844543189306105,,,,,,,,,,,,,,,,,,,,,,,Table 5,r2_batch/base_adversarial_s89.json
base_adversarial:procrustes,PCA + Procrustes + FedAvg,adversarial,89,150,gpu,,,0.1754126696050471,0.13844543189306105,,,,,,,,,,,,,,,,,,,,,,,Table 5,r2_batch/base_adversarial_s89.json
base_adversarial:zeropad,Zero-padding + FedAvg,adversarial,90,150,gpu,,,0.5675391080522273,0.5232833967965582,,,,,,,,,,,,,,,,,,,,,,,"Table 5, Fig. 3",r2_batch/base_adversarial_s90.json
base_adversarial:localpca,Per-model PCA + FedAvg,adversarial,90,150,gpu,,,0.11465721040189125,0.05595234272625661,,,,,,,,,,,,,,,,,,,,,,,Table 5,r2_batch/base_adversarial_s90.json
base_adversarial:procrustes,PCA + Procrustes + FedAvg,adversarial,90,150,gpu,,,0.11465721040189125,0.05595234272625661,,,,,,,,,,,,,,,,,,,,,,,Table 5,r2_batch/base_adversarial_s90.json
base_adversarial:zeropad,Zero-padding + FedAvg,adversarial,91,150,gpu,,,0.5571322536600314,0.5408942316980669,,,,,,,,,,,,,,,,,,,,,,,"Table 5, Fig. 3",r2_batch/base_adversarial_s91.json
base_adversarial:localpca,Per-model PCA + FedAvg,adversarial,91,150,gpu,,,0.12252252252252253,0.07017456524624982,,,,,,,,,,,,,,,,,,,,,,,Table 5,r2_batch/base_adversarial_s91.json
base_adversarial:procrustes,PCA + Procrustes + FedAvg,adversarial,91,150,gpu,,,0.12252252252252253,0.07017456524624982,,,,,,,,,,,,,,,,,,,,,,,Table 5,r2_batch/base_adversarial_s91.json
method_1hidden_balanced,"Protocol with one-hidden-layer projectors (all terms, averaged head)",balanced,62,150,gpu,8,head,0.5718448192684095,0.5513310570264367,0.5718448192684095,0.5513310570264367,0.46288043527990563,0.4246961139336504,,,,,,,-0.24789856374263763,0.3798043363624149,1.0,0.9495548961424333,0.8609625668449198,0.13076923076923078,1.0,0.7757009345794392,0.865979381443299,0.5636363636363636,0.0,0.0,"Tables 6, 7",r2_batch/method_1hidden_balanced_s62.json
method_1hidden_balanced,"Protocol with one-hidden-layer projectors (all terms, averaged head)",balanced,63,150,gpu,8,head,0.5322710126471305,0.5580124499216377,0.5322710126471305,0.5580124499216377,0.34830202085877837,0.3034150861446293,,,,,,,-0.36504268646240234,0.5537233054637909,1.0,1.0,0.5195530726256983,0.3709677419354839,1.0,0.8073394495412844,0.5816326530612245,0.32727272727272727,0.1836734693877551,0.0,"Tables 6, 7",r2_batch/method_1hidden_balanced_s63.json
method_1hidden_balanced,"Protocol with one-hidden-layer projectors (all terms, averaged head)",balanced,64,150,gpu,8,head,0.5646285076686142,0.5414980791877002,0.5646285076686142,0.5414980791877002,0.5627992580017622,0.5664621955161069,,,,,,,-0.1932971179485321,0.7756934497091506,1.0,0.9597523219814241,0.8138297872340425,0.24427480916030533,1.0,0.8686868686868687,0.8736842105263158,0.32142857142857145,0.0,0.0,"Tables 6, 7",r2_batch/method_1hidden_balanced_s64.json
method_1hidden_balanced,"Protocol with one-hidden-layer projectors (all terms, averaged head)",balanced,65,150,gpu,8,head,0.6748842547812559,0.6710758420363849,0.6748842547812559,0.6710758420363849,0.5557961076323595,0.5450312046862376,,,,,,,-0.257160484790802,0.6241625746091207,0.9990942028985508,0.9430379746835443,0.6648351648351648,0.7669172932330827,1.0,0.9433962264150944,0.7731958762886598,0.6909090909090909,0.2916666666666667,0.0,"Tables 6, 7",r2_batch/method_1hidden_balanced_s65.json
method_1hidden_balanced,"Protocol with one-hidden-layer projectors (all terms, averaged head)",balanced,66,150,gpu,8,head,0.6095617880433264,0.6098371638186468,0.6095617880433264,0.6098371638186468,0.6205209409645194,0.6162578607906843,,,,,,,-0.2723613977432251,0.7085557513766818,1.0,0.9740634005763689,0.6894736842105263,0.7205882352941176,1.0,0.8761904761904762,0.6224489795918368,0.44642857142857145,0.1568627450980392,0.0,"Tables 6, 7",r2_batch/method_1hidden_balanced_s66.json
method_1hidden_balanced,"Protocol with one-hidden-layer projectors (all terms, averaged head)",balanced,67,150,gpu,8,head,0.6354028821511811,0.6461173365256748,0.6354028821511811,0.6461173365256748,0.577739090495669,0.5759046629719473,,,,,,,-0.21285085380077362,0.45750120613310075,1.0,0.9940652818991098,0.6630434782608695,0.4701492537313433,0.8817204301075269,0.8181818181818182,0.7551020408163265,0.6363636363636364,0.5,0.0,"Tables 6, 7",r2_batch/method_1hidden_balanced_s67.json
method_1hidden_balanced,"Protocol with one-hidden-layer projectors (all terms, averaged head)",balanced,68,150,gpu,8,head,0.5711366165645203,0.5591263194050317,0.5711366165645203,0.5591263194050317,0.6071400641758145,0.6001020227690842,,,,,,,0.10385682433843613,0.3605412360694673,1.0,0.9701492537313433,0.9180327868852459,0.06766917293233082,1.0,0.9217391304347826,0.5346534653465347,0.21818181818181817,0.45098039215686275,0.058823529411764705,"Tables 6, 7",r2_batch/method_1hidden_balanced_s68.json
method_1hidden_balanced,"Protocol with one-hidden-layer projectors (all terms, averaged head)",balanced,69,150,gpu,8,head,0.6402905899428709,0.6589440963002972,0.6402905899428709,0.6589440963002972,0.6569699134671363,0.6672068830308506,,,,,,,0.15951143205165863,0.16157632284901208,1.0,0.9719101123595506,0.6984126984126984,0.5611510791366906,0.9947643979057592,0.8942307692307693,0.5353535353535354,0.4107142857142857,0.6666666666666666,0.029411764705882353,"Tables 6, 7",r2_batch/method_1hidden_balanced_s69.json
method_1hidden_balanced,"Protocol with one-hidden-layer projectors (all terms, averaged head)",balanced,70,150,gpu,8,head,0.5593081831300298,0.5585714301610915,0.5593081831300298,0.5585714301610915,0.5835588347015048,0.5763041812259788,,,,,,,-0.15897291898727417,0.6287736627790663,0.9993127147766323,0.9154078549848943,0.8031914893617021,0.13385826771653545,0.9947368421052631,0.79,0.8556701030927835,0.2909090909090909,0.16666666666666666,0.08333333333333333,"Tables 6, 7",r2_batch/method_1hidden_balanced_s70.json
method_1hidden_balanced,"Protocol with one-hidden-layer projectors (all terms, averaged head)",balanced,71,150,gpu,8,head,0.5730059976017505,0.5913723453897459,0.5730059976017505,0.5913723453897459,0.546924913997954,0.5559530771394551,,,,,,,-0.0009223668021149933,0.3808347284793854,1.0,1.0,0.8449197860962567,0.31496062992125984,0.9831460674157303,0.7669902912621359,0.5841584158415841,0.45454545454545453,0.20833333333333334,0.0,"Tables 6, 7",r2_batch/method_1hidden_balanced_s71.json
method_1hidden_balanced,"Protocol with one-hidden-layer projectors (all terms, averaged head)",balanced,72,150,gpu,8,head,0.6084481620853396,0.6182455001892974,0.6084481620853396,0.6182455001892974,0.29987258208977247,0.2630595224947784,,,,,,,-0.21191151440143585,0.703104231092665,1.0,0.9938271604938271,0.847457627118644,0.34375,0.9947368421052631,0.8695652173913043,0.6842105263157895,0.43636363636363634,0.30612244897959184,0.0,"Tables 6, 7",r2_batch/method_1hidden_balanced_s72.json
method_1hidden_balanced,"Protocol with one-hidden-layer projectors (all terms, averaged head)",balanced,73,150,gpu,8,head,0.5670139129097754,0.5416675344451956,0.5670139129097754,0.5416675344451956,0.43534451847784345,0.35477234526717316,,,,,,,-0.14516909420490265,0.4261198706097073,1.0,0.8849557522123894,0.7816091954022989,0.10526315789473684,1.0,0.6495726495726496,0.845360824742268,0.8363636363636363,0.0,0.0,"Tables 6, 7",r2_batch/method_1hidden_balanced_s73.json
method_1hidden_balanced,"Protocol with one-hidden-layer projectors (all terms, averaged head)",balanced,74,150,gpu,8,head,0.41134708065115866,0.3974133145963985,0.41134708065115866,0.3974133145963985,0.3684183687175709,0.2910119422370218,,,,,,,-0.18706437945365906,0.4983435008260939,0.99933598937583,0.9969604863221885,0.5343915343915344,0.265625,0.9576719576719577,0.7454545454545455,0.20202020202020202,0.0,0.0,0.0,"Tables 6, 7",r2_batch/method_1hidden_balanced_s74.json
method_1hidden_balanced,"Protocol with one-hidden-layer projectors (all terms, averaged head)",balanced,75,150,gpu,8,head,0.5490679274092298,0.5467384294333948,0.5490679274092298,0.5467384294333948,0.42467356037085086,0.4005479238268086,,,,,,,-0.17038440704345703,0.6684320569038391,1.0,1.0,0.7759562841530054,0.328125,0.9952380952380953,0.8518518518518519,0.6868686868686869,0.30357142857142855,0.0,0.0,"Tables 6, 7",r2_batch/method_1hidden_balanced_s75.json
method_1hidden_balanced,"Protocol with one-hidden-layer projectors (all terms, averaged head)",balanced,76,150,gpu,8,head,0.5901405968370255,0.606443671493128,0.5901405968370255,0.606443671493128,0.5605784802123046,0.5793827941368429,,,,,,,-0.042504146695137024,0.39867498146163094,1.0,1.0,0.5824175824175825,0.546875,1.0,0.8095238095238095,0.8163265306122449,0.39285714285714285,0.16326530612244897,0.0,"Tables 6, 7",r2_batch/method_1hidden_balanced_s76.json
method_1hidden_balanced,"Protocol with one-hidden-layer projectors (all terms, averaged head)",balanced,77,150,gpu,8,head,0.4193833474608374,0.4272209041863167,0.4193833474608374,0.4272209041863167,0.3753537757751433,0.3576168858358244,,,,,,,-0.2851426303386688,0.49328214592403835,1.0,0.9570552147239264,0.6613756613756614,0.35772357723577236,0.845771144278607,0.48936170212765956,0.1134020618556701,0.21818181818181817,0.0,0.13157894736842105,"Tables 6, 7",r2_batch/method_1hidden_balanced_s77.json
method_1hidden_balanced,"Protocol with one-hidden-layer projectors (all terms, averaged head)",balanced,78,150,gpu,8,head,0.5778040241738207,0.5940191564761831,0.5778040241738207,0.5940191564761831,0.48094871476279494,0.5062190681328101,,,,,,,-0.2339916229248047,0.6383601095941331,0.999231950844854,0.8516320474777448,0.680628272251309,0.4666666666666667,1.0,0.8962264150943396,0.5567010309278351,0.5178571428571429,0.17647058823529413,0.05405405405405406,"Tables 6, 7",r2_batch/method_1hidden_balanced_s78.json
method_1hidden_balanced,"Protocol with one-hidden-layer projectors (all terms, averaged head)",balanced,79,150,gpu,8,head,0.6616542033080124,0.6454610554775602,0.6616542033080124,0.6454610554775602,0.7074508200687054,0.7186762323022586,,,,,,,0.157282754778862,0.12711081612441275,1.0,0.8242424242424242,0.7849462365591398,0.6230769230769231,1.0,0.9711538461538461,0.711340206185567,0.8181818181818182,0.03773584905660377,0.18421052631578946,"Tables 6, 7",r2_batch/method_1hidden_balanced_s79.json
method_1hidden_balanced,"Protocol with one-hidden-layer projectors (all terms, averaged head)",balanced,80,150,gpu,8,head,0.5549699482019924,0.5494907738934334,0.5549699482019924,0.5494907738934334,0.22888248645983436,0.17183687409992507,,,,,,,-0.19293545186519623,0.6967266400655111,1.0,1.0,0.7513812154696132,0.0,1.0,0.8,0.8787878787878788,0.4107142857142857,0.15384615384615385,0.0,"Tables 6, 7",r2_batch/method_1hidden_balanced_s80.json
method_1hidden_balanced,"Protocol with one-hidden-layer projectors (all terms, averaged head)",balanced,81,150,gpu,8,head,0.5080909468832192,0.4930615874919282,0.5080909468832192,0.4930615874919282,0.44219956780881453,0.4144504934939086,,,,,,,-0.2884121239185333,0.5167301893234253,1.0,0.9970588235294118,0.7393617021276596,0.16666666666666666,1.0,0.8155339805825242,0.711340206185567,0.0,0.14285714285714285,0.0,"Tables 6, 7",r2_batch/method_1hidden_balanced_s81.json
method_1hidden_balanced,"Protocol with one-hidden-layer projectors (all terms, averaged head)",balanced,82,150,gpu,8,head,0.6091014056496638,0.6308370983011571,0.6091014056496638,0.6308370983011571,0.59813226722022,0.6009868435748096,,,,,,,-0.21910613775253296,0.4178455008400811,1.0,1.0,0.819672131147541,0.36363636363636365,0.9333333333333333,0.9026548672566371,0.65,0.36363636363636365,0.4489795918367347,0.0,"Tables 6, 7",r2_batch/method_1hidden_balanced_s82.json
method_1hidden_balanced,"Protocol with one-hidden-layer projectors (all terms, averaged head)",balanced,83,150,gpu,8,head,0.7599564987942244,0.7754855679589671,0.7599564987942244,0.7754855679589671,0.6527576247535507,0.6148843208624912,,,,,,,-0.18960821628570557,0.6022138968110085,1.0,0.9791044776119403,0.7446808510638298,0.5303030303030303,1.0,0.9716981132075472,0.7227722772277227,0.7321428571428571,0.21153846153846154,0.9473684210526315,"Tables 6, 7",r2_batch/method_1hidden_balanced_s83.json
method_1hidden_balanced,"Protocol with one-hidden-layer projectors (all terms, averaged head)",balanced,84,150,gpu,8,head,0.5634590419780139,0.5545953444639997,0.5634590419780139,0.5545953444639997,0.3253921400535262,0.29546848019382066,,,,,,,-0.10597442090511322,0.3377400106853909,1.0,1.0,0.8277777777777777,0.31007751937984496,1.0,0.8947368421052632,0.797979797979798,0.16363636363636364,0.07692307692307693,0.0,"Tables 6, 7",r2_batch/method_1hidden_balanced_s84.json
method_1hidden_balanced,"Protocol with one-hidden-layer projectors (all terms, averaged head)",balanced,85,150,gpu,8,head,0.661847626601148,0.6622862030826668,0.661847626601148,0.6622862030826668,0.5380246735554212,0.5258868049744891,,,,,,,-0.3651776909828186,0.4327992796897888,1.0,0.9847094801223242,0.7712765957446809,0.1450381679389313,1.0,0.8,0.86,0.8571428571428571,0.5384615384615384,0.0,"Tables 6, 7",r2_batch/method_1hidden_balanced_s85.json
method_1hidden_balanced,"Protocol with one-hidden-layer projectors (all terms, averaged head)",balanced,86,150,gpu,8,head,0.669271721041755,0.6770548452420763,0.669271721041755,0.6770548452420763,0.5018924967464264,0.4866178224327125,,,,,,,-0.28079187870025635,0.542579280005561,1.0,0.9624277456647399,0.8148148148148148,0.4306569343065693,0.9585253456221198,0.9203539823008849,0.77,0.625,0.5416666666666666,0.0,"Tables 6, 7",r2_batch/method_1hidden_balanced_s86.json
method_1hidden_balanced,"Protocol with one-hidden-layer projectors (all terms, averaged head)",balanced,87,150,gpu,8,head,0.5981058041115475,0.5821512776689838,0.5981058041115475,0.5821512776689838,0.47591944321270596,0.44154914927409844,,,,,,,-0.37054312229156494,0.6661598881085714,1.0,0.9970501474926253,0.6629213483146067,0.6507936507936508,0.8148148148148148,0.6074766355140186,0.78125,0.07272727272727272,0.7959183673469388,0.0,"Tables 6, 7",r2_batch/method_1hidden_balanced_s87.json
method_1hidden_balanced,"Protocol with one-hidden-layer projectors (all terms, averaged head)",balanced,88,150,gpu,8,head,0.5681426316391333,0.5717865880572175,0.5681426316391333,0.5717865880572175,0.5629907957556805,0.5656996429715948,,,,,,,0.10860470682382584,0.25005536692010033,1.0,0.9745222929936306,0.7540983606557377,0.2222222222222222,1.0,0.9557522123893806,0.7395833333333334,0.17543859649122806,0.2916666666666667,0.0,"Tables 6, 7",r2_batch/method_1hidden_balanced_s88.json
method_1hidden_balanced,"Protocol with one-hidden-layer projectors (all terms, averaged head)",balanced,89,150,gpu,8,head,0.6359365446591148,0.6661859591975481,0.6359365446591148,0.6661859591975481,0.32516922235073764,0.20763184928509468,,,,,,,-0.34106671810150146,0.46007706059349907,0.9990791896869244,0.9970149253731343,0.8,0.27906976744186046,0.8768472906403941,0.9719626168224299,0.7010309278350515,0.38596491228070173,0.21153846153846154,0.5,"Tables 6, 7",r2_batch/method_1hidden_balanced_s89.json
method_1hidden_balanced,"Protocol with one-hidden-layer projectors (all terms, averaged head)",balanced,90,150,gpu,8,head,0.6177669749732354,0.6374158777010833,0.6177669749732354,0.6374158777010833,0.5902902307627275,0.614864800997046,,,,,,,0.19544117152690887,0.28886644790569943,1.0,0.9847560975609756,0.768361581920904,0.6349206349206349,0.9946808510638298,0.8867924528301887,0.6326530612244898,0.30357142857142855,0.3541666666666667,0.0,"Tables 6, 7",r2_batch/method_1hidden_balanced_s90.json
method_1hidden_balanced,"Protocol with one-hidden-layer projectors (all terms, averaged head)",balanced,91,150,gpu,8,head,0.6126764708664649,0.6234462711905349,0.6126764708664649,0.6234462711905349,0.6106920045969134,0.6273984730130723,,,,,,,0.1679421365261078,0.2244587271577782,1.0,0.9941002949852508,0.7189189189189189,0.518796992481203,0.9213483146067416,0.9722222222222222,0.8333333333333334,0.23636363636363636,0.23076923076923078,0.08823529411764706,"Tables 6, 7",r2_batch/method_1hidden_balanced_s91.json
method_2hidden_balanced,"Protocol with two-hidden-layer projectors (all terms, averaged head)",balanced,62,150,gpu,8,head,0.571789959104044,0.5634307781917793,0.571789959104044,0.5634307781917793,0.5416138652191292,0.5050997834860985,,,,,,,-0.1368803232908249,0.3773469693130917,1.0,0.8724035608308606,0.732620320855615,0.2846153846153846,0.9651741293532339,0.7289719626168224,0.8350515463917526,0.7272727272727273,0.0,0.0,Table 7,r2_batch/method_2hidden_balanced_s62.json
method_2hidden_balanced,"Protocol with two-hidden-layer projectors (all terms, averaged head)",balanced,63,150,gpu,8,head,0.45719482142737494,0.45943737369471144,0.45719482142737494,0.45943737369471144,0.3180280506446154,0.21324850768299766,,,,,,,-0.5552710890769958,0.6476111561059952,1.0,0.9939577039274925,0.3463687150837989,0.3709677419354839,0.9952380952380953,0.7614678899082569,0.42857142857142855,0.21818181818181817,0.0,0.0,Table 7,r2_batch/method_2hidden_balanced_s63.json
method_2hidden_balanced,"Protocol with two-hidden-layer projectors (all terms, averaged head)",balanced,64,150,gpu,8,head,0.4523549959557769,0.40610074651400974,0.4523549959557769,0.40610074651400974,0.49340607029492745,0.49648388589987935,,,,,,,-0.1892777681350708,0.7209734850459628,1.0,0.8978328173374613,0.7819148936170213,0.0,0.926829268292683,0.5858585858585859,0.7894736842105263,0.08928571428571429,0.0,0.0,Table 7,r2_batch/method_2hidden_balanced_s64.json
method_2hidden_balanced,"Protocol with two-hidden-layer projectors (all terms, averaged head)",balanced,65,150,gpu,8,head,0.5373514983500922,0.5165182694896351,0.5373514983500922,0.5165182694896351,0.5298923145285003,0.5230764692336878,,,,,,,-0.20247843861579895,0.48271430863274467,0.9990942028985508,0.8639240506329114,0.5769230769230769,0.7744360902255639,1.0,0.8113207547169812,0.7731958762886598,0.03636363636363636,0.0,0.0,Table 7,r2_batch/method_2hidden_balanced_s65.json
method_2hidden_balanced,"Protocol with two-hidden-layer projectors (all terms, averaged head)",balanced,66,150,gpu,8,head,0.5206649176346474,0.5049348708825803,0.5206649176346474,0.5049348708825803,0.4812272815506632,0.4646572858431216,,,,,,,-0.2919599711894989,0.7693701982498169,1.0,0.9884726224783862,0.6631578947368421,0.6102941176470589,1.0,0.6857142857142857,0.6224489795918368,0.017857142857142856,0.09803921568627451,0.0,Table 7,r2_batch/method_2hidden_balanced_s66.json
method_2hidden_balanced,"Protocol with two-hidden-layer projectors (all terms, averaged head)",balanced,67,150,gpu,8,head,0.5037805881785606,0.507039716690169,0.5037805881785606,0.507039716690169,0.5817169363412308,0.5878971620515588,,,,,,,-0.11808108538389206,0.4697518116898007,1.0,0.9970326409495549,0.6467391304347826,0.4701492537313433,0.8817204301075269,0.47474747474747475,0.0,0.5636363636363636,0.5,0.0,Table 7,r2_batch/method_2hidden_balanced_s67.json
method_2hidden_balanced,"Protocol with two-hidden-layer projectors (all terms, averaged head)",balanced,68,150,gpu,8,head,0.4787195232676758,0.4443989108445676,0.4787195232676758,0.4443989108445676,0.5546756241833317,0.5329812539010896,,,,,,,0.1448879987001419,0.29890341725614333,1.0,0.9343283582089552,0.8524590163934426,0.0,0.9950248756218906,0.7565217391304347,0.5544554455445545,0.0,0.21568627450980393,0.0,Table 7,r2_batch/method_2hidden_balanced_s68.json
method_2hidden_balanced,"Protocol with two-hidden-layer projectors (all terms, averaged head)",balanced,69,150,gpu,8,head,0.49068306354050795,0.5022139675346167,0.49068306354050795,0.5022139675346167,0.53619745548556,0.5469488368249349,,,,,,,0.14806734025478363,0.2905055946773953,1.0,0.9129213483146067,0.656084656084656,0.37410071942446044,1.0,0.6730769230769231,0.35353535353535354,0.44642857142857145,0.0,0.0,Table 7,r2_batch/method_2hidden_balanced_s69.json
method_2hidden_balanced,"Protocol with two-hidden-layer projectors (all terms, averaged head)",balanced,70,150,gpu,8,head,0.45121733683159654,0.3952131676351553,0.45121733683159654,0.3952131676351553,0.48246996104309403,0.44837908236369173,,,,,,,0.03540842607617378,0.3661501258611679,1.0,0.8912386706948641,0.7606382978723404,0.015748031496062992,0.9947368421052631,0.7,0.6804123711340206,0.01818181818181818,0.0,0.0,Table 7,r2_batch/method_2hidden_balanced_s70.json
method_2hidden_balanced,"Protocol with two-hidden-layer projectors (all terms, averaged head)",balanced,71,150,gpu,8,head,0.5634856600872009,0.5715104404448491,0.5634856600872009,0.5715104404448491,0.5507926231607249,0.5354131304020409,,,,,,,0.1968071460723877,0.25071848183870316,1.0,0.9907407407407407,0.6524064171122995,0.5748031496062992,1.0,0.7378640776699029,0.504950495049505,0.5272727272727272,0.08333333333333333,0.0,Table 7,r2_batch/method_2hidden_balanced_s71.json
method_2hidden_balanced,"Protocol with two-hidden-layer projectors (all terms, averaged head)",balanced,72,150,gpu,8,head,0.4622658692685714,0.445692151910947,0.4622658692685714,0.445692151910947,0.3265846291332206,0.28500032966601985,,,,,,,-0.19093158841133118,0.6903804871771071,1.0,1.0,0.5084745762711864,0.0078125,1.0,0.7478260869565218,0.6421052631578947,0.09090909090909091,0.16326530612244897,0.0,Table 7,r2_batch/method_2hidden_balanced_s72.json
method_2hidden_balanced,"Protocol with two-hidden-layer projectors (all terms, averaged head)",balanced,73,150,gpu,8,head,0.5185532060581122,0.47033318503376287,0.5185532060581122,0.47033318503376287,0.5075265482974173,0.49822819820032993,,,,,,,0.05191205069422722,0.3242114749219682,1.0,0.8820058997050148,0.7988505747126436,0.03007518796992481,0.994413407821229,0.4188034188034188,0.6701030927835051,0.8727272727272727,0.0,0.0,Table 7,r2_batch/method_2hidden_balanced_s73.json
method_2hidden_balanced,"Protocol with two-hidden-layer projectors (all terms, averaged head)",balanced,74,150,gpu,8,head,0.4207723518819855,0.3854703890991963,0.4207723518819855,0.3854703890991963,0.3082140497625131,0.22346973377634477,,,,,,,-0.1941251903772354,0.48228388362460667,0.99933598937583,0.9969604863221885,0.3492063492063492,0.109375,0.9576719576719577,0.7272727272727273,0.6464646464646465,0.0,0.0,0.0,Table 7,r2_batch/method_2hidden_balanced_s74.json
method_2hidden_balanced,"Protocol with two-hidden-layer projectors (all terms, averaged head)",balanced,75,150,gpu,8,head,0.47170258296567497,0.46119522422989534,0.47170258296567497,0.46119522422989534,0.4775355488680853,0.46877317160266724,,,,,,,0.1776832938194275,0.3398268007569843,1.0,0.9938461538461538,0.6557377049180327,0.2578125,0.9857142857142858,0.6296296296296297,0.6868686868686869,0.03571428571428571,0.0,0.0,Table 7,r2_batch/method_2hidden_balanced_s75.json
method_2hidden_balanced,"Protocol with two-hidden-layer projectors (all terms, averaged head)",balanced,76,150,gpu,8,head,0.5649296221699232,0.5675224898074333,0.5649296221699232,0.5675224898074333,0.5550185639381026,0.5793399074217531,,,,,,,0.1032877191901207,0.3898118519120746,1.0,1.0,0.6318681318681318,0.546875,0.9644670050761421,0.7523809523809524,0.7959183673469388,0.39285714285714285,0.0,0.0,Table 7,r2_batch/method_2hidden_balanced_s76.json
method_2hidden_balanced,"Protocol with two-hidden-layer projectors (all terms, averaged head)",balanced,77,150,gpu,8,head,0.4604026894639552,0.43715360139227943,0.4604026894639552,0.43715360139227943,0.3652873229220186,0.32599748023298997,,,,,,,-0.31355521082878113,0.4333535085121791,1.0,0.9877300613496932,0.8095238095238095,0.34146341463414637,0.845771144278607,0.4787234042553192,0.6804123711340206,0.0,0.0,0.0,Table 7,r2_batch/method_2hidden_balanced_s77.json
method_2hidden_balanced,"Protocol with two-hidden-layer projectors (all terms, averaged head)",balanced,78,150,gpu,8,head,0.5424238109529593,0.5447733864240869,0.5424238109529593,0.5447733864240869,0.4227220930317336,0.41706594519227846,,,,,,,-0.2178741842508316,0.542693532175488,1.0,0.8545994065281899,0.6858638743455497,0.48148148148148145,1.0,0.8773584905660378,0.5360824742268041,0.44642857142857145,0.0,0.0,Table 7,r2_batch/method_2hidden_balanced_s78.json
method_2hidden_balanced,"Protocol with two-hidden-layer projectors (all terms, averaged head)",balanced,79,150,gpu,8,head,0.516277813135146,0.5164364776961743,0.516277813135146,0.5164364776961743,0.5807483074487148,0.571309392166783,,,,,,,0.16826148331165314,0.12697880187382302,1.0,0.6787878787878788,0.7849462365591398,0.6307692307692307,1.0,0.4807692307692308,0.5257731958762887,0.5454545454545454,0.0,0.0,Table 7,r2_batch/method_2hidden_balanced_s79.json
method_2hidden_balanced,"Protocol with two-hidden-layer projectors (all terms, averaged head)",balanced,80,150,gpu,8,head,0.5189285850627541,0.5169833740500339,0.5189285850627541,0.5169833740500339,0.21546208001093134,0.16418615390925625,,,,,,,-0.173319011926651,0.6742271052466499,1.0,0.9913544668587896,0.5469613259668509,0.35658914728682173,1.0,0.7714285714285715,0.797979797979798,0.07142857142857142,0.1346153846153846,0.0,Table 7,r2_batch/method_2hidden_balanced_s80.json
method_2hidden_balanced,"Protocol with two-hidden-layer projectors (all terms, averaged head)",balanced,81,150,gpu,8,head,0.5057737395554958,0.49568936182859663,0.5057737395554958,0.49568936182859663,0.6128981767087406,0.6256925768196937,,,,,,,0.11249877512454987,0.3532780524757173,1.0,1.0,0.6648936170212766,0.030303030303030304,1.0,0.7475728155339806,0.7010309278350515,0.0,0.40816326530612246,0.0,Table 7,r2_batch/method_2hidden_balanced_s81.json
method_2hidden_balanced,"Protocol with two-hidden-layer projectors (all terms, averaged head)",balanced,82,150,gpu,8,head,0.49045391330670146,0.4835393992711775,0.49045391330670146,0.4835393992711775,0.5652014600890853,0.563199017089184,,,,,,,-0.2295454740524292,0.5088674823443095,1.0,0.9908536585365854,0.7213114754098361,0.26515151515151514,0.9333333333333333,0.8407079646017699,0.59,0.07272727272727272,0.0,0.0,Table 7,r2_batch/method_2hidden_balanced_s82.json
method_2hidden_balanced,"Protocol with two-hidden-layer projectors (all terms, averaged head)",balanced,83,150,gpu,8,head,0.6699631081262818,0.6559854674032874,0.6699631081262818,0.6559854674032874,0.570394510351885,0.5084037928280335,,,,,,,-0.1761847287416458,0.5315690115094185,1.0,0.9940298507462687,0.5212765957446809,0.5757575757575758,1.0,0.6509433962264151,0.4158415841584158,0.7321428571428571,0.19230769230769232,0.9473684210526315,Table 7,r2_batch/method_2hidden_balanced_s83.json
method_2hidden_balanced,"Protocol with two-hidden-layer projectors (all terms, averaged head)",balanced,84,150,gpu,8,head,0.4566219793473976,0.4328675495662109,0.4566219793473976,0.4328675495662109,0.44569168848385804,0.44463829189820003,,,,,,,0.08087541162967682,0.3232036795881059,1.0,1.0,0.5888888888888889,0.18604651162790697,1.0,0.6578947368421053,0.6767676767676768,0.0,0.0,0.0,Table 7,r2_batch/method_2hidden_balanced_s84.json
method_2hidden_balanced,"Protocol with two-hidden-layer projectors (all terms, averaged head)",balanced,85,150,gpu,8,head,0.46109631796708833,0.44449647127422787,0.46109631796708833,0.44449647127422787,0.5444849759469279,0.5034935683756363,,,,,,,0.07339322566986084,0.4170493284861247,1.0,1.0,0.7925531914893617,0.1450381679389313,0.9949494949494949,0.49523809523809526,0.56,0.14285714285714285,0.019230769230769232,0.0,Table 7,r2_batch/method_2hidden_balanced_s85.json
method_2hidden_balanced,"Protocol with two-hidden-layer projectors (all terms, averaged head)",balanced,86,150,gpu,8,head,0.5274753603047918,0.49088858538823144,0.5274753603047918,0.49088858538823144,0.5146751664512373,0.5237148279118612,,,,,,,-0.23852524161338806,0.5050266848670112,1.0,0.9739884393063584,0.8571428571428571,0.35036496350364965,0.9585253456221198,0.8672566371681416,0.74,0.0,0.0,0.0,Table 7,r2_batch/method_2hidden_balanced_s86.json
method_2hidden_balanced,"Protocol with two-hidden-layer projectors (all terms, averaged head)",balanced,87,150,gpu,8,head,0.5534766839560871,0.5362511631758743,0.5534766839560871,0.5362511631758743,0.6563546432426919,0.6712942241942464,,,,,,,0.16422924399375916,0.3370702515045802,1.0,1.0,0.6179775280898876,0.21428571428571427,1.0,0.6261682242990654,0.7291666666666666,0.01818181818181818,0.7755102040816326,0.0,Table 7,r2_batch/method_2hidden_balanced_s87.json
method_2hidden_balanced,"Protocol with two-hidden-layer projectors (all terms, averaged head)",balanced,88,150,gpu,8,head,0.4573837004262691,0.43935428792615405,0.4573837004262691,0.43935428792615405,0.5095001149318605,0.5053829822774436,,,,,,,0.14324615895748138,0.32000086539321476,1.0,0.9840764331210191,0.644808743169399,0.1349206349206349,0.99,0.7168141592920354,0.6458333333333334,0.0,0.0,0.0,Table 7,r2_batch/method_2hidden_balanced_s88.json
method_2hidden_balanced,"Protocol with two-hidden-layer projectors (all terms, averaged head)",balanced,89,150,gpu,8,head,0.486616919670023,0.46448318739200484,0.486616919670023,0.46448318739200484,0.5122837036700463,0.4892010382608065,,,,,,,-0.5815873146057129,0.6190971036752065,1.0,0.9134328358208955,0.6,0.5968992248062015,0.8768472906403941,0.6448598130841121,0.6597938144329897,0.08771929824561403,0.0,0.0,Table 7,r2_batch/method_2hidden_balanced_s89.json
method_2hidden_balanced,"Protocol with two-hidden-layer projectors (all terms, averaged head)",balanced,90,150,gpu,8,head,0.4944420713879539,0.4791915026226957,0.4944420713879539,0.4791915026226957,0.5586655502384466,0.5724559758801638,,,,,,,0.11064299941062927,0.4127719932132297,1.0,0.9878048780487805,0.7457627118644068,0.5952380952380952,0.9946808510638298,0.5754716981132075,0.5510204081632653,0.0,0.0,0.0,Table 7,r2_batch/method_2hidden_balanced_s90.json
method_2hidden_balanced,"Protocol with two-hidden-layer projectors (all terms, averaged head)",balanced,91,150,gpu,8,head,0.4825696905469723,0.46599879910297876,0.4825696905469723,0.46599879910297876,0.5467871006277565,0.5457041671896025,,,,,,,0.18122854828834534,0.241933297779825,1.0,1.0,0.7351351351351352,0.24060150375939848,0.8820224719101124,0.7777777777777778,0.6145833333333334,0.05454545454545454,0.038461538461538464,0.0,Table 7,r2_batch/method_2hidden_balanced_s91.json
abl_ce_proto,Cross-entropy + prototype matching,balanced,62,150,gpu,8,head,0.7027464962883998,0.715532518840143,0.7027464962883998,0.715532518840143,0.5423780779143228,0.5311124197372628,,,,,,,0.028081189841032028,0.9865503244929843,1.0,0.9465875370919882,0.7754010695187166,0.5076923076923077,1.0,0.9252336448598131,0.9072164948453608,0.7818181818181819,0.4807692307692308,0.0,"Table 7, Supp. Table S8",r2_batch/abl_ce_proto_s62.json
abl_ce_proto,Cross-entropy + prototype matching,balanced,63,150,gpu,8,head,0.7131805808807108,0.7606504955576913,0.7131805808807108,0.7606504955576913,0.6482683011516248,0.6415066502819662,,,,,,,-0.33841878175735474,0.9902695193886757,0.9992389649923896,1.0,0.6983240223463687,0.41935483870967744,1.0,0.981651376146789,0.7755102040816326,0.509090909090909,0.7346938775510204,0.3,"Table 7, Supp. Table S8",r2_batch/abl_ce_proto_s63.json
abl_ce_proto,Cross-entropy + prototype matching,balanced,64,150,gpu,8,head,0.6048218298144001,0.5979455109567612,0.6048218298144001,0.5979455109567612,0.722470122749048,0.7037675464456008,,,,,,,-0.17159044742584229,0.9908013078901503,0.9991769547325102,0.9009287925696594,0.8031914893617021,0.4732824427480916,1.0,0.9494949494949495,0.8421052631578947,0.2857142857142857,0.18867924528301888,0.0,"Table 7, Supp. Table S8",r2_batch/abl_ce_proto_s64.json
abl_ce_proto,Cross-entropy + prototype matching,balanced,65,150,gpu,8,head,0.7322724274620604,0.7354484476036958,0.7322724274620604,0.7354484476036958,0.5548787824293693,0.5365641776878439,,,,,,,-0.1121373102068901,0.9825825028949313,0.9981884057971014,0.9113924050632911,0.6868131868131868,0.7894736842105263,1.0,1.0,0.8247422680412371,0.8363636363636363,0.4583333333333333,0.08333333333333333,"Table 7, Supp. Table S8",r2_batch/abl_ce_proto_s65.json
abl_ce_proto,Cross-entropy + prototype matching,balanced,66,150,gpu,8,head,0.6549017668985117,0.6752174050767216,0.6549017668985117,0.6752174050767216,0.6902198372076305,0.6766724137418785,,,,,,,-0.19621720910072327,0.9860371814833747,0.9990167158308751,0.9971181556195965,0.7947368421052632,0.625,1.0,0.8666666666666667,0.7040816326530612,0.5535714285714286,0.35294117647058826,0.0,"Table 7, Supp. Table S8",r2_batch/abl_ce_proto_s66.json
abl_ce_proto,Cross-entropy + prototype matching,balanced,67,150,gpu,8,head,0.6752483929904509,0.6852523839056156,0.6752483929904509,0.6852523839056156,0.6294077053042998,0.6526183919088179,,,,,,,0.09114403277635574,0.9857746031549242,1.0,0.9940652818991098,0.75,0.44776119402985076,0.9946236559139785,0.8484848484848485,0.8877551020408163,0.6545454545454545,0.5,0.0,"Table 7, Supp. Table S8",r2_batch/abl_ce_proto_s67.json
abl_ce_proto,Cross-entropy + prototype matching,balanced,68,150,gpu,8,head,0.6637347229811537,0.6650916308922508,0.6637347229811537,0.6650916308922508,0.6968538496303605,0.6703245738775592,,,,,,,-0.10858011245727539,0.9869626098208957,0.9989648033126294,0.9940298507462687,0.8907103825136612,0.16541353383458646,1.0,0.991304347826087,0.7524752475247525,0.7090909090909091,0.47058823529411764,0.0,"Table 7, Supp. Table S8",r2_batch/abl_ce_proto_s68.json
abl_ce_proto,Cross-entropy + prototype matching,balanced,69,150,gpu,8,head,0.586728879165756,0.6084649296216043,0.586728879165756,0.6084649296216043,0.679619260825789,0.6810456997688008,,,,,,,-0.10147916525602341,0.9442403250270419,0.9993265993265993,0.9719101123595506,0.6507936507936508,0.050359712230215826,0.9947643979057592,0.7403846153846154,0.5050505050505051,0.5535714285714286,0.7843137254901961,0.029411764705882353,"Table 7, Supp. Table S8",r2_batch/abl_ce_proto_s69.json
abl_ce_proto,Cross-entropy + prototype matching,balanced,70,150,gpu,8,head,0.6044036163942486,0.6254693460826541,0.6044036163942486,0.6254693460826541,0.651400624656855,0.6584211465942572,,,,,,,-0.047344058752059937,0.9909720553292168,0.9993127147766323,0.9577039274924471,0.8138297872340425,0.23622047244094488,0.9947368421052631,0.79,0.7835051546391752,0.36363636363636365,0.3333333333333333,0.16666666666666666,"Table 7, Supp. Table S8",r2_batch/abl_ce_proto_s70.json
abl_ce_proto,Cross-entropy + prototype matching,balanced,71,150,gpu,8,head,0.6272537530501545,0.624200450346867,0.6272537530501545,0.624200450346867,0.5413193565019356,0.5286419844871234,,,,,,,-0.007476052735000849,0.9693605966038175,1.0,1.0,0.7486631016042781,0.2677165354330709,1.0,1.0,0.9504950495049505,0.4909090909090909,0.1875,0.0,"Table 7, Supp. Table S8",r2_batch/abl_ce_proto_s71.json
abl_ce_proto,Cross-entropy + prototype matching,balanced,72,150,gpu,8,head,0.6764445574176672,0.6964452945653603,0.6764445574176672,0.6964452945653603,0.5705597975529161,0.5623275228943762,,,,,,,-0.16598676145076752,0.9898334410455492,1.0,1.0,0.7627118644067796,0.3046875,1.0,0.8260869565217391,0.8526315789473684,0.7454545454545455,0.5714285714285714,0.025,"Table 7, Supp. Table S8",r2_batch/abl_ce_proto_s72.json
abl_ce_proto,Cross-entropy + prototype matching,balanced,73,150,gpu,8,head,0.5858471836152093,0.5577817358115237,0.5858471836152093,0.5577817358115237,0.6210784848366768,0.5893198261988289,,,,,,,-0.04240627586841583,0.9879018068313599,0.9991749174917492,0.8967551622418879,0.867816091954023,0.015037593984962405,1.0,0.7264957264957265,0.8350515463917526,0.8545454545454545,0.07692307692307693,0.0,"Table 7, Supp. Table S8",r2_batch/abl_ce_proto_s73.json
abl_ce_proto,Cross-entropy + prototype matching,balanced,74,150,gpu,8,head,0.5730083241328388,0.5799149180312437,0.5730083241328388,0.5799149180312437,0.6721381656723391,0.6691083285478066,,,,,,,-0.24608363211154938,0.9918204347292582,1.0,0.9969604863221885,0.671957671957672,0.1328125,1.0,0.9181818181818182,0.8080808080808081,0.4,0.20408163265306123,0.025,"Table 7, Supp. Table S8",r2_batch/abl_ce_proto_s74.json
abl_ce_proto,Cross-entropy + prototype matching,balanced,75,150,gpu,8,head,0.6078656305590017,0.625375574909008,0.6078656305590017,0.625375574909008,0.6568064011984778,0.6558654477832364,,,,,,,-0.019820459187030792,0.981432749165429,0.9993252361673415,0.9938461538461538,0.726775956284153,0.328125,1.0,0.9351851851851852,0.7878787878787878,0.39285714285714285,0.30612244897959184,0.0,"Table 7, Supp. Table S8",r2_batch/abl_ce_proto_s75.json
abl_ce_proto,Cross-entropy + prototype matching,balanced,76,150,gpu,8,head,0.640359904645619,0.6785513710180991,0.640359904645619,0.6785513710180991,0.6588523683581052,0.6669447857774494,,,,,,,0.12989795207977295,0.9800276491377089,1.0,1.0,0.6758241758241759,0.375,1.0,0.9619047619047619,0.6938775510204082,0.6071428571428571,0.22448979591836735,0.225,"Table 7, Supp. Table S8",r2_batch/abl_ce_proto_s76.json
abl_ce_proto,Cross-entropy + prototype matching,balanced,77,150,gpu,8,head,0.5700051894990257,0.5673193071430528,0.5700051894990257,0.5673193071430528,0.6105116311750675,0.6029842364518014,,,,,,,-0.2818683385848999,0.9924623502625359,0.9992301770592764,0.99079754601227,0.8201058201058201,0.06504065040650407,1.0,0.8829787234042553,0.7938144329896907,0.3090909090909091,0.057692307692307696,0.21052631578947367,"Table 7, Supp. Table S8",r2_batch/abl_ce_proto_s77.json
abl_ce_proto,Cross-entropy + prototype matching,balanced,78,150,gpu,8,head,0.6936394753813997,0.7135394278335179,0.6936394753813997,0.7135394278335179,0.5964259494724732,0.6126857081099084,,,,,,,-0.09236705303192139,0.9860602352354262,0.999231950844854,0.9703264094955489,0.8534031413612565,0.4962962962962963,1.0,0.9716981132075472,0.9072164948453608,0.6071428571428571,0.27450980392156865,0.16216216216216217,"Table 7, Supp. Table S8",r2_batch/abl_ce_proto_s78.json
abl_ce_proto,Cross-entropy + prototype matching,balanced,79,150,gpu,8,head,0.5918938732872887,0.5785430079277716,0.5918938732872887,0.5785430079277716,0.6415662565049294,0.6098930750070921,,,,,,,0.07458588480949402,0.9632447361946106,1.0,0.6909090909090909,0.7849462365591398,0.6461538461538462,1.0,0.6730769230769231,0.7319587628865979,0.8,0.0,0.0,"Table 7, Supp. Table S8",r2_batch/abl_ce_proto_s79.json
abl_ce_proto,Cross-entropy + prototype matching,balanced,80,150,gpu,8,head,0.6698367271309968,0.6751321389755538,0.6698367271309968,0.6751321389755538,0.6464799521894289,0.6409985076429654,,,,,,,-0.1510481834411621,0.9940997693273756,1.0,0.9971181556195965,0.9005524861878453,0.21705426356589147,1.0,0.8285714285714286,0.8585858585858586,0.8035714285714286,0.4230769230769231,0.0,"Table 7, Supp. Table S8",r2_batch/abl_ce_proto_s80.json
abl_ce_proto,Cross-entropy + prototype matching,balanced,81,150,gpu,8,head,0.6510532693776184,0.6711559625646779,0.6510532693776184,0.6711559625646779,0.677597962110791,0.6381937774447367,,,,,,,-0.16560830175876617,0.9914893640412225,0.9989384288747346,1.0,0.75,0.07575757575757576,1.0,0.9611650485436893,0.7422680412371134,0.2727272727272727,0.7755102040816326,0.28205128205128205,"Table 7, Supp. Table S8",r2_batch/abl_ce_proto_s81.json
abl_ce_proto,Cross-entropy + prototype matching,balanced,82,150,gpu,8,head,0.7018989662240578,0.7403822089073939,0.7018989662240578,0.7403822089073939,0.6140325677541436,0.6101475868829499,,,,,,,-0.10193118453025818,0.9799539579285516,1.0,1.0,0.7978142076502732,0.5378787878787878,0.9948717948717949,0.9203539823008849,0.8,0.38181818181818183,0.5510204081632653,0.3333333333333333,"Table 7, Supp. Table S8",r2_batch/abl_ce_proto_s82.json
abl_ce_proto,Cross-entropy + prototype matching,balanced,83,150,gpu,8,head,0.7762180134277005,0.7907300636024034,0.7762180134277005,0.7907300636024034,0.6331328195403427,0.5993512161219507,,,,,,,-0.15137872099876404,0.9852873235940933,0.9990966576332431,1.0,0.8297872340425532,0.5833333333333334,1.0,0.8962264150943396,0.8118811881188119,0.7321428571428571,0.21153846153846154,0.9210526315789473,"Table 7, Supp. Table S8",r2_batch/abl_ce_proto_s83.json
abl_ce_proto,Cross-entropy + prototype matching,balanced,84,150,gpu,8,head,0.5826559647041083,0.5741875618231709,0.5826559647041083,0.5741875618231709,0.6268212567221849,0.5967154370326869,,,,,,,-0.027923300862312317,0.9886323147349887,0.9990138067061144,1.0,0.8722222222222222,0.26356589147286824,1.0,0.9210526315789473,0.7272727272727273,0.36363636363636365,0.09615384615384616,0.0,"Table 7, Supp. Table S8",r2_batch/abl_ce_proto_s84.json
abl_ce_proto,Cross-entropy + prototype matching,balanced,85,150,gpu,8,head,0.6306573628369958,0.6265199267853272,0.6306573628369958,0.6265199267853272,0.7283507466930255,0.7019443024066329,,,,,,,-0.08810102939605713,0.9908282359441122,0.9985632183908045,1.0,0.8191489361702128,0.1297709923664122,1.0,0.9523809523809523,0.89,0.25,0.6346153846153846,0.0,"Table 7, Supp. Table S8",r2_batch/abl_ce_proto_s85.json
abl_ce_proto,Cross-entropy + prototype matching,balanced,86,150,gpu,8,head,0.6876250806279288,0.686620428909528,0.6876250806279288,0.686620428909528,0.5508611747287094,0.5473138708418933,,,,,,,-0.11797132343053818,0.9593578709496392,1.0,0.9884393063583815,0.8677248677248677,0.4744525547445255,0.9953917050691244,0.9557522123893806,0.64,0.6071428571428571,0.6041666666666666,0.05555555555555555,"Table 7, Supp. Table S8",r2_batch/abl_ce_proto_s86.json
abl_ce_proto,Cross-entropy + prototype matching,balanced,87,150,gpu,8,head,0.6427432574102854,0.6289437411996798,0.6427432574102854,0.6289437411996798,0.6026618332960332,0.5918725613259005,,,,,,,-0.043521784245967865,0.9900769856241014,0.9990583804143126,1.0,0.7640449438202247,0.16666666666666666,1.0,0.9813084112149533,0.40625,0.6909090909090909,0.7755102040816326,0.0,"Table 7, Supp. Table S8",r2_batch/abl_ce_proto_s87.json
abl_ce_proto,Cross-entropy + prototype matching,balanced,88,150,gpu,8,head,0.5878725469699055,0.6030006442772409,0.5878725469699055,0.6030006442772409,0.613318523994722,0.5916438748605626,,,,,,,-0.2122168242931366,0.9885432057910495,0.9991474850809889,0.9936305732484076,0.7486338797814208,0.3333333333333333,1.0,0.9557522123893806,0.75,0.24561403508771928,0.20833333333333334,0.05555555555555555,"Table 7, Supp. Table S8",r2_batch/abl_ce_proto_s88.json
abl_ce_proto,Cross-entropy + prototype matching,balanced,89,150,gpu,8,head,0.6891470742808357,0.7099148688376151,0.6891470742808357,0.7099148688376151,0.5117257530678585,0.4883213345556898,,,,,,,-0.24018315970897675,0.9719272587034438,0.9990791896869244,0.9850746268656716,0.7421052631578947,0.5581395348837209,1.0,0.9439252336448598,0.8556701030927835,0.5263157894736842,0.038461538461538464,0.5526315789473685,"Table 7, Supp. Table S8",r2_batch/abl_ce_proto_s89.json
abl_ce_proto,Cross-entropy + prototype matching,balanced,90,150,gpu,8,head,0.6593737731429121,0.6752550932384397,0.6593737731429121,0.6752550932384397,0.6039321937776729,0.6121957429416619,,,,,,,0.11837106198072433,0.9807461433940463,1.0,0.9664634146341463,0.7627118644067796,0.6666666666666666,1.0,0.8301886792452831,0.7857142857142857,0.5892857142857143,0.3333333333333333,0.0,"Table 7, Supp. Table S8",r2_batch/abl_ce_proto_s90.json
abl_ce_proto,Cross-entropy + prototype matching,balanced,91,150,gpu,8,head,0.6572451915908814,0.684680835890965,0.6572451915908814,0.684680835890965,0.6483782222542213,0.6476666108149548,,,,,,,0.005509389564394951,0.9569599628448486,1.0,0.9970501474926253,0.8,0.19548872180451127,1.0,0.9722222222222222,0.8333333333333334,0.38181818181818183,0.5,0.23529411764705882,"Table 7, Supp. Table S8",r2_batch/abl_ce_proto_s91.json
abl_ce_con,Cross-entropy + contrastive,balanced,62,150,gpu,8,head,0.652137534650321,0.6358535615293893,0.652137534650321,0.6358535615293893,0.4765249741518551,0.4182109574861195,,,,,,,-0.13959181308746338,-0.21721009289224943,1.0,0.9970326409495549,0.9197860962566845,0.3076923076923077,1.0,0.8785046728971962,0.9587628865979382,0.7818181818181819,0.0,0.02564102564102564,"Table 7, Supp. Table S8",r2_batch/abl_ce_con_s62.json
abl_ce_con,Cross-entropy + contrastive,balanced,63,150,gpu,8,head,0.6758663260148442,0.6867353092791512,0.6758663260148442,0.6867353092791512,0.37878124252815837,0.3643533641792186,,,,,,,-0.33846771717071533,0.1376324873417616,1.0,0.9909365558912386,0.770949720670391,0.5564516129032258,0.9809523809523809,0.981651376146789,0.8571428571428571,0.6181818181818182,0.32653061224489793,0.0,"Table 7, Supp. Table S8",r2_batch/abl_ce_con_s63.json
abl_ce_con,Cross-entropy + contrastive,balanced,64,150,gpu,8,head,0.606723005265643,0.6066492396220353,0.606723005265643,0.6066492396220353,0.4286104830918561,0.4173704898577171,,,,,,,-0.14246585965156555,-0.16377086771859062,1.0,0.978328173374613,0.8085106382978723,0.32061068702290074,0.8536585365853658,0.8181818181818182,0.8631578947368421,0.21428571428571427,0.6037735849056604,0.0,"Table 7, Supp. Table S8",r2_batch/abl_ce_con_s64.json
abl_ce_con,Cross-entropy + contrastive,balanced,65,150,gpu,8,head,0.7176505618039883,0.7247864594749691,0.7176505618039883,0.7247864594749691,0.5862067131633226,0.5871391599159728,,,,,,,-0.1822291612625122,0.10264332137174076,0.9990942028985508,0.9651898734177216,0.7857142857142857,0.8045112781954887,1.0,0.9905660377358491,0.8247422680412371,0.4909090909090909,0.5416666666666666,0.05555555555555555,"Table 7, Supp. Table S8",r2_batch/abl_ce_con_s65.json
abl_ce_con,Cross-entropy + contrastive,balanced,66,150,gpu,8,head,0.6980194578020488,0.7172267725237166,0.6980194578020488,0.7172267725237166,0.6217432401714585,0.6423447715648434,,,,,,,-0.2621731460094452,0.024024812711609736,1.0,0.9654178674351584,0.7684210526315789,0.8970588235294118,0.9950248756218906,0.9047619047619048,0.6326530612244898,0.5535714285714286,0.45098039215686275,0.11428571428571428,"Table 7, Supp. Table S8",r2_batch/abl_ce_con_s66.json
abl_ce_con,Cross-entropy + contrastive,balanced,67,150,gpu,8,head,0.6459411805385006,0.6855180260259216,0.6459411805385006,0.6855180260259216,0.38806788154003224,0.35903695377997114,,,,,,,-0.05351639539003372,-0.004718014763461219,1.0,1.0,0.8532608695652174,0.2835820895522388,0.8817204301075269,0.8181818181818182,0.5408163265306123,0.4909090909090909,0.52,0.425,"Table 7, Supp. Table S8",r2_batch/abl_ce_con_s67.json
abl_ce_con,Cross-entropy + contrastive,balanced,68,150,gpu,8,head,0.7015541641689909,0.6994418727004107,0.7015541641689909,0.6994418727004107,0.6777960804390725,0.672253760811261,,,,,,,0.2149812877178192,0.3371732723381784,1.0,0.9880597014925373,0.9016393442622951,0.14285714285714285,1.0,0.9565217391304348,0.8316831683168316,0.8363636363636363,0.5098039215686274,0.14705882352941177,"Table 7, Supp. Table S8",r2_batch/abl_ce_con_s68.json
abl_ce_con,Cross-entropy + contrastive,balanced,69,150,gpu,8,head,0.6770714698910544,0.6929385656347625,0.6770714698910544,0.6929385656347625,0.7156029637026333,0.7380922648734881,,,,,,,0.09550558030605316,0.08952347851461834,1.0,0.9157303370786517,0.8042328042328042,0.48201438848920863,0.9947643979057592,0.9230769230769231,0.7171717171717171,0.48214285714285715,0.6862745098039216,0.08823529411764706,"Table 7, Supp. Table S8",r2_batch/abl_ce_con_s69.json
abl_ce_con,Cross-entropy + contrastive,balanced,70,150,gpu,8,head,0.6606245632259223,0.6834926935903634,0.6606245632259223,0.6834926935903634,0.5036714318269573,0.48126531211707263,,,,,,,-0.10497356951236725,-0.05060163595610195,1.0,0.9577039274924471,0.8085106382978723,0.30708661417322836,0.9947368421052631,0.91,0.845360824742268,0.4,0.4166666666666667,0.3055555555555556,"Table 7, Supp. Table S8",r2_batch/abl_ce_con_s70.json
abl_ce_con,Cross-entropy + contrastive,balanced,71,150,gpu,8,head,0.6878200228471335,0.71117220581058,0.6878200228471335,0.71117220581058,0.4156660696525042,0.39214810152725504,,,,,,,-0.21171794831752777,-0.17534247620238197,1.0,0.9969135802469136,0.7058823529411765,0.6771653543307087,1.0,0.7864077669902912,0.9801980198019802,0.509090909090909,0.3958333333333333,0.1388888888888889,"Table 7, Supp. Table S8",r2_batch/abl_ce_con_s71.json
abl_ce_con,Cross-entropy + contrastive,balanced,72,150,gpu,8,head,0.6926319820581308,0.7063551218725956,0.6926319820581308,0.7063551218725956,0.3615855343889915,0.3383731136910793,,,,,,,-0.18512924015522003,0.20584329714377722,1.0,0.9845679012345679,0.8983050847457628,0.3046875,1.0,0.8608695652173913,0.7684210526315789,0.6,0.5918367346938775,0.225,"Table 7, Supp. Table S8",r2_batch/abl_ce_con_s72.json
abl_ce_con,Cross-entropy + contrastive,balanced,73,150,gpu,8,head,0.6602718538316115,0.6528751489144327,0.6602718538316115,0.6528751489144327,0.4509444589857725,0.38647365091770153,,,,,,,-0.12349504232406616,-0.05688788907395469,1.0,0.9321533923303835,0.8793103448275862,0.2556390977443609,0.9888268156424581,0.8888888888888888,0.8556701030927835,0.8727272727272727,0.2692307692307692,0.0,"Table 7, Supp. Table S8",r2_batch/abl_ce_con_s73.json
abl_ce_con,Cross-entropy + contrastive,balanced,74,150,gpu,8,head,0.5187239389541188,0.5251655703920481,0.5187239389541188,0.5251655703920481,0.4251794050774547,0.3672829779800828,,,,,,,-0.17435064911842346,0.1810326843212048,0.99867197875166,0.993920972644377,0.7936507936507936,0.5859375,0.9523809523809523,0.7909090909090909,0.18181818181818182,0.0,0.24489795918367346,0.125,"Table 7, Supp. Table S8",r2_batch/abl_ce_con_s74.json
abl_ce_con,Cross-entropy + contrastive,balanced,75,150,gpu,8,head,0.5703423514051604,0.5935886477570813,0.5703423514051604,0.5935886477570813,0.41493723374090274,0.345816730598089,,,,,,,-0.07977909594774246,-0.04717404436733988,1.0,0.9876923076923076,0.7049180327868853,0.546875,1.0,0.46296296296296297,0.797979797979798,0.42857142857142855,0.20408163265306123,0.0,"Table 7, Supp. Table S8",r2_batch/abl_ce_con_s75.json
abl_ce_con,Cross-entropy + contrastive,balanced,76,150,gpu,8,head,0.6663930020574328,0.6790904045620236,0.6663930020574328,0.6790904045620236,0.5629409572743812,0.5662681772758789,,,,,,,-0.07790420204401016,0.09126289181909265,1.0,1.0,0.7252747252747253,0.65625,0.9949238578680203,0.8761904761904762,0.7346938775510204,0.6428571428571429,0.3673469387755102,0.0,"Table 7, Supp. Table S8",r2_batch/abl_ce_con_s76.json
abl_ce_con,Cross-entropy + contrastive,balanced,77,150,gpu,8,head,0.5269208454667027,0.5486726408318555,0.5269208454667027,0.5486726408318555,0.32245013792667204,0.31594468365308687,,,,,,,-0.26178300380706787,0.1584612794427408,1.0,0.9938650306748467,0.6349206349206349,0.6260162601626016,0.835820895522388,0.6276595744680851,0.07216494845360824,0.2909090909090909,0.1346153846153846,0.5263157894736842,"Table 7, Supp. Table S8",r2_batch/abl_ce_con_s77.json
abl_ce_con,Cross-entropy + contrastive,balanced,78,150,gpu,8,head,0.6640799872254719,0.6936554277405194,0.6640799872254719,0.6936554277405194,0.445191091419956,0.4514520029081947,,,,,,,-0.15355916321277618,0.04189565425945653,1.0,0.9673590504451038,0.8429319371727748,0.4888888888888889,1.0,0.9528301886792453,0.6804123711340206,0.5535714285714286,0.27450980392156865,0.21621621621621623,"Table 7, Supp. Table S8",r2_batch/abl_ce_con_s78.json
abl_ce_con,Cross-entropy + contrastive,balanced,79,150,gpu,8,head,0.5967391832288834,0.5934627437175674,0.5967391832288834,0.5934627437175674,0.5733899499869547,0.5304395810537605,,,,,,,0.035575997084379196,-0.16088004575835335,1.0,0.8151515151515152,0.7849462365591398,0.6384615384615384,1.0,0.7115384615384616,0.7835051546391752,0.6181818181818182,0.018867924528301886,0.0,"Table 7, Supp. Table S8",r2_batch/abl_ce_con_s79.json
abl_ce_con,Cross-entropy + contrastive,balanced,80,150,gpu,8,head,0.6717469314403578,0.6973325588689557,0.6717469314403578,0.6973325588689557,0.2983665935130022,0.22863195177349807,,,,,,,-0.1541205793619156,0.12487808356268539,1.0,1.0,0.8397790055248618,0.2558139534883721,0.9948186528497409,0.8095238095238095,0.8383838383838383,0.7142857142857143,0.46153846153846156,0.13157894736842105,"Table 7, Supp. Table S8",r2_batch/abl_ce_con_s80.json
abl_ce_con,Cross-entropy + contrastive,balanced,81,150,gpu,8,head,0.619930769136593,0.6125893355171294,0.619930769136593,0.6125893355171294,0.5598488770224067,0.5398757892232996,,,,,,,-0.2610706388950348,0.205103923049238,0.9989384288747346,0.9970588235294118,0.9202127659574468,0.09848484848484848,1.0,0.9514563106796117,0.6391752577319587,0.4727272727272727,0.4489795918367347,0.05128205128205128,"Table 7, Supp. Table S8",r2_batch/abl_ce_con_s81.json
abl_ce_con,Cross-entropy + contrastive,balanced,82,150,gpu,8,head,0.6682403752250301,0.6872542296275067,0.6682403752250301,0.6872542296275067,0.6861935551685568,0.687728733173448,,,,,,,-0.22773867845535278,0.30877139667669934,1.0,0.9939024390243902,0.9180327868852459,0.5303030303030303,0.9333333333333333,0.9026548672566371,0.73,0.6181818181818182,0.3877551020408163,0.0,"Table 7, Supp. Table S8",r2_batch/abl_ce_con_s82.json
abl_ce_con,Cross-entropy + contrastive,balanced,83,150,gpu,8,head,0.8139504046910753,0.8128524550018229,0.8139504046910753,0.8128524550018229,0.6242907014034107,0.5789210123455846,,,,,,,-0.11246837675571442,0.06431705015711486,1.0,0.9940298507462687,0.8297872340425532,0.696969696969697,1.0,0.8113207547169812,0.9306930693069307,0.75,0.36538461538461536,0.9473684210526315,"Table 7, Supp. Table S8",r2_batch/abl_ce_con_s83.json
abl_ce_con,Cross-entropy + contrastive,balanced,84,150,gpu,8,head,0.5863228572493904,0.5938956302482745,0.5863228572493904,0.5938956302482745,0.3882556048967109,0.36654489030483106,,,,,,,-0.0855310782790184,-0.04915420959393183,1.0,1.0,0.6777777777777778,0.35658914728682173,0.9896373056994818,0.9298245614035088,0.8484848484848485,0.21818181818181817,0.07692307692307693,0.1794871794871795,"Table 7, Supp. Table S8",r2_batch/abl_ce_con_s84.json
abl_ce_con,Cross-entropy + contrastive,balanced,85,150,gpu,8,head,0.659533330087442,0.6852076677347463,0.659533330087442,0.6852076677347463,0.4246480320947437,0.3234918951264376,,,,,,,-0.17571420967578888,0.15433596736854976,1.0,1.0,0.8031914893617021,0.19083969465648856,0.9949494949494949,0.8666666666666667,0.83,0.5535714285714286,0.5576923076923077,0.1388888888888889,"Table 7, Supp. Table S8",r2_batch/abl_ce_con_s85.json
abl_ce_con,Cross-entropy + contrastive,balanced,86,150,gpu,8,head,0.7843355495263415,0.8084574432727902,0.7843355495263415,0.8084574432727902,0.3910403631700723,0.2980116601278256,,,,,,,-0.14175857603549957,-0.10891867677370708,1.0,0.9884393063583815,0.8677248677248677,0.6058394160583942,0.9585253456221198,0.9734513274336283,0.92,0.8214285714285714,0.5625,0.3611111111111111,"Table 7, Supp. Table S8",r2_batch/abl_ce_con_s86.json
abl_ce_con,Cross-entropy + contrastive,balanced,87,150,gpu,8,head,0.617619177699649,0.6093586107552171,0.617619177699649,0.6093586107552171,0.35476172333245365,0.29253430496307425,,,,,,,-0.34213370084762573,0.24787669132153192,1.0,1.0,0.7808988764044944,0.6031746031746031,0.8148148148148148,0.5794392523364486,0.8229166666666666,0.18181818181818182,0.7755102040816326,0.0,"Table 7, Supp. Table S8",r2_batch/abl_ce_con_s87.json
abl_ce_con,Cross-entropy + contrastive,balanced,88,150,gpu,8,head,0.5693700884977008,0.5762653943410756,0.5693700884977008,0.5762653943410756,0.4854891414771484,0.44346183543519707,,,,,,,-0.13347309827804565,-0.17300671028594175,1.0,0.8757961783439491,0.8142076502732241,0.5,1.0,0.5132743362831859,0.8333333333333334,0.42105263157894735,0.0,0.16666666666666666,"Table 7, Supp. Table S8",r2_batch/abl_ce_con_s88.json
abl_ce_con,Cross-entropy + contrastive,balanced,89,150,gpu,8,head,0.6939082398254217,0.712363334698112,0.6939082398254217,0.712363334698112,0.42164400979065825,0.3635381458322037,,,,,,,-0.3329986035823822,0.026168334401316114,0.9990791896869244,1.0,0.7368421052631579,0.4883720930232558,0.8768472906403941,0.9626168224299065,0.9072164948453608,0.47368421052631576,0.11538461538461539,0.6842105263157895,"Table 7, Supp. Table S8",r2_batch/abl_ce_con_s89.json
abl_ce_con,Cross-entropy + contrastive,balanced,90,150,gpu,8,head,0.6749781718398551,0.6844776186976651,0.6749781718398551,0.6844776186976651,0.49545996983636936,0.4923340004218817,,,,,,,-0.053110137581825256,0.009653773850813094,1.0,0.9847560975609756,0.6101694915254238,0.7619047619047619,1.0,0.7169811320754716,0.8571428571428571,0.6785714285714286,0.4375,0.027777777777777776,"Table 7, Supp. Table S8",r2_batch/abl_ce_con_s90.json
abl_ce_con,Cross-entropy + contrastive,balanced,91,150,gpu,8,head,0.7168474093037838,0.7423626902636257,0.7168474093037838,0.7423626902636257,0.7062433524987634,0.7325045508978354,,,,,,,0.22732611000537872,0.2626478200157483,1.0,0.976401179941003,0.7837837837837838,0.5488721804511278,0.9887640449438202,0.9907407407407407,0.8229166666666666,0.6727272727272727,0.46153846153846156,0.20588235294117646,"Table 7, Supp. Table S8",r2_batch/abl_ce_con_s91.json
abl_ce_only_1hidden_balanced,"One hidden layer, cross-entropy only",balanced,62,150,gpu,8,head,0.4844982381351684,0.4852234200464418,0.4844982381351684,0.4852234200464418,0.235742398826511,0.06929814362577198,,,,,,,-0.30348289012908936,0.24241278734472063,1.0,0.8130563798219584,0.7700534759358288,0.15384615384615385,0.9950248756218906,0.794392523364486,0.6288659793814433,0.10909090909090909,0.09615384615384616,0.0,Table 7,r2_batch/abl_ce_only_1hidden_balanced_s62.json
abl_ce_only_1hidden_balanced,"One hidden layer, cross-entropy only",balanced,63,150,gpu,8,head,0.5664208963660865,0.6012091742822542,0.5664208963660865,0.6012091742822542,0.23019896130495207,0.09879768512817744,,,,,,,-0.3424031436443329,0.37968577072024345,1.0,0.8429003021148036,0.5251396648044693,0.5967741935483871,1.0,0.41284403669724773,0.5306122448979592,0.5272727272727272,0.6122448979591837,0.05,Table 7,r2_batch/abl_ce_only_1hidden_balanced_s63.json
abl_ce_only_1hidden_balanced,"One hidden layer, cross-entropy only",balanced,64,150,gpu,8,head,0.4713531216977096,0.46919321966833016,0.4713531216977096,0.46919321966833016,0.19480727475721807,0.12772023375260966,,,,,,,-0.13397353887557983,0.25635882053110337,1.0,0.8885448916408669,0.6808510638297872,0.5725190839694656,0.9951219512195122,0.32323232323232326,0.7263157894736842,0.017857142857142856,0.03773584905660377,0.0,Table 7,r2_batch/abl_ce_only_1hidden_balanced_s64.json
abl_ce_only_1hidden_balanced,"One hidden layer, cross-entropy only",balanced,65,150,gpu,8,head,0.6450805801147873,0.652454424660679,0.6450805801147873,0.652454424660679,0.21758301383911802,0.11279893005450511,,,,,,,-0.20890897512435913,0.2915412916077508,1.0,0.8227848101265823,0.6373626373626373,0.7744360902255639,1.0,0.8773584905660378,0.7422680412371134,0.6181818181818182,0.3333333333333333,0.0,Table 7,r2_batch/abl_ce_only_1hidden_balanced_s65.json
abl_ce_only_1hidden_balanced,"One hidden layer, cross-entropy only",balanced,66,150,gpu,8,head,0.5433025073116359,0.5432291942143516,0.5433025073116359,0.5432291942143516,0.22125797687496052,0.11394962077728854,,,,,,,-0.19544313848018646,0.2642512669165929,1.0,0.9971181556195965,0.6368421052631579,0.5808823529411765,1.0,0.7904761904761904,0.6326530612244898,0.23214285714285715,0.0196078431372549,0.0,Table 7,r2_batch/abl_ce_only_1hidden_balanced_s66.json
abl_ce_only_1hidden_balanced,"One hidden layer, cross-entropy only",balanced,67,150,gpu,8,head,0.5223387849019537,0.5177590541775596,0.5223387849019537,0.5177590541775596,0.21357922022341858,0.09883463098565178,,,,,,,-0.2161087691783905,0.38150115807851154,0.9989316239316239,0.9940652818991098,0.6684782608695652,0.022388059701492536,0.8817204301075269,0.8181818181818182,0.7653061224489796,0.2909090909090909,0.26,0.0,Table 7,r2_batch/abl_ce_only_1hidden_balanced_s67.json
abl_ce_only_1hidden_balanced,"One hidden layer, cross-entropy only",balanced,68,150,gpu,8,head,0.48432296193302865,0.47172348905378086,0.48432296193302865,0.47172348905378086,0.22329391155830425,0.15081012633009805,,,,,,,-0.22659018635749817,0.33022261659304303,0.999298245614035,0.7820895522388059,0.8688524590163934,0.0,0.9154228855721394,0.8173913043478261,0.46534653465346537,0.0,0.45098039215686275,0.058823529411764705,Table 7,r2_batch/abl_ce_only_1hidden_balanced_s68.json
abl_ce_only_1hidden_balanced,"One hidden layer, cross-entropy only",balanced,69,150,gpu,8,head,0.4424447525224946,0.44670463482358347,0.4424447525224946,0.44670463482358347,0.29895409838895765,0.19446106488264567,,,,,,,-0.253493070602417,0.23516674174202812,1.0,0.9859550561797753,0.6455026455026455,0.38848920863309355,0.9528795811518325,0.7019230769230769,0.23232323232323232,0.03571428571428571,0.0392156862745098,0.0,Table 7,r2_batch/abl_ce_only_1hidden_balanced_s69.json
abl_ce_only_1hidden_balanced,"One hidden layer, cross-entropy only",balanced,70,150,gpu,8,head,0.5066984981689568,0.48894214809321546,0.5066984981689568,0.48894214809321546,0.19509852656539037,0.13194828361676808,,,,,,,-0.18136313557624817,0.28555131289694047,1.0,0.9274924471299094,0.7340425531914894,0.11811023622047244,0.9947368421052631,0.68,0.7422680412371134,0.36363636363636365,0.0,0.0,Table 7,r2_batch/abl_ce_only_1hidden_balanced_s70.json
abl_ce_only_1hidden_balanced,"One hidden layer, cross-entropy only",balanced,71,150,gpu,8,head,0.5720606132567556,0.5908441196564279,0.5720606132567556,0.5908441196564279,0.16350350831514082,0.07709792064069974,,,,,,,-0.2053949385881424,0.41015013721254134,1.0,0.9907407407407407,0.5828877005347594,0.4566929133858268,1.0,0.7669902912621359,0.7326732673267327,0.4727272727272727,0.14583333333333334,0.0,Table 7,r2_batch/abl_ce_only_1hidden_balanced_s71.json
abl_ce_only_1hidden_balanced,"One hidden layer, cross-entropy only",balanced,72,150,gpu,8,head,0.5623280203109589,0.5711797838745619,0.5623280203109589,0.5711797838745619,0.19499940327007995,0.053763714475955404,,,,,,,-0.20787523686885834,0.2996211846669515,1.0,1.0,0.5649717514124294,0.03125,1.0,0.6173913043478261,0.6736842105263158,0.5818181818181818,0.5918367346938775,0.0,Table 7,r2_batch/abl_ce_only_1hidden_balanced_s72.json
abl_ce_only_1hidden_balanced,"One hidden layer, cross-entropy only",balanced,73,150,gpu,8,head,0.5109963363853703,0.49060611883216154,0.5109963363853703,0.49060611883216154,0.31974823381515316,0.22490126671528488,,,,,,,-0.20639292895793915,0.21847809023327297,1.0,0.8643067846607669,0.7528735632183908,0.022556390977443608,1.0,0.5128205128205128,0.845360824742268,0.5818181818181818,0.019230769230769232,0.0,Table 7,r2_batch/abl_ce_only_1hidden_balanced_s73.json
abl_ce_only_1hidden_balanced,"One hidden layer, cross-entropy only",balanced,74,150,gpu,8,head,0.4049512151942707,0.3852784407670837,0.4049512151942707,0.3852784407670837,0.24656752712308266,0.16077828821226137,,,,,,,-0.23018915951251984,0.37970953517489964,0.99933598937583,1.0,0.20634920634920634,0.0078125,0.9576719576719577,0.7272727272727273,0.6363636363636364,0.10909090909090909,0.0,0.0,Table 7,r2_batch/abl_ce_only_1hidden_balanced_s74.json
abl_ce_only_1hidden_balanced,"One hidden layer, cross-entropy only",balanced,75,150,gpu,8,head,0.5963485062952439,0.6097189951261508,0.5963485062952439,0.6097189951261508,0.2178336472649997,0.10946011480286683,,,,,,,-0.2206505686044693,0.2731795907020569,1.0,0.9907692307692307,0.7049180327868853,0.5390625,1.0,0.8518518518518519,0.7575757575757576,0.19642857142857142,0.32653061224489793,0.0,Table 7,r2_batch/abl_ce_only_1hidden_balanced_s75.json
abl_ce_only_1hidden_balanced,"One hidden layer, cross-entropy only",balanced,76,150,gpu,8,head,0.52515617054232,0.534248333844878,0.52515617054232,0.534248333844878,0.21026976495726496,0.09462812785276195,,,,,,,-0.21391870081424713,0.2988178034623464,1.0,1.0,0.5769230769230769,0.3125,0.9847715736040609,0.6761904761904762,0.8979591836734694,0.19642857142857142,0.08163265306122448,0.0,Table 7,r2_batch/abl_ce_only_1hidden_balanced_s76.json
abl_ce_only_1hidden_balanced,"One hidden layer, cross-entropy only",balanced,77,150,gpu,8,head,0.49134494968638315,0.47477932422853214,0.49134494968638315,0.47477932422853214,0.18452988209894736,0.11187284558043081,,,,,,,-0.26027989387512207,0.2576185663541158,1.0,0.9969325153374233,0.6402116402116402,0.024390243902439025,0.9353233830845771,0.8829787234042553,0.7422680412371134,0.2,0.0,0.0,Table 7,r2_batch/abl_ce_only_1hidden_balanced_s77.json
abl_ce_only_1hidden_balanced,"One hidden layer, cross-entropy only",balanced,78,150,gpu,8,head,0.6261732123615508,0.6340566705410109,0.6261732123615508,0.6340566705410109,0.2137455799259294,0.1117179288217519,,,,,,,-0.2152748703956604,0.24311931100156572,0.999231950844854,0.8605341246290801,0.7801047120418848,0.45185185185185184,1.0,0.9245283018867925,0.7525773195876289,0.6428571428571429,0.19607843137254902,0.02702702702702703,Table 7,r2_batch/abl_ce_only_1hidden_balanced_s78.json
abl_ce_only_1hidden_balanced,"One hidden layer, cross-entropy only",balanced,79,150,gpu,8,head,0.621201554914558,0.6050110842294041,0.621201554914558,0.6050110842294041,0.24275293969691253,0.10786828010752542,,,,,,,-0.174538254737854,0.07701899939113194,1.0,0.7424242424242424,0.7849462365591398,0.6307692307692307,1.0,0.9134615384615384,0.7010309278350515,0.8181818181818182,0.0,0.0,Table 7,r2_batch/abl_ce_only_1hidden_balanced_s79.json
abl_ce_only_1hidden_balanced,"One hidden layer, cross-entropy only",balanced,80,150,gpu,8,head,0.5039797085452145,0.5240324287638328,0.5039797085452145,0.5240324287638328,0.18251200453559255,0.0838906208229458,,,,,,,-0.17535889148712158,0.34742387798097396,1.0,1.0,0.56353591160221,0.10077519379844961,1.0,0.5047619047619047,0.8282828282828283,0.25,0.28846153846153844,0.0,Table 7,r2_batch/abl_ce_only_1hidden_balanced_s80.json
abl_ce_only_1hidden_balanced,"One hidden layer, cross-entropy only",balanced,81,150,gpu,8,head,0.46876064955588004,0.43286739056956897,0.46876064955588004,0.43286739056956897,0.23061793548115736,0.11356556132729,,,,,,,-0.15208594501018524,0.4884696470366584,1.0,0.9941176470588236,0.7606382978723404,0.06060606060606061,1.0,0.7281553398058253,0.6185567010309279,0.03636363636363636,0.02040816326530612,0.0,Table 7,r2_batch/abl_ce_only_1hidden_balanced_s81.json
abl_ce_only_1hidden_balanced,"One hidden layer, cross-entropy only",balanced,82,150,gpu,8,head,0.551917413026264,0.5605966200455889,0.551917413026264,0.5605966200455889,0.21592786573823236,0.06169816588747648,,,,,,,-0.2190079689025879,0.20465909275743696,1.0,0.9878048780487805,0.726775956284153,0.4621212121212121,0.9333333333333333,0.7699115044247787,0.74,0.16363636363636364,0.1836734693877551,0.0,Table 7,r2_batch/abl_ce_only_1hidden_balanced_s82.json
abl_ce_only_1hidden_balanced,"One hidden layer, cross-entropy only",balanced,83,150,gpu,8,head,0.5816991776168104,0.6000152185745574,0.5816991776168104,0.6000152185745574,0.2695792153339323,0.07227207267087626,,,,,,,-0.3196479082107544,0.5007592625916004,1.0,1.0,0.3351063829787234,0.15151515151515152,1.0,0.8867924528301887,0.09900990099009901,0.7142857142857143,0.15384615384615385,0.8947368421052632,Table 7,r2_batch/abl_ce_only_1hidden_balanced_s83.json
abl_ce_only_1hidden_balanced,"One hidden layer, cross-entropy only",balanced,84,150,gpu,8,head,0.5130950943068446,0.4846503659675222,0.5130950943068446,0.4846503659675222,0.24733322376263922,0.1476565117182488,,,,,,,-0.16902533173561096,0.3598769572046068,1.0,1.0,0.7944444444444444,0.17054263565891473,1.0,0.7982456140350878,0.7070707070707071,0.10909090909090909,0.038461538461538464,0.0,Table 7,r2_batch/abl_ce_only_1hidden_balanced_s84.json
abl_ce_only_1hidden_balanced,"One hidden layer, cross-entropy only",balanced,85,150,gpu,8,head,0.6196305435282776,0.6179147494579982,0.6196305435282776,0.6179147494579982,0.20699549063463435,0.046562338645465814,,,,,,,-0.29735758900642395,0.4799114200803969,1.0,0.9663608562691132,0.8297872340425532,0.04580152671755725,1.0,0.8571428571428571,0.71,0.5714285714285714,0.5961538461538461,0.0,Table 7,r2_batch/abl_ce_only_1hidden_balanced_s85.json
abl_ce_only_1hidden_balanced,"One hidden layer, cross-entropy only",balanced,86,150,gpu,8,head,0.5973075986415659,0.6113976053044922,0.5973075986415659,0.6113976053044922,0.2574575673086386,0.1673441214617803,,,,,,,-0.18746520578861237,0.2684958510928684,1.0,0.9971098265895953,0.8677248677248677,0.15328467153284672,0.9631336405529954,0.7876106194690266,0.72,0.42857142857142855,0.4583333333333333,0.0,Table 7,r2_batch/abl_ce_only_1hidden_balanced_s86.json
abl_ce_only_1hidden_balanced,"One hidden layer, cross-entropy only",balanced,87,150,gpu,8,head,0.5896198262184911,0.5903820775967096,0.5896198262184911,0.5903820775967096,0.1936521197172826,0.0547726692959151,,,,,,,-0.23893433809280396,0.45581575565867954,1.0,0.9823008849557522,0.6404494382022472,0.38095238095238093,1.0,0.8317757009345794,0.8020833333333334,0.03636363636363636,0.6326530612244898,0.0,Table 7,r2_batch/abl_ce_only_1hidden_balanced_s87.json
abl_ce_only_1hidden_balanced,"One hidden layer, cross-entropy only",balanced,88,150,gpu,8,head,0.4688482827749855,0.46112313098543584,0.4688482827749855,0.46112313098543584,0.2819206377120624,0.19256966220055308,,,,,,,-0.20800039172172546,0.24663735098308986,1.0,0.9490445859872612,0.6830601092896175,0.12698412698412698,1.0,0.7522123893805309,0.6458333333333334,0.0,0.0625,0.0,Table 7,r2_batch/abl_ce_only_1hidden_balanced_s88.json
abl_ce_only_1hidden_balanced,"One hidden layer, cross-entropy only",balanced,89,150,gpu,8,head,0.5860521117087699,0.5956409545498774,0.5860521117087699,0.5956409545498774,0.23015873015873012,0.07491547473056723,,,,,,,-0.305928498506546,0.33201151092847186,1.0,0.9940298507462687,0.7421052631578947,0.10852713178294573,0.8768472906403941,0.7289719626168224,0.6907216494845361,0.6140350877192983,0.019230769230769232,0.5,Table 7,r2_batch/abl_ce_only_1hidden_balanced_s89.json
abl_ce_only_1hidden_balanced,"One hidden layer, cross-entropy only",balanced,90,150,gpu,8,head,0.5826258843483512,0.6119986478801042,0.5826258843483512,0.6119986478801042,0.21952285634195878,0.11429598406035674,,,,,,,-0.21315798163414001,0.21649648911423153,1.0,0.9817073170731707,0.6666666666666666,0.6349206349206349,0.9946808510638298,0.8113207547169812,0.5918367346938775,0.375,0.1875,0.0,Table 7,r2_batch/abl_ce_only_1hidden_balanced_s90.json
abl_ce_only_1hidden_balanced,"One hidden layer, cross-entropy only",balanced,91,150,gpu,8,head,0.543655126501771,0.5383396541953525,0.543655126501771,0.5383396541953525,0.2064175077332972,0.10534964826247423,,,,,,,-0.19143496453762054,0.37475446197721696,1.0,0.9970501474926253,0.827027027027027,0.19548872180451127,0.8707865168539326,0.8796296296296297,0.7291666666666666,0.01818181818181818,0.34615384615384615,0.029411764705882353,Table 7,r2_batch/abl_ce_only_1hidden_balanced_s91.json
abl_ce_con_1hidden_balanced,"One hidden layer, cross-entropy + contrastive",balanced,62,150,gpu,8,head,0.6083681300037334,0.5745313518704324,0.6083681300037334,0.5745313518704324,0.4737734772827112,0.4111527642161367,,,,,,,-0.26080605387687683,-0.06777307391166687,1.0,0.9614243323442137,0.8502673796791443,0.36923076923076925,0.8905472636815921,0.7663551401869159,0.8556701030927835,0.7818181818181819,0.0,0.0,Table 7,r2_batch/abl_ce_con_1hidden_balanced_s62.json
abl_ce_con_1hidden_balanced,"One hidden layer, cross-entropy + contrastive",balanced,63,150,gpu,8,head,0.5339154764075883,0.5387290121949619,0.5339154764075883,0.5387290121949619,0.3490403619166148,0.3100508782181428,,,,,,,-0.37735211849212646,0.0874293097294867,1.0,1.0,0.6201117318435754,0.3548387096774194,1.0,0.8623853211009175,0.6020408163265306,0.34545454545454546,0.02040816326530612,0.0,Table 7,r2_batch/abl_ce_con_1hidden_balanced_s63.json
abl_ce_con_1hidden_balanced,"One hidden layer, cross-entropy + contrastive",balanced,64,150,gpu,8,head,0.5663850509125705,0.5392062728140373,0.5663850509125705,0.5392062728140373,0.5445981755475471,0.5459995445657979,,,,,,,-0.19453711807727814,0.12415604500306977,1.0,0.9473684210526315,0.8457446808510638,0.1297709923664122,0.9560975609756097,0.8686868686868687,0.8736842105263158,0.375,0.07547169811320754,0.02564102564102564,Table 7,r2_batch/abl_ce_con_1hidden_balanced_s64.json
abl_ce_con_1hidden_balanced,"One hidden layer, cross-entropy + contrastive",balanced,65,150,gpu,8,head,0.7071565714123937,0.7037903620891238,0.7071565714123937,0.7037903620891238,0.5806047588660305,0.5820455161266042,,,,,,,-0.2729839086532593,0.041670144276900425,0.9990942028985508,0.9050632911392406,0.6813186813186813,0.7744360902255639,1.0,0.9622641509433962,0.8144329896907216,0.8727272727272727,0.3541666666666667,0.0,Table 7,r2_batch/abl_ce_con_1hidden_balanced_s65.json
abl_ce_con_1hidden_balanced,"One hidden layer, cross-entropy + contrastive",balanced,66,150,gpu,8,head,0.6473555822720075,0.6635364216403782,0.6473555822720075,0.6635364216403782,0.5668312141020293,0.5470320612389512,,,,,,,-0.2625649869441986,0.024813908980124526,1.0,0.968299711815562,0.6368421052631579,0.7058823529411765,1.0,0.8666666666666667,0.6530612244897959,0.44642857142857145,0.5490196078431373,0.0,Table 7,r2_batch/abl_ce_con_1hidden_balanced_s66.json
abl_ce_con_1hidden_balanced,"One hidden layer, cross-entropy + contrastive",balanced,67,150,gpu,8,head,0.6464051427687195,0.655983671236235,0.6464051427687195,0.655983671236235,0.5099186618129552,0.48395379389021365,,,,,,,-0.2371629923582077,0.11585591578235228,1.0,0.9940652818991098,0.7119565217391305,0.44776119402985076,0.8817204301075269,0.8181818181818182,0.8571428571428571,0.5818181818181818,0.5,0.025,Table 7,r2_batch/abl_ce_con_1hidden_balanced_s67.json
abl_ce_con_1hidden_balanced,"One hidden layer, cross-entropy + contrastive",balanced,68,150,gpu,8,head,0.6064395200332791,0.6075148036025156,0.6064395200332791,0.6075148036025156,0.5948456311329607,0.5936865999014604,,,,,,,0.15521001815795898,0.10208946295703451,1.0,0.9044776119402985,0.8524590163934426,0.05263157894736842,1.0,0.9652173913043478,0.5742574257425742,0.23636363636363636,0.49019607843137253,0.38235294117647056,Table 7,r2_batch/abl_ce_con_1hidden_balanced_s68.json
abl_ce_con_1hidden_balanced,"One hidden layer, cross-entropy + contrastive",balanced,69,150,gpu,8,head,0.5762541435213213,0.5895742242541417,0.5762541435213213,0.5895742242541417,0.5908095812091056,0.5825107760391117,,,,,,,0.1594022661447525,0.012825696625643306,1.0,0.9578651685393258,0.6772486772486772,0.49640287769784175,0.9947643979057592,0.7692307692307693,0.6363636363636364,0.125,0.5294117647058824,0.0,Table 7,r2_batch/abl_ce_con_1hidden_balanced_s69.json
abl_ce_con_1hidden_balanced,"One hidden layer, cross-entropy + contrastive",balanced,70,150,gpu,8,head,0.5748622447122677,0.5703406081809351,0.5748622447122677,0.5703406081809351,0.5025234103164657,0.4786123317922507,,,,,,,-0.18388007581233978,0.042445437465276986,1.0,0.8972809667673716,0.8617021276595744,0.007874015748031496,0.9947368421052631,0.79,0.865979381443299,0.2909090909090909,0.1875,0.2777777777777778,Table 7,r2_batch/abl_ce_con_1hidden_balanced_s70.json
abl_ce_con_1hidden_balanced,"One hidden layer, cross-entropy + contrastive",balanced,71,150,gpu,8,head,0.6092552186839983,0.6142627032322535,0.6092552186839983,0.6142627032322535,0.5554594125197335,0.5335220717426327,,,,,,,-0.05660676211118698,-0.016953780729737546,1.0,1.0,0.8449197860962567,0.31496062992125984,0.9943820224719101,0.7864077669902912,0.7524752475247525,0.5818181818181818,0.20833333333333334,0.0,Table 7,r2_batch/abl_ce_con_1hidden_balanced_s71.json
abl_ce_con_1hidden_balanced,"One hidden layer, cross-entropy + contrastive",balanced,72,150,gpu,8,head,0.6038190264521655,0.6271414511123701,0.6038190264521655,0.6271414511123701,0.27582086259983407,0.23880540158349634,,,,,,,-0.21230904757976532,0.2467739548948076,1.0,1.0,0.711864406779661,0.3359375,0.9947368421052631,0.8260869565217391,0.7052631578947368,0.4727272727272727,0.3877551020408163,0.0,Table 7,r2_batch/abl_ce_con_1hidden_balanced_s72.json
abl_ce_con_1hidden_balanced,"One hidden layer, cross-entropy + contrastive",balanced,73,150,gpu,8,head,0.6203112784254756,0.5951769030522542,0.6203112784254756,0.5951769030522542,0.45396649240707987,0.3530244082516061,,,,,,,-0.14284735918045044,0.04675718621971706,1.0,0.8849557522123894,0.867816091954023,0.22556390977443608,1.0,0.8376068376068376,0.8556701030927835,0.8727272727272727,0.038461538461538464,0.0,Table 7,r2_batch/abl_ce_con_1hidden_balanced_s73.json
abl_ce_con_1hidden_balanced,"One hidden layer, cross-entropy + contrastive",balanced,74,150,gpu,8,head,0.46257062562470364,0.44848179401286437,0.46257062562470364,0.44848179401286437,0.2997709562130366,0.21546981764373066,,,,,,,-0.18867649137973785,0.0301880141099294,0.99867197875166,0.9969604863221885,0.7724867724867724,0.421875,0.9576719576719577,0.7454545454545455,0.23232323232323232,0.03636363636363636,0.0,0.0,Table 7,r2_batch/abl_ce_con_1hidden_balanced_s74.json
abl_ce_con_1hidden_balanced,"One hidden layer, cross-entropy + contrastive",balanced,75,150,gpu,8,head,0.5946951602586847,0.5948181085835297,0.5946951602586847,0.5948181085835297,0.4649798016672854,0.46867389080033306,,,,,,,-0.21120940148830414,0.1369317594087786,1.0,0.9938461538461538,0.7759562841530054,0.203125,1.0,0.8888888888888888,0.6868686868686869,0.375,0.42857142857142855,0.0,Table 7,r2_batch/abl_ce_con_1hidden_balanced_s75.json
abl_ce_con_1hidden_balanced,"One hidden layer, cross-entropy + contrastive",balanced,76,150,gpu,8,head,0.5915401149776149,0.6060640948015115,0.5915401149776149,0.6060640948015115,0.514093151517363,0.5141889307506718,,,,,,,-0.09010718017816544,0.03221593424677849,1.0,1.0,0.5824175824175825,0.5390625,1.0,0.8095238095238095,0.9081632653061225,0.17857142857142858,0.30612244897959184,0.0,Table 7,r2_batch/abl_ce_con_1hidden_balanced_s76.json
abl_ce_con_1hidden_balanced,"One hidden layer, cross-entropy + contrastive",balanced,77,150,gpu,8,head,0.3921713628662713,0.3769275549882699,0.3921713628662713,0.3769275549882699,0.35673275464913395,0.3409089029551825,,,,,,,-0.2684183418750763,0.08858154072529739,1.0,0.9570552147239264,0.6613756613756614,0.23577235772357724,0.845771144278607,0.48936170212765956,0.3402061855670103,0.0,0.0,0.0,Table 7,r2_batch/abl_ce_con_1hidden_balanced_s77.json
abl_ce_con_1hidden_balanced,"One hidden layer, cross-entropy + contrastive",balanced,78,150,gpu,8,head,0.6644238308613475,0.6818410408426789,0.6644238308613475,0.6818410408426789,0.4268090952318704,0.4022349997300372,,,,,,,-0.23316825926303864,0.05225521750334236,1.0,0.9703264094955489,0.8429319371727748,0.5111111111111111,1.0,0.9339622641509434,0.6288659793814433,0.6607142857142857,0.21568627450980393,0.21621621621621623,Table 7,r2_batch/abl_ce_con_1hidden_balanced_s78.json
abl_ce_con_1hidden_balanced,"One hidden layer, cross-entropy + contrastive",balanced,79,150,gpu,8,head,0.6560506030174784,0.6708062324931331,0.6560506030174784,0.6708062324931331,0.7174289818826423,0.7305123544692861,,,,,,,0.17958800494670868,0.012479226958627502,1.0,0.7212121212121212,0.7849462365591398,0.6307692307692307,1.0,0.9615384615384616,0.6391752577319587,0.7636363636363637,0.24528301886792453,0.15789473684210525,Table 7,r2_batch/abl_ce_con_1hidden_balanced_s79.json
abl_ce_con_1hidden_balanced,"One hidden layer, cross-entropy + contrastive",balanced,80,150,gpu,8,head,0.5654707022663559,0.5695462480797158,0.5654707022663559,0.5695462480797158,0.26999959014599884,0.19546453704421474,,,,,,,-0.18341203033924103,0.21285663379563224,1.0,0.9913544668587896,0.7900552486187845,0.06976744186046512,1.0,0.819047619047619,0.6868686868686869,0.48214285714285715,0.25,0.0,Table 7,r2_batch/abl_ce_con_1hidden_balanced_s80.json
abl_ce_con_1hidden_balanced,"One hidden layer, cross-entropy + contrastive",balanced,81,150,gpu,8,head,0.5255118414534229,0.5173821326208663,0.5255118414534229,0.5173821326208663,0.5053829421801939,0.49156553719686297,,,,,,,-0.32864463329315186,0.2685732907719082,0.9989384288747346,1.0,0.7021276595744681,0.045454545454545456,1.0,0.9514563106796117,0.7010309278350515,0.01818181818181818,0.2857142857142857,0.02564102564102564,Table 7,r2_batch/abl_ce_con_1hidden_balanced_s81.json
abl_ce_con_1hidden_balanced,"One hidden layer, cross-entropy + contrastive",balanced,82,150,gpu,8,head,0.5813097610898692,0.594082749479762,0.5813097610898692,0.594082749479762,0.5182454399513695,0.5037300078074547,,,,,,,-0.2333243489265442,0.05603366442179928,1.0,1.0,0.8360655737704918,0.2196969696969697,0.9333333333333333,0.9026548672566371,0.72,0.43636363636363634,0.1836734693877551,0.0,Table 7,r2_batch/abl_ce_con_1hidden_balanced_s82.json
abl_ce_con_1hidden_balanced,"One hidden layer, cross-entropy + contrastive",balanced,83,150,gpu,8,head,0.7471950171546102,0.7520325739137389,0.7471950171546102,0.7520325739137389,0.6172523904967271,0.5790067809899893,,,,,,,-0.19699770212173462,0.014530137763358653,1.0,0.9701492537313433,0.574468085106383,0.7575757575757576,1.0,0.9433962264150944,0.43564356435643564,0.75,0.34615384615384615,0.9473684210526315,Table 7,r2_batch/abl_ce_con_1hidden_balanced_s83.json
abl_ce_con_1hidden_balanced,"One hidden layer, cross-entropy + contrastive",balanced,84,150,gpu,8,head,0.6058795013711376,0.6270360533346162,0.6058795013711376,0.6270360533346162,0.2995690993021094,0.2676899265753784,,,,,,,-0.12452669441699982,-0.07426509028300643,1.0,1.0,0.7555555555555555,0.27906976744186046,1.0,0.8421052631578947,0.797979797979798,0.4,0.17307692307692307,0.20512820512820512,Table 7,r2_batch/abl_ce_con_1hidden_balanced_s84.json
abl_ce_con_1hidden_balanced,"One hidden layer, cross-entropy + contrastive",balanced,85,150,gpu,8,head,0.5724673622546708,0.5678623040403429,0.5724673622546708,0.5678623040403429,0.41097484852746635,0.3333221621538815,,,,,,,-0.2120761126279831,0.13026165465513864,1.0,0.9908256880733946,0.8191489361702128,0.19083969465648856,1.0,0.7523809523809524,0.91,0.14285714285714285,0.34615384615384615,0.0,Table 7,r2_batch/abl_ce_con_1hidden_balanced_s85.json
abl_ce_con_1hidden_balanced,"One hidden layer, cross-entropy + contrastive",balanced,86,150,gpu,8,head,0.6687283117128984,0.6732412449241093,0.6687283117128984,0.6732412449241093,0.3362555350965527,0.26384000390255763,,,,,,,-0.20326544344425201,0.02111408665465812,1.0,0.9682080924855492,0.8253968253968254,0.6277372262773723,0.9585253456221198,0.9203539823008849,0.76,0.625,0.3333333333333333,0.0,Table 7,r2_batch/abl_ce_con_1hidden_balanced_s86.json
abl_ce_con_1hidden_balanced,"One hidden layer, cross-entropy + contrastive",balanced,87,150,gpu,8,head,0.5534249246463325,0.5420992821414293,0.5534249246463325,0.5420992821414293,0.4733549636979121,0.43714160915562666,,,,,,,-0.3493864834308624,0.23098686834176382,1.0,1.0,0.7584269662921348,0.1746031746031746,0.9629629629629629,0.411214953271028,0.7708333333333334,0.12727272727272726,0.7755102040816326,0.0,Table 7,r2_batch/abl_ce_con_1hidden_balanced_s87.json
abl_ce_con_1hidden_balanced,"One hidden layer, cross-entropy + contrastive",balanced,88,150,gpu,8,head,0.5469671303744145,0.5534903602596573,0.5469671303744145,0.5534903602596573,0.5451404657089339,0.5553065019994023,,,,,,,0.09981729090213776,0.13535896797354022,1.0,0.9617834394904459,0.6994535519125683,0.10317460317460317,1.0,0.9203539823008849,0.7708333333333334,0.17543859649122806,0.2916666666666667,0.0,Table 7,r2_batch/abl_ce_con_1hidden_balanced_s88.json
abl_ce_con_1hidden_balanced,"One hidden layer, cross-entropy + contrastive",balanced,89,150,gpu,8,head,0.6063205044277845,0.61328891498242,0.6063205044277845,0.61328891498242,0.3568962149182644,0.24125650020632808,,,,,,,-0.3887345492839813,0.14015598677926594,0.9990791896869244,1.0,0.6,0.4418604651162791,0.8768472906403941,0.8691588785046729,0.7216494845360825,0.3157894736842105,0.0,0.631578947368421,Table 7,r2_batch/abl_ce_con_1hidden_balanced_s89.json
abl_ce_con_1hidden_balanced,"One hidden layer, cross-entropy + contrastive",balanced,90,150,gpu,8,head,0.5943397970270401,0.5811067602426393,0.5943397970270401,0.5811067602426393,0.4957098400478437,0.4814403018721188,,,,,,,-0.026640167459845543,-0.04052967040075196,1.0,0.975609756097561,0.7288135593220338,0.6825396825396826,0.9946808510638298,0.8679245283018868,0.7244897959183674,0.375,0.0,0.0,Table 7,r2_batch/abl_ce_con_1hidden_balanced_s90.json
abl_ce_con_1hidden_balanced,"One hidden layer, cross-entropy + contrastive",balanced,91,150,gpu,8,head,0.5864581235536127,0.5968490898529044,0.5864581235536127,0.5968490898529044,0.5825196421572224,0.5923884964198424,,,,,,,0.2013239562511444,0.0534311326013671,1.0,1.0,0.6702702702702703,0.3684210526315789,0.9438202247191011,0.9629629629629629,0.78125,0.10909090909090909,0.4423076923076923,0.0,Table 7,r2_batch/abl_ce_con_1hidden_balanced_s91.json
head_none_proto,No head (both prototype terms; nearest global prototype),balanced,62,150,gpu,8,prototype,0.7016108007482186,0.7021728627774615,,,0.7016108007482186,0.7021728627774615,,,,,,,0.1049962118268013,0.29797041333383983,1.0,0.8516320474777448,0.8823529411764706,0.46153846153846156,0.9353233830845771,0.7757009345794392,0.7319587628865979,0.7272727272727273,0.7692307692307693,0.1794871794871795,"Tables 7, 9",r2_batch/head_none_proto_s62.json
head_none_proto,No head (both prototype terms; nearest global prototype),balanced,63,150,gpu,8,prototype,0.7199376602732138,0.7264959093235064,,,0.7199376602732138,0.7264959093235064,,,,,,,-0.3982791006565094,0.5645240154117346,1.0,0.8429003021148036,0.5418994413407822,0.6370967741935484,1.0,0.926605504587156,0.5510204081632653,0.8181818181818182,0.8367346938775511,0.325,"Tables 7, 9",r2_batch/head_none_proto_s63.json
head_none_proto,No head (both prototype terms; nearest global prototype),balanced,64,150,gpu,8,prototype,0.5982295836030889,0.6117249621913046,,,0.5982295836030889,0.6117249621913046,,,,,,,0.07948403060436249,0.4225297272205353,1.0,0.8885448916408669,0.776595744680851,0.46564885496183206,0.848780487804878,0.6666666666666666,0.8631578947368421,0.4107142857142857,0.20754716981132076,0.2564102564102564,"Tables 7, 9",r2_batch/head_none_proto_s64.json
head_none_proto,No head (both prototype terms; nearest global prototype),balanced,65,150,gpu,8,prototype,0.7140536350062819,0.7340868380515178,,,0.7140536350062819,0.7340868380515178,,,,,,,-0.15804901719093323,0.4466065460195144,1.0,0.8259493670886076,0.6758241758241759,0.7744360902255639,1.0,0.8584905660377359,0.6494845360824743,0.6909090909090909,0.4791666666666667,0.4722222222222222,"Tables 7, 9",r2_batch/head_none_proto_s65.json
head_none_proto,No head (both prototype terms; nearest global prototype),balanced,66,150,gpu,8,prototype,0.7133268459038254,0.7388134163492066,,,0.7133268459038254,0.7388134163492066,,,,,,,-0.18560855090618134,0.43918418925669456,1.0,0.8703170028818443,0.6894736842105263,0.75,0.9950248756218906,0.8571428571428571,0.6428571428571429,0.5714285714285714,0.5294117647058824,0.5142857142857142,"Tables 7, 9",r2_batch/head_none_proto_s66.json
head_none_proto,No head (both prototype terms; nearest global prototype),balanced,67,150,gpu,8,prototype,0.6249699848524243,0.6372545910472533,,,0.6249699848524243,0.6372545910472533,,,,,,,0.2106839418411255,0.49342044360107845,1.0,0.9910979228486647,0.7608695652173914,0.5223880597014925,0.8817204301075269,0.6464646464646465,0.8367346938775511,0.5454545454545454,0.44,0.0,"Tables 7, 9",r2_batch/head_none_proto_s67.json
head_none_proto,No head (both prototype terms; nearest global prototype),balanced,68,150,gpu,8,prototype,0.6488614602744457,0.6512739586612689,,,0.6488614602744457,0.6512739586612689,,,,,,,0.05703944340348244,0.45661156045065987,1.0,0.9492537313432836,0.7978142076502732,0.24812030075187969,0.9751243781094527,0.9391304347826087,0.5643564356435643,0.7090909090909091,0.5686274509803921,0.08823529411764706,"Tables 7, 9",r2_batch/head_none_proto_s68.json
head_none_proto,No head (both prototype terms; nearest global prototype),balanced,69,150,gpu,8,prototype,0.7605276805866104,0.7815215538863869,,,0.7605276805866104,0.7815215538863869,,,,,,,0.10956744104623795,0.3294385348757108,1.0,0.9269662921348315,0.6825396825396826,0.7122302158273381,1.0,0.9134615384615384,0.8080808080808081,0.625,0.7058823529411765,0.47058823529411764,"Tables 7, 9",r2_batch/head_none_proto_s69.json
head_none_proto,No head (both prototype terms; nearest global prototype),balanced,70,150,gpu,8,prototype,0.6733991270285353,0.6920827045748641,,,0.6733991270285353,0.6920827045748641,,,,,,,0.13404202461242676,0.4224518421623442,1.0,0.9093655589123867,0.7925531914893617,0.23622047244094488,0.9947368421052631,0.74,0.7731958762886598,0.6909090909090909,0.5625,0.3611111111111111,"Tables 7, 9",r2_batch/head_none_proto_s70.json
head_none_proto,No head (both prototype terms; nearest global prototype),balanced,71,150,gpu,8,prototype,0.6325149678915544,0.6395741587526336,,,0.6325149678915544,0.6395741587526336,,,,,,,-0.008101294748485088,0.5122608426544402,1.0,0.9351851851851852,0.7379679144385026,0.6535433070866141,0.9943820224719101,0.7864077669902912,0.48514851485148514,0.6,0.4166666666666667,0.08333333333333333,"Tables 7, 9",r2_batch/head_none_proto_s71.json
head_none_proto,No head (both prototype terms; nearest global prototype),balanced,72,150,gpu,8,prototype,0.645788488684667,0.645869041919728,,,0.645788488684667,0.645869041919728,,,,,,,-0.07138950377702713,0.6499783065583971,1.0,0.9537037037037037,0.536723163841808,0.59375,0.9894736842105263,0.8956521739130435,0.6736842105263158,0.5272727272727272,0.5918367346938775,0.05,"Tables 7, 9",r2_batch/head_none_proto_s72.json
head_none_proto,No head (both prototype terms; nearest global prototype),balanced,73,150,gpu,8,prototype,0.6549719525705109,0.6561933217537284,,,0.6549719525705109,0.6561933217537284,,,,,,,0.026190688833594322,0.18492866773158312,0.9991749174917492,0.8377581120943953,0.7528735632183908,0.6466165413533834,1.0,0.6495726495726496,0.7422680412371134,0.8727272727272727,0.23076923076923078,0.16216216216216217,"Tables 7, 9",r2_batch/head_none_proto_s73.json
head_none_proto,No head (both prototype terms; nearest global prototype),balanced,74,150,gpu,8,prototype,0.5712974824006781,0.5742194989281697,,,0.5712974824006781,0.5742194989281697,,,,,,,0.05604136362671852,0.3515873658988211,1.0,0.993920972644377,0.7195767195767195,0.3359375,0.9576719576719577,0.7272727272727273,0.6666666666666666,0.6181818181818182,0.12244897959183673,0.0,"Tables 7, 9",r2_batch/head_none_proto_s74.json
head_none_proto,No head (both prototype terms; nearest global prototype),balanced,75,150,gpu,8,prototype,0.6554518368181197,0.656943021584465,,,0.6554518368181197,0.656943021584465,,,,,,,-0.2416679859161377,0.5625759876436658,1.0,0.9692307692307692,0.7103825136612022,0.578125,1.0,0.7962962962962963,0.6868686868686869,0.6071428571428571,0.5510204081632653,0.0,"Tables 7, 9",r2_batch/head_none_proto_s75.json
head_none_proto,No head (both prototype terms; nearest global prototype),balanced,76,150,gpu,8,prototype,0.6172161701847433,0.6297933526802195,,,0.6172161701847433,0.6297933526802195,,,,,,,0.2394716888666153,0.35040689839257133,1.0,0.794392523364486,0.7527472527472527,0.703125,0.949238578680203,0.8095238095238095,0.673469387755102,0.6071428571428571,0.2653061224489796,0.0,"Tables 7, 9",r2_batch/head_none_proto_s76.json
head_none_proto,No head (both prototype terms; nearest global prototype),balanced,77,150,gpu,8,prototype,0.6315526210723962,0.6389559619580654,,,0.6315526210723962,0.6389559619580654,,,,,,,-0.36823004484176636,0.6197572714752622,1.0,0.9539877300613497,0.6666666666666666,0.5691056910569106,0.9353233830845771,0.776595744680851,0.7938144329896907,0.6909090909090909,0.19230769230769232,0.10526315789473684,"Tables 7, 9",r2_batch/head_none_proto_s77.json
head_none_proto,No head (both prototype terms; nearest global prototype),balanced,78,150,gpu,8,prototype,0.609402900219938,0.6163380624495756,,,0.609402900219938,0.6163380624495756,,,,,,,0.17990253865718842,0.3532373441590203,1.0,0.8427299703264095,0.5916230366492147,0.6518518518518519,0.8258706467661692,0.8773584905660378,0.7010309278350515,0.5892857142857143,0.21568627450980393,0.1891891891891892,"Tables 7, 9",r2_batch/head_none_proto_s78.json
head_none_proto,No head (both prototype terms; nearest global prototype),balanced,79,150,gpu,8,prototype,0.6935437623960994,0.705103038812092,,,0.6935437623960994,0.705103038812092,,,,,,,0.07537300884723663,0.22057611557344595,1.0,0.6909090909090909,0.7849462365591398,0.6307692307692307,1.0,0.9038461538461539,0.8144329896907216,0.8181818181818182,0.2830188679245283,0.3157894736842105,"Tables 7, 9",r2_batch/head_none_proto_s79.json
head_none_proto,No head (both prototype terms; nearest global prototype),balanced,80,150,gpu,8,prototype,0.5565732639721267,0.5432164747872417,,,0.5565732639721267,0.5432164747872417,,,,,,,-0.10574337095022202,0.3810034026909206,1.0,0.9193083573487032,0.6906077348066298,0.35658914728682173,0.8911917098445595,0.7904761904761904,0.5656565656565656,0.6607142857142857,0.1346153846153846,0.0,"Tables 7, 9",r2_batch/head_none_proto_s80.json
head_none_proto,No head (both prototype terms; nearest global prototype),balanced,81,150,gpu,8,prototype,0.6202773296355147,0.6453026333885683,,,0.6202773296355147,0.6453026333885683,,,,,,,0.08051826804876328,0.5843037135071225,1.0,0.9882352941176471,0.675531914893617,0.32575757575757575,0.9401197604790419,0.7184466019417476,0.5670103092783505,0.6363636363636364,0.4489795918367347,0.28205128205128205,"Tables 7, 9",r2_batch/head_none_proto_s81.json
head_none_proto,No head (both prototype terms; nearest global prototype),balanced,82,150,gpu,8,prototype,0.7326079176804803,0.742911770534453,,,0.7326079176804803,0.742911770534453,,,,,,,0.10532470792531967,0.3449237193498347,1.0,0.9664634146341463,0.7431693989071039,0.4318181818181818,0.9333333333333333,0.9026548672566371,0.81,0.6909090909090909,0.5510204081632653,0.5641025641025641,"Tables 7, 9",r2_batch/head_none_proto_s82.json
head_none_proto,No head (both prototype terms; nearest global prototype),balanced,83,150,gpu,8,prototype,0.7048268394904257,0.670864114240775,,,0.7048268394904257,0.670864114240775,,,,,,,0.13584475219249725,0.36510455049574375,1.0,0.8507462686567164,0.601063829787234,0.7803030303030303,0.783068783068783,0.7452830188679245,0.6534653465346535,0.7321428571428571,0.25,0.9473684210526315,"Tables 7, 9",r2_batch/head_none_proto_s83.json
head_none_proto,No head (both prototype terms; nearest global prototype),balanced,84,150,gpu,8,prototype,0.6211193996756891,0.6347283161662989,,,0.6211193996756891,0.6347283161662989,,,,,,,0.09511039406061172,0.4631089087989595,1.0,0.9755351681957186,0.7833333333333333,0.5193798449612403,0.6269430051813472,0.9210526315789473,0.6767676767676768,0.4909090909090909,0.21153846153846154,0.38461538461538464,"Tables 7, 9",r2_batch/head_none_proto_s84.json
head_none_proto,No head (both prototype terms; nearest global prototype),balanced,85,150,gpu,8,prototype,0.6259100727847323,0.6035042683494571,,,0.6259100727847323,0.6035042683494571,,,,,,,0.09716198593378067,0.5527517365084754,1.0,0.9877675840978594,0.8138297872340425,0.10687022900763359,0.696969696969697,0.8666666666666667,0.47,0.8214285714285714,0.7307692307692307,0.1388888888888889,"Tables 7, 9",r2_batch/head_none_proto_s85.json
head_none_proto,No head (both prototype terms; nearest global prototype),balanced,86,150,gpu,8,prototype,0.6163919601772876,0.6314862487800617,,,0.6163919601772876,0.6314862487800617,,,,,,,0.08144031465053558,0.36779311133755577,1.0,0.7514450867052023,0.7777777777777778,0.6423357664233577,0.9631336405529954,0.45132743362831856,0.4,0.7142857142857143,0.4583333333333333,0.3888888888888889,"Tables 7, 9",r2_batch/head_none_proto_s86.json
head_none_proto,No head (both prototype terms; nearest global prototype),balanced,87,150,gpu,8,prototype,0.6664096769324928,0.6644769064384508,,,0.6664096769324928,0.6644769064384508,,,,,,,-0.21099703013896942,0.5027601222197214,1.0,0.9380530973451328,0.6460674157303371,0.35714285714285715,1.0,0.719626168224299,0.84375,0.6181818181818182,0.7959183673469388,0.07894736842105263,"Tables 7, 9",r2_batch/head_none_proto_s87.json
head_none_proto,No head (both prototype terms; nearest global prototype),balanced,88,150,gpu,8,prototype,0.6997798300803739,0.724338153616934,,,0.6997798300803739,0.724338153616934,,,,,,,0.014714679680764675,0.4676254441340764,0.9991386735572783,0.9745222929936306,0.7868852459016393,0.5714285714285714,1.0,0.8849557522123894,0.78125,0.7017543859649122,0.2916666666666667,0.3055555555555556,"Tables 7, 9",r2_batch/head_none_proto_s88.json
head_none_proto,No head (both prototype terms; nearest global prototype),balanced,89,150,gpu,8,prototype,0.625313188595743,0.6474043312989269,,,0.625313188595743,0.6474043312989269,,,,,,,0.14424359798431396,0.42621028754446244,1.0,0.7701492537313432,0.6,0.5736434108527132,0.8768472906403941,0.6542056074766355,0.711340206185567,0.5964912280701754,0.1346153846153846,0.7105263157894737,"Tables 7, 9",r2_batch/head_none_proto_s89.json
head_none_proto,No head (both prototype terms; nearest global prototype),balanced,90,150,gpu,8,prototype,0.6619529618945417,0.6718805110552966,,,0.6619529618945417,0.6718805110552966,,,,,,,0.07808806747198105,0.3454160822762383,1.0,0.9115853658536586,0.7796610169491526,0.6587301587301587,1.0,0.6037735849056604,0.673469387755102,0.7678571428571429,0.4791666666666667,0.08333333333333333,"Tables 7, 9",r2_batch/head_none_proto_s90.json
head_none_proto,No head (both prototype terms; nearest global prototype),balanced,91,150,gpu,8,prototype,0.6764033595868734,0.6888140397914371,,,0.6764033595868734,0.6888140397914371,,,,,,,-0.05443243309855461,0.6617207560274336,1.0,0.9823008849557522,0.7243243243243244,0.3609022556390977,0.9662921348314607,0.8240740740740741,0.6770833333333334,0.6363636363636364,0.7692307692307693,0.14705882352941177,"Tables 7, 9",r2_batch/head_none_proto_s91.json
head_local,Local heads never averaged (both prototype terms; nearest global prototype),balanced,62,150,gpu,8,prototype,0.5672976547416623,0.5366294571231259,,,0.5672976547416623,0.5366294571231259,0.9538461538461538,,,,,,0.037674594670534134,0.18641797380728853,1.0,0.7566765578635015,0.8770053475935828,0.03076923076923077,0.8855721393034826,0.7102803738317757,0.4845360824742268,0.7454545454545455,0.6153846153846154,0.0,Table 7,r2_batch/head_local_s62.json
head_local,Local heads never averaged (both prototype terms; nearest global prototype),balanced,63,150,gpu,8,prototype,0.5422697648665061,0.5468591797641036,,,0.5422697648665061,0.5468591797641036,1.0,,,,,,-0.4424762427806854,0.6967716068029404,1.0,0.797583081570997,0.41899441340782123,0.6290322580645161,1.0,0.6055045871559633,0.32653061224489793,0.32727272727272727,0.7755102040816326,0.0,Table 7,r2_batch/head_local_s63.json
head_local,Local heads never averaged (both prototype terms; nearest global prototype),balanced,64,150,gpu,8,prototype,0.4540939444371038,0.4652505898859221,,,0.4540939444371038,0.4652505898859221,0.9672514619883041,,,,,,-0.052098777145147324,0.5621832840972476,1.0,0.8885448916408669,0.6595744680851063,0.48854961832061067,0.8439024390243902,0.5050505050505051,0.35789473684210527,0.26785714285714285,0.07547169811320754,0.0,Table 7,r2_batch/head_local_s64.json
head_local,Local heads never averaged (both prototype terms; nearest global prototype),balanced,65,150,gpu,8,prototype,0.712209136720356,0.7190381242214737,,,0.712209136720356,0.7190381242214737,0.9046222248541836,,,,,,-0.11412706226110458,0.4525397527549002,1.0,0.7879746835443038,0.6593406593406593,0.7744360902255639,1.0,0.8207547169811321,0.6288659793814433,0.7454545454545455,0.5208333333333334,0.4722222222222222,Table 7,r2_batch/head_local_s65.json
head_local,Local heads never averaged (both prototype terms; nearest global prototype),balanced,66,150,gpu,8,prototype,0.6534291598905265,0.6754518107229095,,,0.6534291598905265,0.6754518107229095,0.9258492285803209,,,,,,-0.1133149117231369,0.46929673064086175,1.0,0.8731988472622478,0.6526315789473685,0.6764705882352942,1.0,0.8476190476190476,0.6122448979591837,0.5178571428571429,0.5294117647058824,0.17142857142857143,Table 7,r2_batch/head_local_s66.json
head_local,Local heads never averaged (both prototype terms; nearest global prototype),balanced,67,150,gpu,8,prototype,0.5701862576810266,0.5849968511358014,,,0.5701862576810266,0.5849968511358014,0.9861111111111112,,,,,,0.1520877182483673,0.33135587722063065,1.0,0.8338278931750742,0.7119565217391305,0.6791044776119403,0.8817204301075269,0.43434343434343436,0.5816326530612245,0.509090909090909,0.5,0.0,Table 7,r2_batch/head_local_s67.json
head_local,Local heads never averaged (both prototype terms; nearest global prototype),balanced,68,150,gpu,8,prototype,0.6621165856245215,0.6686036091364138,,,0.6621165856245215,0.6686036091364138,0.9375545312417004,,,,,,-0.07159121334552765,0.5681392997503281,1.0,0.7850746268656716,0.8579234972677595,0.3609022556390977,1.0,0.782608695652174,0.5445544554455446,0.6181818181818182,0.5686274509803921,0.4411764705882353,Table 7,r2_batch/head_local_s68.json
head_local,Local heads never averaged (both prototype terms; nearest global prototype),balanced,69,150,gpu,8,prototype,0.6207474563568012,0.6441319056588982,,,0.6207474563568012,0.6441319056588982,0.9957264957264957,,,,,,-0.09403496980667114,0.3799128333727519,1.0,0.8764044943820225,0.656084656084656,0.697841726618705,0.9947643979057592,0.5865384615384616,0.5555555555555556,0.6607142857142857,0.5294117647058824,0.029411764705882353,Table 7,r2_batch/head_local_s69.json
head_local,Local heads never averaged (both prototype terms; nearest global prototype),balanced,70,150,gpu,8,prototype,0.5958099628259971,0.6041818437634286,,,0.5958099628259971,0.6041818437634286,0.9994152046783626,,,,,,0.13035286962985992,0.39318069794939625,1.0,0.8731117824773413,0.7393617021276596,0.2677165354330709,0.9947368421052631,0.79,0.7319587628865979,0.6181818181818182,0.2916666666666667,0.05555555555555555,Table 7,r2_batch/head_local_s70.json
head_local,Local heads never averaged (both prototype terms; nearest global prototype),balanced,71,150,gpu,8,prototype,0.5831103588161562,0.5802360243164727,,,0.5831103588161562,0.5802360243164727,0.9767221360120656,,,,,,0.03687506914138794,0.41327680005795425,1.0,0.9012345679012346,0.7700534759358288,0.6456692913385826,0.9943820224719101,0.6893203883495146,0.42574257425742573,0.509090909090909,0.3125,0.0,Table 7,r2_batch/head_local_s71.json
head_local,Local heads never averaged (both prototype terms; nearest global prototype),balanced,72,150,gpu,8,prototype,0.6157770806262222,0.6143570722784664,,,0.6157770806262222,0.6143570722784664,0.9949934123847167,,,,,,-0.11052509397268295,0.6583622031741672,1.0,0.9135802469135802,0.5028248587570622,0.4921875,1.0,0.8434782608695652,0.6526315789473685,0.5454545454545454,0.5918367346938775,0.0,Table 7,r2_batch/head_local_s72.json
head_local,Local heads never averaged (both prototype terms; nearest global prototype),balanced,73,150,gpu,8,prototype,0.673739297925362,0.6672050056537284,,,0.673739297925362,0.6672050056537284,0.9089462182245688,,,,,,0.037009064108133316,0.1907535135332081,0.9991749174917492,0.8436578171091446,0.7413793103448276,0.5714285714285714,1.0,0.41025641025641024,0.8144329896907216,0.8727272727272727,0.2692307692307692,0.5405405405405406,Table 7,r2_batch/head_local_s73.json
head_local,Local heads never averaged (both prototype terms; nearest global prototype),balanced,74,150,gpu,8,prototype,0.5292231836647786,0.5503442558635567,,,0.5292231836647786,0.5503442558635567,0.9988776655443322,,,,,,-0.16536617279052734,0.5441365324788623,0.99933598937583,0.9635258358662614,0.6878306878306878,0.4609375,0.9576719576719577,0.7272727272727273,0.45454545454545453,0.2,0.061224489795918366,0.25,Table 7,r2_batch/head_local_s74.json
head_local,Local heads never averaged (both prototype terms; nearest global prototype),balanced,75,150,gpu,8,prototype,0.6398000766141705,0.6402780749939392,,,0.6398000766141705,0.6402780749939392,0.9908243463343646,,,,,,-0.1635524332523346,0.4823604929778311,1.0,0.9230769230769231,0.6885245901639344,0.5703125,0.9952380952380953,0.7870370370370371,0.6868686868686869,0.6785714285714286,0.42857142857142855,0.0,Table 7,r2_batch/head_local_s75.json
head_local,Local heads never averaged (both prototype terms; nearest global prototype),balanced,76,150,gpu,8,prototype,0.5655625392710859,0.5626405420087426,,,0.5655625392710859,0.5626405420087426,0.9972222222222222,,,,,,0.18971437215805054,0.2767077873771389,1.0,0.7881619937694704,0.6758241758241759,0.6953125,0.9035532994923858,0.7619047619047619,0.673469387755102,0.5714285714285714,0.02040816326530612,0.0,Table 7,r2_batch/head_local_s76.json
head_local,Local heads never averaged (both prototype terms; nearest global prototype),balanced,77,150,gpu,8,prototype,0.5912586251764592,0.597261226581906,,,0.5912586251764592,0.597261226581906,0.9988545246277205,,,,,,-0.2808495759963989,0.5215926501486037,1.0,0.9478527607361963,0.6613756613756614,0.45528455284552843,0.845771144278607,0.7127659574468085,0.6701030927835051,0.5818181818181818,0.28846153846153844,0.15789473684210525,Table 7,r2_batch/head_local_s77.json
head_local,Local heads never averaged (both prototype terms; nearest global prototype),balanced,78,150,gpu,8,prototype,0.5547123656153548,0.5517837621186291,,,0.5547123656153548,0.5517837621186291,0.9991769547325102,,,,,,0.113376684486866,0.2609621377454864,1.0,0.8427299703264095,0.5235602094240838,0.6814814814814815,0.8258706467661692,0.7547169811320755,0.5154639175257731,0.5714285714285714,0.19607843137254902,0.08108108108108109,Table 7,r2_batch/head_local_s78.json
head_local,Local heads never averaged (both prototype terms; nearest global prototype),balanced,79,150,gpu,8,prototype,0.6512515234912314,0.6524090881202417,,,0.6512515234912314,0.6524090881202417,0.9697360914550267,,,,,,0.11712058633565903,0.16866345331072807,1.0,0.6575757575757576,0.7849462365591398,0.6307692307692307,1.0,0.8557692307692307,0.711340206185567,0.8181818181818182,0.11320754716981132,0.2894736842105263,Table 7,r2_batch/head_local_s79.json
head_local,Local heads never averaged (both prototype terms; nearest global prototype),balanced,80,150,gpu,8,prototype,0.44328112082791027,0.4482170052413486,,,0.44328112082791027,0.4482170052413486,1.0,,,,,,-0.1055697500705719,0.5375603404310014,1.0,0.6858789625360231,0.5524861878453039,0.35658914728682173,0.6321243523316062,0.6761904761904762,0.5656565656565656,0.48214285714285715,0.038461538461538464,0.0,Table 7,r2_batch/head_local_s80.json
head_local,Local heads never averaged (both prototype terms; nearest global prototype),balanced,81,150,gpu,8,prototype,0.5591785310659341,0.5630785858426695,,,0.5591785310659341,0.5630785858426695,0.9753004790998712,,,,,,0.05366850644350052,0.5224361022313436,0.9989384288747346,0.788235294117647,0.6170212765957447,0.4166666666666667,1.0,0.5048543689320388,0.5773195876288659,0.6727272727272727,0.12244897959183673,0.3333333333333333,Table 7,r2_batch/head_local_s81.json
head_local,Local heads never averaged (both prototype terms; nearest global prototype),balanced,82,150,gpu,8,prototype,0.6196340142442031,0.6179904677240495,,,0.6196340142442031,0.6179904677240495,0.9821708506411413,,,,,,-0.11741961538791656,0.3759684980743461,1.0,0.7164634146341463,0.7540983606557377,0.4318181818181818,0.9333333333333333,0.7168141592920354,0.46,0.41818181818181815,0.5306122448979592,0.6153846153846154,Table 7,r2_batch/head_local_s82.json
head_local,Local heads never averaged (both prototype terms; nearest global prototype),balanced,83,150,gpu,8,prototype,0.6678269316731946,0.6255271362203545,,,0.6678269316731946,0.6255271362203545,0.9994089834515366,,,,,,0.021689221262931824,0.391535707982257,1.0,0.8597014925373134,0.4574468085106383,0.7727272727272727,0.9206349206349206,0.6698113207547169,0.5544554455445545,0.7321428571428571,0.09615384615384616,0.9473684210526315,Table 7,r2_batch/head_local_s83.json
head_local,Local heads never averaged (both prototype terms; nearest global prototype),balanced,84,150,gpu,8,prototype,0.567923615793576,0.56359201467776,,,0.567923615793576,0.56359201467776,0.9955106621773288,,,,,,0.05356767401099205,0.3930805027484894,1.0,0.8929663608562691,0.6888888888888889,0.6666666666666666,0.8082901554404145,0.7982456140350878,0.6767676767676768,0.4,0.15384615384615385,0.02564102564102564,Table 7,r2_batch/head_local_s84.json
head_local,Local heads never averaged (both prototype terms; nearest global prototype),balanced,85,150,gpu,8,prototype,0.6237800522766169,0.6056783024043576,,,0.6237800522766169,0.6056783024043576,0.9842616153048724,,,,,,0.11253800988197327,0.5383120046721565,1.0,0.9663608562691132,0.7978723404255319,0.45038167938931295,0.696969696969697,0.8095238095238095,0.43,0.7321428571428571,0.7307692307692307,0.0,Table 7,r2_batch/head_local_s85.json
head_local,Local heads never averaged (both prototype terms; nearest global prototype),balanced,86,150,gpu,8,prototype,0.5495509361353835,0.5729939668190492,,,0.5495509361353835,0.5729939668190492,0.9904491275052223,,,,,,0.06919076293706894,0.2403012236787213,1.0,0.7601156069364162,0.6931216931216931,0.6058394160583942,0.9631336405529954,0.45132743362831856,0.4,0.35714285714285715,0.6041666666666666,0.1111111111111111,Table 7,r2_batch/head_local_s86.json
head_local,Local heads never averaged (both prototype terms; nearest global prototype),balanced,87,150,gpu,8,prototype,0.6355419001199961,0.6176602832782723,,,0.6355419001199961,0.6176602832782723,0.9993757802746567,,,,,,-0.11715596169233322,0.5212753597233031,1.0,0.9410029498525073,0.6573033707865169,0.3492063492063492,0.9735449735449735,0.7383177570093458,0.8645833333333334,0.4,0.7959183673469388,0.0,Table 7,r2_batch/head_local_s87.json
head_local,Local heads never averaged (both prototype terms; nearest global prototype),balanced,88,150,gpu,8,prototype,0.5474289259523126,0.5416582802017074,,,0.5474289259523126,0.5416582802017074,1.0,,,,,,-0.0008940139668993652,0.3347063453661071,1.0,0.8248407643312102,0.6557377049180327,0.5952380952380952,1.0,0.5398230088495575,0.65625,0.543859649122807,0.08333333333333333,0.027777777777777776,Table 7,r2_batch/head_local_s88.json
head_local,Local heads never averaged (both prototype terms; nearest global prototype),balanced,89,150,gpu,8,prototype,0.6110603146346,0.629694396226399,,,0.6110603146346,0.629694396226399,1.0,,,,,,0.13077229261398315,0.3996531814336777,1.0,0.7850746268656716,0.6368421052631579,0.6046511627906976,0.8768472906403941,0.5327102803738317,0.7216494845360825,0.5614035087719298,0.09615384615384616,0.6842105263157895,Table 7,r2_batch/head_local_s89.json
head_local,Local heads never averaged (both prototype terms; nearest global prototype),balanced,90,150,gpu,8,prototype,0.614937657690621,0.6352870924950158,,,0.614937657690621,0.6352870924950158,1.0,,,,,,0.1709270477294922,0.31751582502490944,1.0,0.8902439024390244,0.7175141242937854,0.6428571428571429,1.0,0.5943396226415094,0.6428571428571429,0.5535714285714286,0.2708333333333333,0.2222222222222222,Table 7,r2_batch/head_local_s90.json
head_local,Local heads never averaged (both prototype terms; nearest global prototype),balanced,91,150,gpu,8,prototype,0.5390690496266048,0.5622539160647125,,,0.5390690496266048,0.5622539160647125,0.9815560546117938,,,,,,-0.19187308847904205,0.47641754895448685,1.0,0.8702064896755162,0.6054054054054054,0.21804511278195488,0.9887640449438202,0.8240740740740741,0.6145833333333334,0.2,0.4423076923076923,0.08823529411764706,Table 7,r2_batch/head_local_s91.json
fedgh_tied_homog3_Conch_v15,FedGH head rule on the homogeneous three-group CONCH control,balanced,62,150,gpu,8,,0.7099627846504399,0.7251915561853006,,,,,,,,,,,,,,0.9050445103857567,0.8074866310160428,0.2230769230769231,1.0,0.9626168224299065,0.8762886597938144,0.7818181818181819,0.2692307692307692,0.5641025641025641,"Table 9, Section V-E text",r2_batch/fedgh_tied_homog3_Conch_v15_s62.json
fedgh_tied_homog3_Conch_v15,FedGH head rule on the homogeneous three-group CONCH control,balanced,63,150,gpu,8,,0.8485927648498441,0.8725625158019121,,,,,,,,,,,,,,0.9969788519637462,0.6983240223463687,0.6370967741935484,1.0,0.981651376146789,0.9795918367346939,0.8181818181818182,0.7755102040816326,0.75,"Table 9, Section V-E text",r2_batch/fedgh_tied_homog3_Conch_v15_s63.json
fedgh_tied_homog3_Conch_v15,FedGH head rule on the homogeneous three-group CONCH control,balanced,64,150,gpu,8,,0.7146465413539036,0.7363253360939841,,,,,,,,,,,,,,0.8947368421052632,0.8297872340425532,0.22137404580152673,0.9951219512195122,0.9696969696969697,0.8947368421052632,0.6607142857142857,0.4528301886792453,0.5128205128205128,"Table 9, Section V-E text",r2_batch/fedgh_tied_homog3_Conch_v15_s64.json
fedgh_tied_homog3_Conch_v15,FedGH head rule on the homogeneous three-group CONCH control,balanced,65,150,gpu,8,,0.7842252724273299,0.8085745040564712,,,,,,,,,,,,,,0.9145569620253164,0.6208791208791209,0.7744360902255639,1.0,0.9622641509433962,0.845360824742268,0.8363636363636363,0.5208333333333334,0.5833333333333334,"Table 9, Section V-E text",r2_batch/fedgh_tied_homog3_Conch_v15_s65.json
fedgh_tied_homog3_Conch_v15,FedGH head rule on the homogeneous three-group CONCH control,balanced,66,150,gpu,8,,0.7280800073033241,0.7628324506913514,,,,,,,,,,,,,,0.9913544668587896,0.7052631578947368,0.5808823529411765,1.0,0.8952380952380953,0.8877551020408163,0.625,0.35294117647058826,0.5142857142857142,"Table 9, Section V-E text",r2_batch/fedgh_tied_homog3_Conch_v15_s66.json
fedgh_tied_homog3_Conch_v15,FedGH head rule on the homogeneous three-group CONCH control,balanced,67,150,gpu,8,,0.7351677896881331,0.7571266648280919,,,,,,,,,,,,,,0.9940652818991098,0.7336956521739131,0.26119402985074625,1.0,0.9595959595959596,0.8979591836734694,0.8,0.52,0.45,"Table 9, Section V-E text",r2_batch/fedgh_tied_homog3_Conch_v15_s67.json
fedgh_tied_homog3_Conch_v15,FedGH head rule on the homogeneous three-group CONCH control,balanced,68,150,gpu,8,,0.7637208239599982,0.7762644578530306,,,,,,,,,,,,,,0.9462686567164179,0.9016393442622951,0.18796992481203006,1.0,0.9826086956521739,0.900990099009901,0.8363636363636363,0.5294117647058824,0.5882352941176471,"Table 9, Section V-E text",r2_batch/fedgh_tied_homog3_Conch_v15_s68.json
fedgh_tied_homog3_Conch_v15,FedGH head rule on the homogeneous three-group CONCH control,balanced,69,150,gpu,8,,0.7665925201081875,0.7928594124656022,,,,,,,,,,,,,,0.9213483146067416,0.798941798941799,0.4748201438848921,0.9947643979057592,1.0,0.9191919191919192,0.8392857142857143,0.39215686274509803,0.5588235294117647,"Table 9, Section V-E text",r2_batch/fedgh_tied_homog3_Conch_v15_s69.json
fedgh_tied_homog3_Conch_v15,FedGH head rule on the homogeneous three-group CONCH control,balanced,70,150,gpu,8,,0.7582499303958009,0.775367510509056,,,,,,,,,,,,,,0.9365558912386707,0.9414893617021277,0.33070866141732286,0.9947368421052631,0.99,0.8350515463917526,0.7818181818181819,0.5416666666666666,0.4722222222222222,"Table 9, Section V-E text",r2_batch/fedgh_tied_homog3_Conch_v15_s70.json
fedgh_tied_homog3_Conch_v15,FedGH head rule on the homogeneous three-group CONCH control,balanced,71,150,gpu,8,,0.7194296964949441,0.7464703877610335,,,,,,,,,,,,,,1.0,0.8128342245989305,0.33070866141732286,1.0,1.0,0.9306930693069307,0.4909090909090909,0.5208333333333334,0.3888888888888889,"Table 9, Section V-E text",r2_batch/fedgh_tied_homog3_Conch_v15_s71.json
fedgh_tied_homog3_Conch_v15,FedGH head rule on the homogeneous three-group CONCH control,balanced,72,150,gpu,8,,0.7299457372973075,0.7504211243576536,,,,,,,,,,,,,,1.0,0.8418079096045198,0.28125,1.0,0.9304347826086956,0.9263157894736842,0.7090909090909091,0.5306122448979592,0.35,"Table 9, Section V-E text",r2_batch/fedgh_tied_homog3_Conch_v15_s72.json
fedgh_tied_homog3_Conch_v15,FedGH head rule on the homogeneous three-group CONCH control,balanced,73,150,gpu,8,,0.7177505902690082,0.725028573843844,,,,,,,,,,,,,,0.9233038348082596,0.8908045977011494,0.3308270676691729,1.0,0.9658119658119658,0.8556701030927835,0.8181818181818182,0.1346153846153846,0.5405405405405406,"Table 9, Section V-E text",r2_batch/fedgh_tied_homog3_Conch_v15_s73.json
fedgh_tied_homog3_Conch_v15,FedGH head rule on the homogeneous three-group CONCH control,balanced,74,150,gpu,8,,0.7108075374286114,0.7026908113767617,,,,,,,,,,,,,,0.9878419452887538,0.9206349206349206,0.0,1.0,0.9818181818181818,0.8484848484848485,0.8181818181818182,0.2653061224489796,0.575,"Table 9, Section V-E text",r2_batch/fedgh_tied_homog3_Conch_v15_s74.json
fedgh_tied_homog3_Conch_v15,FedGH head rule on the homogeneous three-group CONCH control,balanced,75,150,gpu,8,,0.709963887204487,0.7391820116026039,,,,,,,,,,,,,,0.9938461538461538,0.7486338797814208,0.453125,1.0,0.9351851851851852,0.9292929292929293,0.6964285714285714,0.40816326530612246,0.225,"Table 9, Section V-E text",r2_batch/fedgh_tied_homog3_Conch_v15_s75.json
fedgh_tied_homog3_Conch_v15,FedGH head rule on the homogeneous three-group CONCH control,balanced,76,150,gpu,8,,0.6956931543985116,0.7132840176447471,,,,,,,,,,,,,,1.0,0.6923076923076923,0.3359375,1.0,0.9809523809523809,0.9285714285714286,0.6964285714285714,0.10204081632653061,0.525,"Table 9, Section V-E text",r2_batch/fedgh_tied_homog3_Conch_v15_s76.json
fedgh_tied_homog3_Conch_v15,FedGH head rule on the homogeneous three-group CONCH control,balanced,77,150,gpu,8,,0.6438322285244842,0.6561366515775752,,,,,,,,,,,,,,0.99079754601227,0.6878306878306878,0.2764227642276423,1.0,0.9787234042553191,0.8144329896907216,0.6363636363636364,0.17307692307692307,0.23684210526315788,"Table 9, Section V-E text",r2_batch/fedgh_tied_homog3_Conch_v15_s77.json
fedgh_tied_homog3_Conch_v15,FedGH head rule on the homogeneous three-group CONCH control,balanced,78,150,gpu,8,,0.7232399168366582,0.7460261807043888,,,,,,,,,,,,,,0.9851632047477745,0.837696335078534,0.3851851851851852,1.0,0.9811320754716981,0.9278350515463918,0.5892857142857143,0.23529411764705882,0.5675675675675675,"Table 9, Section V-E text",r2_batch/fedgh_tied_homog3_Conch_v15_s78.json
fedgh_tied_homog3_Conch_v15,FedGH head rule on the homogeneous three-group CONCH control,balanced,79,150,gpu,8,,0.7686018959944513,0.7831466286323914,,,,,,,,,,,,,,0.793939393939394,0.7849462365591398,0.6384615384615384,1.0,1.0,0.8144329896907216,0.8727272727272727,0.4339622641509434,0.5789473684210527,"Table 9, Section V-E text",r2_batch/fedgh_tied_homog3_Conch_v15_s79.json
fedgh_tied_homog3_Conch_v15,FedGH head rule on the homogeneous three-group CONCH control,balanced,80,150,gpu,8,,0.7358229399824133,0.7432934818782329,,,,,,,,,,,,,,0.9711815561959655,0.8839779005524862,0.2868217054263566,0.9948186528497409,0.9714285714285714,0.8888888888888888,0.9107142857142857,0.34615384615384615,0.3684210526315789,"Table 9, Section V-E text",r2_batch/fedgh_tied_homog3_Conch_v15_s80.json
fedgh_tied_homog3_Conch_v15,FedGH head rule on the homogeneous three-group CONCH control,balanced,81,150,gpu,8,,0.7248912996889518,0.7487557372364576,,,,,,,,,,,,,,1.0,0.824468085106383,0.3409090909090909,1.0,0.9805825242718447,0.8556701030927835,0.8363636363636363,0.22448979591836735,0.46153846153846156,"Table 9, Section V-E text",r2_batch/fedgh_tied_homog3_Conch_v15_s81.json
fedgh_tied_homog3_Conch_v15,FedGH head rule on the homogeneous three-group CONCH control,balanced,82,150,gpu,8,,0.7331833574131775,0.7531143972091743,,,,,,,,,,,,,,0.9786585365853658,0.7868852459016393,0.25757575757575757,1.0,0.9734513274336283,0.91,0.7454545454545455,0.40816326530612246,0.5384615384615384,"Table 9, Section V-E text",r2_batch/fedgh_tied_homog3_Conch_v15_s82.json
fedgh_tied_homog3_Conch_v15,FedGH head rule on the homogeneous three-group CONCH control,balanced,83,150,gpu,8,,0.8282469878876071,0.8379480635879529,,,,,,,,,,,,,,0.9970149253731343,0.7606382978723404,0.5757575757575758,1.0,0.9716981132075472,0.8910891089108911,0.8035714285714286,0.4807692307692308,0.9736842105263158,"Table 9, Section V-E text",r2_batch/fedgh_tied_homog3_Conch_v15_s83.json
fedgh_tied_homog3_Conch_v15,FedGH head rule on the homogeneous three-group CONCH control,balanced,84,150,gpu,8,,0.6250681606046764,0.6354341807658757,,,,,,,,,,,,,,1.0,0.7666666666666667,0.31007751937984496,1.0,0.9210526315789473,0.8282828282828283,0.36363636363636365,0.0,0.4358974358974359,"Table 9, Section V-E text",r2_batch/fedgh_tied_homog3_Conch_v15_s84.json
fedgh_tied_homog3_Conch_v15,FedGH head rule on the homogeneous three-group CONCH control,balanced,85,150,gpu,8,,0.8193906055659865,0.8405079945437055,,,,,,,,,,,,,,0.9969418960244648,0.8138297872340425,0.40458015267175573,1.0,0.9523809523809523,0.92,0.9107142857142857,0.6538461538461539,0.7222222222222222,"Table 9, Section V-E text",r2_batch/fedgh_tied_homog3_Conch_v15_s85.json
fedgh_tied_homog3_Conch_v15,FedGH head rule on the homogeneous three-group CONCH control,balanced,86,150,gpu,8,,0.7478003321738469,0.7786643875176509,,,,,,,,,,,,,,0.9971098265895953,0.7936507936507936,0.35766423357664234,0.9953917050691244,0.9380530973451328,0.94,0.75,0.5416666666666666,0.4166666666666667,"Table 9, Section V-E text",r2_batch/fedgh_tied_homog3_Conch_v15_s86.json
fedgh_tied_homog3_Conch_v15,FedGH head rule on the homogeneous three-group CONCH control,balanced,87,150,gpu,8,,0.7999754432028232,0.8219591513748753,,,,,,,,,,,,,,1.0,0.651685393258427,0.5555555555555556,1.0,0.9439252336448598,0.84375,0.8181818181818182,0.7551020408163265,0.631578947368421,"Table 9, Section V-E text",r2_batch/fedgh_tied_homog3_Conch_v15_s87.json
fedgh_tied_homog3_Conch_v15,FedGH head rule on the homogeneous three-group CONCH control,balanced,88,150,gpu,8,,0.7267579236246249,0.7577426430372715,,,,,,,,,,,,,,0.9936305732484076,0.7814207650273224,0.373015873015873,1.0,0.9823008849557522,0.9166666666666666,0.7368421052631579,0.3958333333333333,0.3611111111111111,"Table 9, Section V-E text",r2_batch/fedgh_tied_homog3_Conch_v15_s88.json
fedgh_tied_homog3_Conch_v15,FedGH head rule on the homogeneous three-group CONCH control,balanced,89,150,gpu,8,,0.7557344478171669,0.7718427298310742,,,,,,,,,,,,,,0.9880597014925373,0.9157894736842105,0.10852713178294573,1.0,0.9906542056074766,0.9072164948453608,0.8245614035087719,0.46153846153846156,0.6052631578947368,"Table 9, Section V-E text",r2_batch/fedgh_tied_homog3_Conch_v15_s89.json
fedgh_tied_homog3_Conch_v15,FedGH head rule on the homogeneous three-group CONCH control,balanced,90,150,gpu,8,,0.7017870111469766,0.7178175585259695,,,,,,,,,,,,,,0.975609756097561,0.7231638418079096,0.6666666666666666,1.0,0.9622641509433962,0.8673469387755102,0.7321428571428571,0.16666666666666666,0.2222222222222222,"Table 9, Section V-E text",r2_batch/fedgh_tied_homog3_Conch_v15_s90.json
fedgh_tied_homog3_Conch_v15,FedGH head rule on the homogeneous three-group CONCH control,balanced,91,150,gpu,8,,0.7885157895655985,0.8136917751899755,,,,,,,,,,,,,,0.9911504424778761,0.8378378378378378,0.3609022556390977,0.9943820224719101,0.9537037037037037,0.9166666666666666,0.7818181818181819,0.7307692307692307,0.5294117647058824,"Table 9, Section V-E text",r2_batch/fedgh_tied_homog3_Conch_v15_s91.json
A_Conch_v15_linear,"Homogeneous CONCH v1.5, one linear projector (pre-specified control)",homogeneous,62,150,gpu,8,head,0.5081327201353871,0.4828574455835818,0.5081327201353871,0.4828574455835818,0.7862887489350895,0.7553521266720373,,,,,,,0.19349350035190582,nan,,1.0,0.8502673796791443,0.023076923076923078,0.9950248756218906,0.8504672897196262,0.6907216494845361,0.16363636363636364,0.0,0.0,"Tables 5, 6, 9, Fig. 2",r2_batch/A_Conch_v15_linear_s62.json
A_Conch_v15_linear,"Homogeneous CONCH v1.5, one linear projector (pre-specified control)",homogeneous,63,150,gpu,8,head,0.5135979748540854,0.4942924706919296,0.5135979748540854,0.4942924706919296,0.8048016415052093,0.7883719017912072,,,,,,,0.22127756476402283,nan,,1.0,0.7988826815642458,0.024193548387096774,1.0,0.8623853211009175,0.7551020408163265,0.18181818181818182,0.0,0.0,"Tables 5, 6, 9, Fig. 2",r2_batch/A_Conch_v15_linear_s63.json
A_Conch_v15_linear,"Homogeneous CONCH v1.5, one linear projector (pre-specified control)",homogeneous,64,150,gpu,8,head,0.5318315071250683,0.5024267278555138,0.5318315071250683,0.5024267278555138,0.8019318859110527,0.7801817084931302,,,,,,,0.22599747776985168,nan,,1.0,0.7712765957446809,0.05343511450381679,1.0,0.898989898989899,0.8842105263157894,0.17857142857142858,0.0,0.0,"Tables 5, 6, 9, Fig. 2",r2_batch/A_Conch_v15_linear_s64.json
A_Conch_v15_linear,"Homogeneous CONCH v1.5, one linear projector (pre-specified control)",homogeneous,65,150,gpu,8,head,0.48135978371238763,0.46484715967575546,0.48135978371238763,0.46484715967575546,0.7808927644815744,0.758393461360239,,,,,,,0.19830434024333954,nan,,1.0,0.8076923076923077,0.022556390977443608,1.0,0.660377358490566,0.6597938144329897,0.18181818181818182,0.0,0.0,"Tables 5, 6, 9, Fig. 2",r2_batch/A_Conch_v15_linear_s65.json
A_Conch_v15_linear,"Homogeneous CONCH v1.5, one linear projector (pre-specified control)",homogeneous,66,150,gpu,8,head,0.5250085841737328,0.5034415471365291,0.5250085841737328,0.5034415471365291,0.8203131532937121,0.7947009687902334,,,,,,,0.21893510222434998,nan,,0.9971181556195965,0.8052631578947368,0.022058823529411766,0.9950248756218906,0.8571428571428571,0.8163265306122449,0.23214285714285715,0.0,0.0,"Tables 5, 6, 9, Fig. 2",r2_batch/A_Conch_v15_linear_s66.json
A_Conch_v15_linear,"Homogeneous CONCH v1.5, one linear projector (pre-specified control)",homogeneous,67,150,gpu,8,head,0.5067428414636701,0.48822741333558717,0.5067428414636701,0.48822741333558717,0.8087250298001099,0.7841349505530651,,,,,,,0.23490208387374878,nan,,0.9940652818991098,0.782608695652174,0.1044776119402985,0.9946236559139785,0.7878787878787878,0.8061224489795918,0.09090909090909091,0.0,0.0,"Tables 5, 6, 9, Fig. 2",r2_batch/A_Conch_v15_linear_s67.json
A_Conch_v15_linear,"Homogeneous CONCH v1.5, one linear projector (pre-specified control)",homogeneous,68,150,gpu,8,head,0.5018299014248555,0.48262609941145596,0.5018299014248555,0.48262609941145596,0.799736616190883,0.7730580707050425,,,,,,,0.22949746251106262,nan,,0.9940298507462687,0.8469945355191257,0.03759398496240601,1.0,0.7217391304347827,0.7524752475247525,0.16363636363636364,0.0,0.0,"Tables 5, 6, 9, Fig. 2",r2_batch/A_Conch_v15_linear_s68.json
A_Conch_v15_linear,"Homogeneous CONCH v1.5, one linear projector (pre-specified control)",homogeneous,69,150,gpu,8,head,0.5463579636827425,0.528493567673007,0.5463579636827425,0.528493567673007,0.776386615565268,0.7516018763510129,,,,,,,0.2051347941160202,nan,,1.0,0.8042328042328042,0.02877697841726619,0.9895287958115183,0.9038461538461539,0.797979797979798,0.39285714285714285,0.0,0.0,"Tables 5, 6, 9, Fig. 2",r2_batch/A_Conch_v15_linear_s69.json
A_Conch_v15_linear,"Homogeneous CONCH v1.5, one linear projector (pre-specified control)",homogeneous,70,150,gpu,8,head,0.5507018684171039,0.5302946299614936,0.5507018684171039,0.5302946299614936,0.8102578873196538,0.7877047096294887,,,,,,,0.21476373076438904,nan,,0.9879154078549849,0.8882978723404256,0.10236220472440945,1.0,0.95,0.7731958762886598,0.2545454545454545,0.0,0.0,"Tables 5, 6, 9, Fig. 2",r2_batch/A_Conch_v15_linear_s70.json
A_Conch_v15_linear,"Homogeneous CONCH v1.5, one linear projector (pre-specified control)",homogeneous,71,150,gpu,8,head,0.45224487292215737,0.44991098314769207,0.45224487292215737,0.44991098314769207,0.7910302362678538,0.7648326761517095,,,,,,,0.20987960696220398,nan,,1.0,0.893048128342246,0.11023622047244094,1.0,0.46601941747572817,0.45544554455445546,0.14545454545454545,0.0,0.0,"Tables 5, 6, 9, Fig. 2",r2_batch/A_Conch_v15_linear_s71.json
A_Conch_v15_linear,"Homogeneous CONCH v1.5, one linear projector (pre-specified control)",homogeneous,72,150,gpu,8,head,0.5131946519976804,0.48948743677235157,0.5131946519976804,0.48948743677235157,0.7888161266022918,0.7680576249571269,,,,,,,0.2277962565422058,nan,,1.0,0.847457627118644,0.015625,1.0,0.8347826086956521,0.7368421052631579,0.16363636363636364,0.02040816326530612,0.0,"Tables 5, 6, 9, Fig. 2",r2_batch/A_Conch_v15_linear_s72.json
A_Conch_v15_linear,"Homogeneous CONCH v1.5, one linear projector (pre-specified control)",homogeneous,73,150,gpu,8,head,0.522873976624421,0.4943389372587321,0.522873976624421,0.4943389372587321,0.811026712049477,0.7899382967077934,,,,,,,0.23047009110450745,nan,,1.0,0.7701149425287356,0.0,1.0,0.8461538461538461,0.8350515463917526,0.2545454545454545,0.0,0.0,"Tables 5, 6, 9, Fig. 2",r2_batch/A_Conch_v15_linear_s73.json
A_Conch_v15_linear,"Homogeneous CONCH v1.5, one linear projector (pre-specified control)",homogeneous,74,150,gpu,8,head,0.4520723939126716,0.437741476231628,0.4520723939126716,0.437741476231628,0.797032100071086,0.7697669508006784,,,,,,,0.1981966197490692,nan,,1.0,0.783068783068783,0.0234375,0.9894179894179894,0.4727272727272727,0.7272727272727273,0.07272727272727272,0.0,0.0,"Tables 5, 6, 9, Fig. 2",r2_batch/A_Conch_v15_linear_s74.json
A_Conch_v15_linear,"Homogeneous CONCH v1.5, one linear projector (pre-specified control)",homogeneous,75,150,gpu,8,head,0.5014563464768382,0.49713710381969434,0.5014563464768382,0.49713710381969434,0.7821700386939946,0.7568992963850918,,,,,,,0.2179151177406311,nan,,0.9938461538461538,0.8524590163934426,0.09375,1.0,0.6944444444444444,0.6464646464646465,0.23214285714285715,0.0,0.0,"Tables 5, 6, 9, Fig. 2",r2_batch/A_Conch_v15_linear_s75.json
A_Conch_v15_linear,"Homogeneous CONCH v1.5, one linear projector (pre-specified control)",homogeneous,76,150,gpu,8,head,0.5215247797837084,0.493675317986743,0.5215247797837084,0.493675317986743,0.8080510201025055,0.7886806556243336,,,,,,,0.23442214727401733,nan,,1.0,0.8241758241758241,0.0078125,1.0,0.8285714285714286,0.8367346938775511,0.19642857142857142,0.0,0.0,"Tables 5, 6, 9, Fig. 2",r2_batch/A_Conch_v15_linear_s76.json
A_Conch_v15_linear,"Homogeneous CONCH v1.5, one linear projector (pre-specified control)",homogeneous,77,150,gpu,8,head,0.5279257582248325,0.5024225682902909,0.5279257582248325,0.5024225682902909,0.8204693965389275,0.7888492863330603,,,,,,,0.18341776728630066,nan,,0.9938650306748467,0.8201058201058201,0.008130081300813009,1.0,0.8936170212765957,0.7628865979381443,0.2727272727272727,0.0,0.0,"Tables 5, 6, 9, Fig. 2",r2_batch/A_Conch_v15_linear_s77.json
A_Conch_v15_linear,"Homogeneous CONCH v1.5, one linear projector (pre-specified control)",homogeneous,78,150,gpu,8,head,0.5105920345382502,0.49549025618641707,0.5105920345382502,0.49549025618641707,0.7900286717887204,0.7646621429740131,,,,,,,0.22283653914928436,nan,,0.9940652818991098,0.774869109947644,0.05925925925925926,1.0,0.8490566037735849,0.7216494845360825,0.19642857142857142,0.0,0.0,"Tables 5, 6, 9, Fig. 2",r2_batch/A_Conch_v15_linear_s78.json
A_Conch_v15_linear,"Homogeneous CONCH v1.5, one linear projector (pre-specified control)",homogeneous,79,150,gpu,8,head,0.5190274686699694,0.5100386095982105,0.5190274686699694,0.5100386095982105,0.7879917018241206,0.756680828665316,,,,,,,0.20384469628334045,nan,,0.9939393939393939,0.7365591397849462,0.03076923076923077,1.0,0.7980769230769231,0.6391752577319587,0.4727272727272727,0.0,0.0,"Tables 5, 6, 9, Fig. 2",r2_batch/A_Conch_v15_linear_s79.json
A_Conch_v15_linear,"Homogeneous CONCH v1.5, one linear projector (pre-specified control)",homogeneous,80,150,gpu,8,head,0.48577185898115727,0.4626231141077119,0.48577185898115727,0.4626231141077119,0.8098786611200749,0.7807144454485025,,,,,,,0.21001552045345306,nan,,0.9971181556195965,0.7955801104972375,0.015503875968992248,1.0,0.8380952380952381,0.6363636363636364,0.08928571428571429,0.0,0.0,"Tables 5, 6, 9, Fig. 2",r2_batch/A_Conch_v15_linear_s80.json
A_Conch_v15_linear,"Homogeneous CONCH v1.5, one linear projector (pre-specified control)",homogeneous,81,150,gpu,8,head,0.5107543077902571,0.5033072941699567,0.5107543077902571,0.5033072941699567,0.7857603851920191,0.7593263343788688,,,,,,,0.20112982392311096,nan,,1.0,0.851063829787234,0.03787878787878788,1.0,0.6019417475728155,0.7422680412371134,0.36363636363636365,0.0,0.0,"Tables 5, 6, 9, Fig. 2",r2_batch/A_Conch_v15_linear_s81.json
A_Conch_v15_linear,"Homogeneous CONCH v1.5, one linear projector (pre-specified control)",homogeneous,82,150,gpu,8,head,0.5259582646376703,0.4951016823702783,0.5259582646376703,0.4951016823702783,0.7875353794739693,0.7723738577377133,,,,,,,0.21530649065971375,nan,,1.0,0.8087431693989071,0.0,1.0,0.9026548672566371,0.82,0.18181818181818182,0.02040816326530612,0.0,"Tables 5, 6, 9, Fig. 2",r2_batch/A_Conch_v15_linear_s82.json
A_Conch_v15_linear,"Homogeneous CONCH v1.5, one linear projector (pre-specified control)",homogeneous,83,150,gpu,8,head,0.5075199740539519,0.46918775830790416,0.5075199740539519,0.46918775830790416,0.8102827865964451,0.7897124229379505,,,,,,,0.19696544110774994,nan,,1.0,0.9095744680851063,0.022727272727272728,1.0,0.8867924528301887,0.7128712871287128,0.03571428571428571,0.0,0.0,"Tables 5, 6, 9, Fig. 2",r2_batch/A_Conch_v15_linear_s83.json
A_Conch_v15_linear,"Homogeneous CONCH v1.5, one linear projector (pre-specified control)",homogeneous,84,150,gpu,8,head,0.4347465437836715,0.41874543513567797,0.4347465437836715,0.41874543513567797,0.7971203682736608,0.7756920490535052,,,,,,,0.25003549456596375,nan,,1.0,0.8888888888888888,0.06201550387596899,1.0,0.5789473684210527,0.0,0.36363636363636365,0.019230769230769232,0.0,"Tables 5, 6, 9, Fig. 2",r2_batch/A_Conch_v15_linear_s84.json
A_Conch_v15_linear,"Homogeneous CONCH v1.5, one linear projector (pre-specified control)",homogeneous,85,150,gpu,8,head,0.5116092536305303,0.4822762495672456,0.5116092536305303,0.4822762495672456,0.7788793396647041,0.7579351979039828,,,,,,,0.23349390923976898,nan,,1.0,0.8723404255319149,0.0,1.0,0.9142857142857143,0.55,0.26785714285714285,0.0,0.0,"Tables 5, 6, 9, Fig. 2",r2_batch/A_Conch_v15_linear_s85.json
A_Conch_v15_linear,"Homogeneous CONCH v1.5, one linear projector (pre-specified control)",homogeneous,86,150,gpu,8,head,0.5298364654463887,0.504829541738625,0.5298364654463887,0.504829541738625,0.8059330174873056,0.7812109877153582,,,,,,,0.2051638513803482,nan,,1.0,0.8465608465608465,0.021897810218978103,1.0,0.7522123893805309,0.88,0.26785714285714285,0.0,0.0,"Tables 5, 6, 9, Fig. 2",r2_batch/A_Conch_v15_linear_s86.json
A_Conch_v15_linear,"Homogeneous CONCH v1.5, one linear projector (pre-specified control)",homogeneous,87,150,gpu,8,head,0.5238638233885121,0.49998408229916497,0.5238638233885121,0.49998408229916497,0.7958113167345755,0.776499556381903,,,,,,,0.19467537105083466,nan,,1.0,0.8202247191011236,0.0,0.9947089947089947,0.8691588785046729,0.8125,0.21818181818181817,0.0,0.0,"Tables 5, 6, 9, Fig. 2",r2_batch/A_Conch_v15_linear_s87.json
A_Conch_v15_linear,"Homogeneous CONCH v1.5, one linear projector (pre-specified control)",homogeneous,88,150,gpu,8,head,0.49442197961226925,0.4536060010570913,0.49442197961226925,0.4536060010570913,0.8037640294255707,0.7835682444338545,,,,,,,0.21869520843029022,nan,,1.0,0.8688524590163934,0.007936507936507936,1.0,0.8230088495575221,0.75,0.0,0.0,0.0,"Tables 5, 6, 9, Fig. 2",r2_batch/A_Conch_v15_linear_s88.json
A_Conch_v15_linear,"Homogeneous CONCH v1.5, one linear projector (pre-specified control)",homogeneous,89,150,gpu,8,head,0.5014269590952949,0.4859145779633802,0.5014269590952949,0.4859145779633802,0.7843556252465751,0.7641195783275314,,,,,,,0.23905424773693085,nan,,1.0,0.8052631578947368,0.015503875968992248,1.0,0.7289719626168224,0.7525773195876289,0.21052631578947367,0.0,0.0,"Tables 5, 6, 9, Fig. 2",r2_batch/A_Conch_v15_linear_s89.json
A_Conch_v15_linear,"Homogeneous CONCH v1.5, one linear projector (pre-specified control)",homogeneous,90,150,gpu,8,head,0.5561206800522814,0.5531554276822093,0.5561206800522814,0.5531554276822093,0.7764964935571863,0.7558415815448143,,,,,,,0.21475628018379211,nan,,0.9939024390243902,0.807909604519774,0.047619047619047616,1.0,0.9716981132075472,0.6938775510204082,0.26785714285714285,0.0,0.2222222222222222,"Tables 5, 6, 9, Fig. 2",r2_batch/A_Conch_v15_linear_s90.json
A_Conch_v15_linear,"Homogeneous CONCH v1.5, one linear projector (pre-specified control)",homogeneous,91,150,gpu,8,head,0.5186254246195766,0.5034617946980506,0.5186254246195766,0.5034617946980506,0.8083466914653651,0.7858979628398948,,,,,,,0.22089235484600067,nan,,1.0,0.7945945945945946,0.015037593984962405,1.0,0.6481481481481481,0.7916666666666666,0.41818181818181815,0.0,0.0,"Tables 5, 6, 9, Fig. 2",r2_batch/A_Conch_v15_linear_s91.json
A_Conch_v15_3group_linear,"Homogeneous CONCH v1.5, three group-tied projectors",homogeneous,62,150,gpu,8,head,0.6660825042201339,0.6800090166767441,0.6660825042201339,0.6800090166767441,0.486404326355074,0.437806828203305,,,,,,,-0.20195694267749786,0.5206853979163699,1.0,0.9851632047477745,0.8128342245989305,0.3076923076923077,1.0,0.9345794392523364,0.8041237113402062,0.7272727272727273,0.19230769230769232,0.23076923076923078,"Tables 6, 9, Fig. 2",r2_batch/A_Conch_v15_3group_linear_s62.json
A_Conch_v15_3group_linear,"Homogeneous CONCH v1.5, three group-tied projectors",homogeneous,63,150,gpu,8,head,0.6969202841664955,0.7343121730064688,0.6969202841664955,0.7343121730064688,0.39679186443681225,0.31058047465772937,,,,,,,-0.3022785484790802,0.6207020841538906,1.0,1.0,0.664804469273743,0.5241935483870968,1.0,0.926605504587156,0.8061224489795918,0.34545454545454546,0.7551020408163265,0.25,"Tables 6, 9, Fig. 2",r2_batch/A_Conch_v15_3group_linear_s63.json
A_Conch_v15_3group_linear,"Homogeneous CONCH v1.5, three group-tied projectors",homogeneous,64,150,gpu,8,head,0.5832753875918895,0.5683882784486217,0.5832753875918895,0.5683882784486217,0.4110666785104329,0.3784118869067073,,,,,,,-0.11056527495384216,0.4490802254941728,1.0,0.9473684210526315,0.776595744680851,0.19083969465648856,0.9951219512195122,0.9090909090909091,0.8526315789473684,0.125,0.4528301886792453,0.0,"Tables 6, 9, Fig. 2",r2_batch/A_Conch_v15_3group_linear_s64.json
A_Conch_v15_3group_linear,"Homogeneous CONCH v1.5, three group-tied projectors",homogeneous,65,150,gpu,8,head,0.652183358840551,0.6670884250126394,0.652183358840551,0.6670884250126394,0.3768083836857023,0.3136717460117612,,,,,,,-0.16127008199691772,0.3411285877227783,1.0,0.9493670886075949,0.6483516483516484,0.7744360902255639,1.0,0.7735849056603774,0.5773195876288659,0.7090909090909091,0.4375,0.0,"Tables 6, 9, Fig. 2",r2_batch/A_Conch_v15_3group_linear_s65.json
A_Conch_v15_3group_linear,"Homogeneous CONCH v1.5, three group-tied projectors",homogeneous,66,150,gpu,8,head,0.6317388610060874,0.6439245407945436,0.6317388610060874,0.6439245407945436,0.6725853200828589,0.6992712582641504,,,,,,,-0.19176948070526123,0.6105735566880968,1.0,0.9855907780979827,0.6947368421052632,0.6470588235294118,1.0,0.9047619047619048,0.7142857142857143,0.5,0.0392156862745098,0.2,"Tables 6, 9, Fig. 2",r2_batch/A_Conch_v15_3group_linear_s66.json
A_Conch_v15_3group_linear,"Homogeneous CONCH v1.5, three group-tied projectors",homogeneous,67,150,gpu,8,head,0.668696717558951,0.6710343245503281,0.668696717558951,0.6710343245503281,0.3455551015441156,0.27527244503661996,,,,,,,-0.10389912873506546,0.4768941236866845,1.0,0.9940652818991098,0.7717391304347826,0.5671641791044776,0.9946236559139785,0.8080808080808081,0.8571428571428571,0.5454545454545454,0.48,0.0,"Tables 6, 9, Fig. 2",r2_batch/A_Conch_v15_3group_linear_s67.json
A_Conch_v15_3group_linear,"Homogeneous CONCH v1.5, three group-tied projectors",homogeneous,68,150,gpu,8,head,0.619843673628974,0.637811840706139,0.619843673628974,0.637811840706139,0.6695243521354306,0.6711901193472924,,,,,,,-0.09710093587636948,0.6093283494313558,1.0,0.9641791044776119,0.9180327868852459,0.05263157894736842,1.0,0.7913043478260869,0.6039603960396039,0.5818181818181818,0.49019607843137253,0.17647058823529413,"Tables 6, 9, Fig. 2",r2_batch/A_Conch_v15_3group_linear_s68.json
A_Conch_v15_3group_linear,"Homogeneous CONCH v1.5, three group-tied projectors",homogeneous,69,150,gpu,8,head,0.6632308362426318,0.6880741405801749,0.6632308362426318,0.6880741405801749,0.6923672057505406,0.701968115359667,,,,,,,-0.14978845417499542,0.32455306086275315,1.0,0.9747191011235955,0.7566137566137566,0.6187050359712231,0.9947643979057592,0.7788461538461539,0.696969696969697,0.7857142857142857,0.3333333333333333,0.029411764705882353,"Tables 6, 9, Fig. 2",r2_batch/A_Conch_v15_3group_linear_s69.json
A_Conch_v15_3group_linear,"Homogeneous CONCH v1.5, three group-tied projectors",homogeneous,70,150,gpu,8,head,0.6515401947474625,0.6764147863445316,0.6515401947474625,0.6764147863445316,0.3957473712448182,0.35602371291295204,,,,,,,-0.10718513280153275,0.46957431236902875,1.0,0.9697885196374623,0.8617021276595744,0.1968503937007874,0.9947368421052631,0.82,0.8350515463917526,0.34545454545454546,0.4791666666666667,0.3611111111111111,"Tables 6, 9, Fig. 2",r2_batch/A_Conch_v15_3group_linear_s70.json
A_Conch_v15_3group_linear,"Homogeneous CONCH v1.5, three group-tied projectors",homogeneous,71,150,gpu,8,head,0.64241682083258,0.6289460199757266,0.64241682083258,0.6289460199757266,0.48041959282296026,0.4644174680420872,,,,,,,-0.12303855270147324,0.3091516312625673,1.0,1.0,0.8983957219251337,0.49606299212598426,1.0,0.8252427184466019,0.7722772277227723,0.7272727272727273,0.0625,0.0,"Tables 6, 9, Fig. 2",r2_batch/A_Conch_v15_3group_linear_s71.json
A_Conch_v15_3group_linear,"Homogeneous CONCH v1.5, three group-tied projectors",homogeneous,72,150,gpu,8,head,0.6752018679130294,0.6991591683720729,0.6752018679130294,0.6991591683720729,0.29178662274522293,0.23055356724319814,,,,,,,-0.1873488575220108,0.7238161630100675,1.0,1.0,0.8361581920903954,0.296875,1.0,0.8521739130434782,0.7789473684210526,0.509090909090909,0.42857142857142855,0.375,"Tables 6, 9, Fig. 2",r2_batch/A_Conch_v15_3group_linear_s72.json
A_Conch_v15_3group_linear,"Homogeneous CONCH v1.5, three group-tied projectors",homogeneous,73,150,gpu,8,head,0.5767607251521842,0.5539384951295084,0.5767607251521842,0.5539384951295084,0.4706759590371487,0.4186032788258985,,,,,,,-0.13396155834197998,0.5458784401416779,1.0,0.8495575221238938,0.8850574712643678,0.18045112781954886,1.0,0.5384615384615384,0.845360824742268,0.8727272727272727,0.019230769230769232,0.0,"Tables 6, 9, Fig. 2",r2_batch/A_Conch_v15_3group_linear_s73.json
A_Conch_v15_3group_linear,"Homogeneous CONCH v1.5, three group-tied projectors",homogeneous,74,150,gpu,8,head,0.5155180922214864,0.5089271673271422,0.5155180922214864,0.5089271673271422,0.45503559054302056,0.40289764789254945,,,,,,,-0.13155585527420044,0.5756598247422112,1.0,0.993920972644377,0.7248677248677249,0.15625,0.9576719576719577,0.7909090909090909,0.7777777777777778,0.0,0.16326530612244897,0.075,"Tables 6, 9, Fig. 2",r2_batch/A_Conch_v15_3group_linear_s74.json
A_Conch_v15_3group_linear,"Homogeneous CONCH v1.5, three group-tied projectors",homogeneous,75,150,gpu,8,head,0.581664358102769,0.6062760624941391,0.581664358102769,0.6062760624941391,0.2708983603297128,0.18912120743482425,,,,,,,-0.12881885468959808,0.495416349834866,1.0,0.9938461538461538,0.726775956284153,0.3515625,0.9952380952380953,0.7592592592592593,0.6868686868686869,0.4107142857142857,0.2857142857142857,0.025,"Tables 6, 9, Fig. 2",r2_batch/A_Conch_v15_3group_linear_s75.json
A_Conch_v15_3group_linear,"Homogeneous CONCH v1.5, three group-tied projectors",homogeneous,76,150,gpu,8,head,0.6235587598905673,0.6292282995778863,0.6235587598905673,0.6292282995778863,0.46563037955659375,0.4502278313779054,,,,,,,-0.14746370911598206,0.48470094468858504,1.0,1.0,0.6923076923076923,0.5703125,0.949238578680203,0.7904761904761904,0.9183673469387755,0.5892857142857143,0.10204081632653061,0.0,"Tables 6, 9, Fig. 2",r2_batch/A_Conch_v15_3group_linear_s76.json
A_Conch_v15_3group_linear,"Homogeneous CONCH v1.5, three group-tied projectors",homogeneous,77,150,gpu,8,head,0.6500456266826506,0.6608094943637272,0.6500456266826506,0.6608094943637272,0.40977001324238593,0.39251255531517537,,,,,,,-0.19554510712623596,0.6828331980440352,1.0,0.9969325153374233,0.7936507936507936,0.45528455284552843,1.0,0.7872340425531915,0.9278350515463918,0.6,0.0,0.2894736842105263,"Tables 6, 9, Fig. 2",r2_batch/A_Conch_v15_3group_linear_s77.json
A_Conch_v15_3group_linear,"Homogeneous CONCH v1.5, three group-tied projectors",homogeneous,78,150,gpu,8,head,0.6550526527533233,0.6681436409642932,0.6550526527533233,0.6681436409642932,0.5962290641233997,0.6056195933102468,,,,,,,-0.2185923010110855,0.6833157274458144,0.999231950844854,0.9703264094955489,0.8167539267015707,0.5925925925925926,1.0,0.9622641509433962,0.7010309278350515,0.6071428571428571,0.13725490196078433,0.10810810810810811,"Tables 6, 9, Fig. 2",r2_batch/A_Conch_v15_3group_linear_s78.json
A_Conch_v15_3group_linear,"Homogeneous CONCH v1.5, three group-tied projectors",homogeneous,79,150,gpu,8,head,0.7570584254887167,0.7710835832480671,0.7570584254887167,0.7710835832480671,0.753044463516289,0.7678162914697979,,,,,,,0.27823129296302795,0.21750396779841846,1.0,0.8,0.7849462365591398,0.6307692307692307,1.0,0.9711538461538461,0.8144329896907216,0.8181818181818182,0.41509433962264153,0.5789473684210527,"Tables 6, 9, Fig. 2",r2_batch/A_Conch_v15_3group_linear_s79.json
A_Conch_v15_3group_linear,"Homogeneous CONCH v1.5, three group-tied projectors",homogeneous,80,150,gpu,8,head,0.6163881717031356,0.6012819452434227,0.6163881717031356,0.6012819452434227,0.28686653497892217,0.21513556986615787,,,,,,,-0.14743690192699432,0.6257872813277774,1.0,0.9942363112391931,0.8011049723756906,0.27906976744186046,0.9948186528497409,0.8285714285714286,0.9090909090909091,0.7142857142857143,0.0,0.02631578947368421,"Tables 6, 9, Fig. 2",r2_batch/A_Conch_v15_3group_linear_s80.json
A_Conch_v15_3group_linear,"Homogeneous CONCH v1.5, three group-tied projectors",homogeneous,81,150,gpu,8,head,0.5490484105751676,0.5670324332505798,0.5490484105751676,0.5670324332505798,0.3530778388364381,0.29371649438072206,,,,,,,-0.12177210301160812,0.6310118701722887,1.0,1.0,0.648936170212766,0.11363636363636363,1.0,0.7184466019417476,0.7422680412371134,0.4727272727272727,0.14285714285714285,0.10256410256410256,"Tables 6, 9, Fig. 2",r2_batch/A_Conch_v15_3group_linear_s81.json
A_Conch_v15_3group_linear,"Homogeneous CONCH v1.5, three group-tied projectors",homogeneous,82,150,gpu,8,head,0.6968013738839898,0.7261419094935944,0.6968013738839898,0.7261419094935944,0.6564977685449699,0.6526880599132348,,,,,,,-0.2341310679912567,0.6317067742347717,1.0,0.9969512195121951,0.8306010928961749,0.32575757575757575,0.9384615384615385,0.9026548672566371,0.92,0.7272727272727273,0.24489795918367346,0.38461538461538464,"Tables 6, 9, Fig. 2",r2_batch/A_Conch_v15_3group_linear_s82.json
A_Conch_v15_3group_linear,"Homogeneous CONCH v1.5, three group-tied projectors",homogeneous,83,150,gpu,8,head,0.7741287835921299,0.7993112762678003,0.7741287835921299,0.7993112762678003,0.4799019691144333,0.4126789712749566,,,,,,,-0.2150351107120514,0.45685381814837456,1.0,0.9850746268656716,0.7127659574468085,0.7272727272727273,1.0,0.8490566037735849,0.5148514851485149,0.75,0.4807692307692308,0.9473684210526315,"Tables 6, 9, Fig. 2",r2_batch/A_Conch_v15_3group_linear_s83.json
A_Conch_v15_3group_linear,"Homogeneous CONCH v1.5, three group-tied projectors",homogeneous,84,150,gpu,8,head,0.5382879522822402,0.5068232842363272,0.5382879522822402,0.5068232842363272,0.33625734265380036,0.2955453057954955,,,,,,,-0.05866991728544235,0.2551111380259196,1.0,1.0,0.8111111111111111,0.4263565891472868,1.0,0.8596491228070176,0.7474747474747475,0.0,0.0,0.0,"Tables 6, 9, Fig. 2",r2_batch/A_Conch_v15_3group_linear_s84.json
A_Conch_v15_3group_linear,"Homogeneous CONCH v1.5, three group-tied projectors",homogeneous,85,150,gpu,8,head,0.5889722509978587,0.6214610978608471,0.5889722509978587,0.6214610978608471,0.24833959685771775,0.15413358151273762,,,,,,,-0.14731234312057495,0.6100894742541842,1.0,1.0,0.7127659574468085,0.42748091603053434,0.98989898989899,0.6857142857142857,0.5,0.44642857142857145,0.5384615384615384,0.0,"Tables 6, 9, Fig. 2",r2_batch/A_Conch_v15_3group_linear_s85.json
A_Conch_v15_3group_linear,"Homogeneous CONCH v1.5, three group-tied projectors",homogeneous,86,150,gpu,8,head,0.6976148505073406,0.7177218837134494,0.6976148505073406,0.7177218837134494,0.44818611129621505,0.4359764473212504,,,,,,,-0.1362496167421341,0.24325527913040584,1.0,0.9942196531791907,0.8306878306878307,0.5474452554744526,0.9585253456221198,0.9203539823008849,0.94,0.6428571428571429,0.3333333333333333,0.1111111111111111,"Tables 6, 9, Fig. 2",r2_batch/A_Conch_v15_3group_linear_s86.json
A_Conch_v15_3group_linear,"Homogeneous CONCH v1.5, three group-tied projectors",homogeneous,87,150,gpu,8,head,0.6191901451279633,0.6325712249668385,0.6191901451279633,0.6325712249668385,0.24895006078301396,0.13113052035485878,,,,,,,-0.14762000739574432,0.5639768176608615,1.0,1.0,0.7921348314606742,0.24603174603174602,1.0,0.7383177570093458,0.4270833333333333,0.5818181818181818,0.7346938775510204,0.05263157894736842,"Tables 6, 9, Fig. 2",r2_batch/A_Conch_v15_3group_linear_s87.json
A_Conch_v15_3group_linear,"Homogeneous CONCH v1.5, three group-tied projectors",homogeneous,88,150,gpu,8,head,0.6805439671223594,0.7120101507967829,0.6805439671223594,0.7120101507967829,0.6330282284854027,0.6469580547041262,,,,,,,-0.16219991445541382,0.5662841796875,1.0,0.9968152866242038,0.7814207650273224,0.48412698412698413,1.0,0.8495575221238938,0.90625,0.5789473684210527,0.3333333333333333,0.19444444444444445,"Tables 6, 9, Fig. 2",r2_batch/A_Conch_v15_3group_linear_s88.json
A_Conch_v15_3group_linear,"Homogeneous CONCH v1.5, three group-tied projectors",homogeneous,89,150,gpu,8,head,0.5895185164873609,0.6060189603311431,0.5895185164873609,0.6060189603311431,0.3965743887779232,0.2833771090299359,,,,,,,-0.2822414040565491,0.4730292111635208,0.9990791896869244,0.991044776119403,0.7894736842105263,0.4728682170542636,0.8768472906403941,0.7009345794392523,0.711340206185567,0.5789473684210527,0.0,0.18421052631578946,"Tables 6, 9, Fig. 2",r2_batch/A_Conch_v15_3group_linear_s89.json
A_Conch_v15_3group_linear,"Homogeneous CONCH v1.5, three group-tied projectors",homogeneous,90,150,gpu,8,head,0.6205169996071345,0.6393643838904798,0.6205169996071345,0.6393643838904798,0.38227832420196256,0.3562031532386536,,,,,,,-0.1577157974243164,0.39422256747881573,1.0,0.9817073170731707,0.7457627118644068,0.7222222222222222,1.0,0.7547169811320755,0.5816326530612245,0.5,0.2708333333333333,0.027777777777777776,"Tables 6, 9, Fig. 2",r2_batch/A_Conch_v15_3group_linear_s90.json
A_Conch_v15_3group_linear,"Homogeneous CONCH v1.5, three group-tied projectors",homogeneous,91,150,gpu,8,head,0.6177716408108566,0.6525612077767565,0.6177716408108566,0.6525612077767565,0.51509749613724,0.5157906237460141,,,,,,,-0.08819529414176941,0.38397261997063953,1.0,1.0,0.7945945945945946,0.14285714285714285,1.0,0.8055555555555556,0.625,0.41818181818181815,0.5384615384615384,0.23529411764705882,"Tables 6, 9, Fig. 2",r2_batch/A_Conch_v15_3group_linear_s91.json
A_Conch_v15_ce_only,"Homogeneous CONCH v1.5, one projector, cross-entropy only",homogeneous,62,150,gpu,8,head,0.548401019347444,0.5218886851157423,0.548401019347444,0.5218886851157423,0.8179463008192235,0.8052088440885297,,,,,,,0.1263452023267746,nan,,1.0,0.5668449197860963,0.015384615384615385,1.0,0.9813084112149533,0.9175257731958762,0.45454545454545453,0.0,0.0,"Tables 6, 9",r2_batch/A_Conch_v15_ce_only_s62.json
A_Conch_v15_ce_only,"Homogeneous CONCH v1.5, one projector, cross-entropy only",homogeneous,63,150,gpu,8,head,0.5563175771218994,0.5334555735854913,0.5563175771218994,0.5334555735854913,0.8506468149871304,0.8446089233355237,,,,,,,0.15429013967514038,nan,,1.0,0.664804469273743,0.008064516129032258,1.0,0.963302752293578,0.8979591836734694,0.4727272727272727,0.0,0.0,"Tables 6, 9",r2_batch/A_Conch_v15_ce_only_s63.json
A_Conch_v15_ce_only,"Homogeneous CONCH v1.5, one projector, cross-entropy only",homogeneous,64,150,gpu,8,head,0.6097111362198417,0.6066569292913031,0.6097111362198417,0.6066569292913031,0.8520296277276777,0.8377528101078444,,,,,,,0.13230201601982117,nan,,1.0,0.6436170212765957,0.030534351145038167,0.9951219512195122,0.9595959595959596,0.968421052631579,0.42857142857142855,0.0,0.46153846153846156,"Tables 6, 9",r2_batch/A_Conch_v15_ce_only_s64.json
A_Conch_v15_ce_only,"Homogeneous CONCH v1.5, one projector, cross-entropy only",homogeneous,65,150,gpu,8,head,0.5290200307274943,0.5105164054992284,0.5290200307274943,0.5105164054992284,0.8023302256882325,0.7972357398300149,,,,,,,0.1295209527015686,nan,,1.0,0.5439560439560439,0.022556390977443608,1.0,0.9245283018867925,0.8969072164948454,0.34545454545454546,0.0,0.027777777777777776,"Tables 6, 9",r2_batch/A_Conch_v15_ce_only_s65.json
A_Conch_v15_ce_only,"Homogeneous CONCH v1.5, one projector, cross-entropy only",homogeneous,66,150,gpu,8,head,0.5400106642586252,0.5159185947421242,0.5400106642586252,0.5159185947421242,0.8553923210881714,0.8431022081445191,,,,,,,0.1431858241558075,nan,,0.9971181556195965,0.6631578947368421,0.029411764705882353,1.0,0.9714285714285714,0.8775510204081632,0.32142857142857145,0.0,0.0,"Tables 6, 9",r2_batch/A_Conch_v15_ce_only_s66.json
A_Conch_v15_ce_only,"Homogeneous CONCH v1.5, one projector, cross-entropy only",homogeneous,67,150,gpu,8,head,0.5489662708942965,0.5187054769029937,0.5489662708942965,0.5187054769029937,0.8405246164132479,0.8199723686013073,,,,,,,0.15532106161117554,nan,,0.9940652818991098,0.6358695652173914,0.022388059701492536,1.0,0.9393939393939394,0.9489795918367347,0.4,0.0,0.0,"Tables 6, 9",r2_batch/A_Conch_v15_ce_only_s67.json
A_Conch_v15_ce_only,"Homogeneous CONCH v1.5, one projector, cross-entropy only",homogeneous,68,150,gpu,8,head,0.5718877149507118,0.5566229321440432,0.5718877149507118,0.5566229321440432,0.8371958378417442,0.824887889281981,,,,,,,0.1590730994939804,nan,,0.9880597014925373,0.6284153005464481,0.0,1.0,0.9565217391304348,0.9108910891089109,0.5454545454545454,0.0,0.11764705882352941,"Tables 6, 9",r2_batch/A_Conch_v15_ce_only_s68.json
A_Conch_v15_ce_only,"Homogeneous CONCH v1.5, one projector, cross-entropy only",homogeneous,69,150,gpu,8,head,0.5595235473625955,0.536756332512635,0.5595235473625955,0.536756332512635,0.8474274185911885,0.8395682303341543,,,,,,,0.1530427634716034,nan,,1.0,0.6137566137566137,0.007194244604316547,0.9947643979057592,0.9519230769230769,0.8787878787878788,0.5892857142857143,0.0,0.0,"Tables 6, 9",r2_batch/A_Conch_v15_ce_only_s69.json
A_Conch_v15_ce_only,"Homogeneous CONCH v1.5, one projector, cross-entropy only",homogeneous,70,150,gpu,8,head,0.5409313173387849,0.5170067676098972,0.5409313173387849,0.5170067676098972,0.8349014347657966,0.8237880635410125,,,,,,,0.14950861036777496,nan,,0.9879154078549849,0.5691489361702128,0.007874015748031496,0.9947368421052631,0.97,0.865979381443299,0.4727272727272727,0.0,0.0,"Tables 6, 9",r2_batch/A_Conch_v15_ce_only_s70.json
A_Conch_v15_ce_only,"Homogeneous CONCH v1.5, one projector, cross-entropy only",homogeneous,71,150,gpu,8,head,0.5750865706853658,0.573416937584217,0.5750865706853658,0.573416937584217,0.8279222171174108,0.8208580040630822,,,,,,,0.131441131234169,nan,,1.0,0.6310160427807486,0.023622047244094488,1.0,0.9611650485436893,0.8811881188118812,0.34545454545454546,0.0,0.3333333333333333,"Tables 6, 9",r2_batch/A_Conch_v15_ce_only_s71.json
A_Conch_v15_ce_only,"Homogeneous CONCH v1.5, one projector, cross-entropy only",homogeneous,72,150,gpu,8,head,0.5592943696196081,0.5347147862588074,0.5592943696196081,0.5347147862588074,0.8164422436076887,0.8082203672205996,,,,,,,0.15815848112106323,nan,,1.0,0.615819209039548,0.015625,1.0,0.9304347826086956,0.9263157894736842,0.5454545454545454,0.0,0.0,"Tables 6, 9",r2_batch/A_Conch_v15_ce_only_s72.json
A_Conch_v15_ce_only,"Homogeneous CONCH v1.5, one projector, cross-entropy only",homogeneous,73,150,gpu,8,head,0.513987843161916,0.4838373910325193,0.513987843161916,0.4838373910325193,0.8490589231028786,0.8359228069518096,,,,,,,0.1666938215494156,nan,,1.0,0.5574712643678161,0.0,1.0,0.9145299145299145,0.9175257731958762,0.23636363636363636,0.0,0.0,"Tables 6, 9",r2_batch/A_Conch_v15_ce_only_s73.json
A_Conch_v15_ce_only,"Homogeneous CONCH v1.5, one projector, cross-entropy only",homogeneous,74,150,gpu,8,head,0.539563291646625,0.5191046143639056,0.539563291646625,0.5191046143639056,0.8344061113174166,0.8224046483909841,,,,,,,0.13018891215324402,nan,,1.0,0.5238095238095238,0.03125,1.0,0.9636363636363636,0.9191919191919192,0.41818181818181815,0.0,0.0,"Tables 6, 9",r2_batch/A_Conch_v15_ce_only_s74.json
A_Conch_v15_ce_only,"Homogeneous CONCH v1.5, one projector, cross-entropy only",homogeneous,75,150,gpu,8,head,0.5656654963563629,0.5413424944918934,0.5656654963563629,0.5413424944918934,0.8356103401795244,0.8219566776502818,,,,,,,0.13240505754947662,nan,,0.9938461538461538,0.644808743169399,0.0,1.0,0.9722222222222222,0.898989898989899,0.5357142857142857,0.02040816326530612,0.025,"Tables 6, 9",r2_batch/A_Conch_v15_ce_only_s75.json
A_Conch_v15_ce_only,"Homogeneous CONCH v1.5, one projector, cross-entropy only",homogeneous,76,150,gpu,8,head,0.5947284362462935,0.596273142754251,0.5947284362462935,0.596273142754251,0.8413366122269661,0.8254906657106074,,,,,,,0.15582242608070374,nan,,1.0,0.6813186813186813,0.015625,1.0,0.9428571428571428,0.8877551020408163,0.375,0.0,0.45,"Tables 6, 9",r2_batch/A_Conch_v15_ce_only_s76.json
A_Conch_v15_ce_only,"Homogeneous CONCH v1.5, one projector, cross-entropy only",homogeneous,77,150,gpu,8,head,0.5380067010185252,0.5094041845870249,0.5380067010185252,0.5094041845870249,0.8361856940847269,0.8151583289733555,,,,,,,0.12857656180858612,nan,,0.9938650306748467,0.6190476190476191,0.008130081300813009,1.0,0.9680851063829787,0.9175257731958762,0.3090909090909091,0.0,0.02631578947368421,"Tables 6, 9",r2_batch/A_Conch_v15_ce_only_s77.json
A_Conch_v15_ce_only,"Homogeneous CONCH v1.5, one projector, cross-entropy only",homogeneous,78,150,gpu,8,head,0.5594687855690873,0.540241053228506,0.5594687855690873,0.540241053228506,0.8426517755460552,0.8269155995229804,,,,,,,0.15003569424152374,nan,,0.9940652818991098,0.6230366492146597,0.02962962962962963,1.0,0.9716981132075472,0.845360824742268,0.5714285714285714,0.0,0.0,"Tables 6, 9",r2_batch/A_Conch_v15_ce_only_s78.json
A_Conch_v15_ce_only,"Homogeneous CONCH v1.5, one projector, cross-entropy only",homogeneous,79,150,gpu,8,head,0.550325895021605,0.5238412958601553,0.550325895021605,0.5238412958601553,0.8206737890045608,0.8074245291545877,,,,,,,0.12319574505090714,nan,,0.9939393939393939,0.521505376344086,0.0,1.0,1.0,0.8556701030927835,0.5818181818181818,0.0,0.0,"Tables 6, 9",r2_batch/A_Conch_v15_ce_only_s79.json
A_Conch_v15_ce_only,"Homogeneous CONCH v1.5, one projector, cross-entropy only",homogeneous,80,150,gpu,8,head,0.5606146797695242,0.5381186444180327,0.5606146797695242,0.5381186444180327,0.8825956110180646,0.8612540681968694,,,,,,,0.13472430408000946,nan,,0.9942363112391931,0.580110497237569,0.007751937984496124,0.9948186528497409,0.9523809523809523,0.9090909090909091,0.6071428571428571,0.0,0.0,"Tables 6, 9",r2_batch/A_Conch_v15_ce_only_s80.json
A_Conch_v15_ce_only,"Homogeneous CONCH v1.5, one projector, cross-entropy only",homogeneous,81,150,gpu,8,head,0.5883051642384354,0.5846362943337063,0.5883051642384354,0.5846362943337063,0.8383385154477698,0.8246162130500166,,,,,,,0.12204843014478683,nan,,0.9941176470588236,0.6170212765957447,0.030303030303030304,1.0,0.9611650485436893,0.8762886597938144,0.6363636363636364,0.0,0.1794871794871795,"Tables 6, 9",r2_batch/A_Conch_v15_ce_only_s81.json
A_Conch_v15_ce_only,"Homogeneous CONCH v1.5, one projector, cross-entropy only",homogeneous,82,150,gpu,8,head,0.5805899671197801,0.5793663440614067,0.5805899671197801,0.5793663440614067,0.8097502753446926,0.8008560012440546,,,,,,,0.14274565875530243,nan,,1.0,0.6284153005464481,0.022727272727272728,1.0,0.9557522123893806,0.9,0.43636363636363634,0.0,0.28205128205128205,"Tables 6, 9",r2_batch/A_Conch_v15_ce_only_s82.json
A_Conch_v15_ce_only,"Homogeneous CONCH v1.5, one projector, cross-entropy only",homogeneous,83,150,gpu,8,head,0.5516605858077731,0.5234870277264358,0.5516605858077731,0.5234870277264358,0.824630055034095,0.8128625690572909,,,,,,,0.11115934699773788,nan,,1.0,0.6223404255319149,0.007575757575757576,1.0,0.9716981132075472,0.8811881188118812,0.48214285714285715,0.0,0.0,"Tables 6, 9",r2_batch/A_Conch_v15_ce_only_s83.json
A_Conch_v15_ce_only,"Homogeneous CONCH v1.5, one projector, cross-entropy only",homogeneous,84,150,gpu,8,head,0.5456550408202795,0.523826813611731,0.5456550408202795,0.523826813611731,0.8374824410598988,0.8330881419347533,,,,,,,0.14395982027053833,nan,,1.0,0.5611111111111111,0.023255813953488372,1.0,0.9649122807017544,0.8888888888888888,0.4727272727272727,0.0,0.0,"Tables 6, 9",r2_batch/A_Conch_v15_ce_only_s84.json
A_Conch_v15_ce_only,"Homogeneous CONCH v1.5, one projector, cross-entropy only",homogeneous,85,150,gpu,8,head,0.5445497882731924,0.5219320383606358,0.5445497882731924,0.5219320383606358,0.827937756795058,0.8178972228955518,,,,,,,0.1590835154056549,nan,,1.0,0.6595744680851063,0.0,1.0,0.9714285714285714,0.84,0.4107142857142857,0.019230769230769232,0.0,"Tables 6, 9",r2_batch/A_Conch_v15_ce_only_s85.json
A_Conch_v15_ce_only,"Homogeneous CONCH v1.5, one projector, cross-entropy only",homogeneous,86,150,gpu,8,head,0.600592489410493,0.6015724357305552,0.600592489410493,0.6015724357305552,0.844885878864811,0.8316746816563636,,,,,,,0.12348008900880814,nan,,1.0,0.6455026455026455,0.014598540145985401,0.9953917050691244,0.9557522123893806,0.93,0.48214285714285715,0.020833333333333332,0.3611111111111111,"Tables 6, 9",r2_batch/A_Conch_v15_ce_only_s86.json
A_Conch_v15_ce_only,"Homogeneous CONCH v1.5, one projector, cross-entropy only",homogeneous,87,150,gpu,8,head,0.5486210110477237,0.5287138442751612,0.5486210110477237,0.5287138442751612,0.8295248578544842,0.8213915694634811,,,,,,,0.13910122215747833,nan,,1.0,0.5393258426966292,0.007936507936507936,1.0,0.9439252336448598,0.8645833333333334,0.5818181818181818,0.0,0.0,"Tables 6, 9",r2_batch/A_Conch_v15_ce_only_s87.json
A_Conch_v15_ce_only,"Homogeneous CONCH v1.5, one projector, cross-entropy only",homogeneous,88,150,gpu,8,head,0.5556014086016714,0.5355887112308991,0.5556014086016714,0.5355887112308991,0.8516392145781944,0.8396879654400303,,,,,,,0.13352930545806885,nan,,1.0,0.644808743169399,0.031746031746031744,1.0,0.9823008849557522,0.8854166666666666,0.45614035087719296,0.0,0.0,"Tables 6, 9",r2_batch/A_Conch_v15_ce_only_s88.json
A_Conch_v15_ce_only,"Homogeneous CONCH v1.5, one projector, cross-entropy only",homogeneous,89,150,gpu,8,head,0.5524428900114292,0.5330119989592341,0.5524428900114292,0.5330119989592341,0.8028369697449169,0.7975137464989942,,,,,,,0.1732264757156372,nan,,1.0,0.531578947368421,0.015503875968992248,1.0,0.9345794392523364,0.8762886597938144,0.6140350877192983,0.0,0.0,"Tables 6, 9",r2_batch/A_Conch_v15_ce_only_s89.json
A_Conch_v15_ce_only,"Homogeneous CONCH v1.5, one projector, cross-entropy only",homogeneous,90,150,gpu,8,head,0.5580480161421995,0.5343988945325925,0.5580480161421995,0.5343988945325925,0.8201262690136153,0.8096789543813778,,,,,,,0.13023234903812408,nan,,0.9969512195121951,0.6045197740112994,0.007936507936507936,1.0,0.9716981132075472,0.8877551020408163,0.5535714285714286,0.0,0.0,"Tables 6, 9",r2_batch/A_Conch_v15_ce_only_s90.json
A_Conch_v15_ce_only,"Homogeneous CONCH v1.5, one projector, cross-entropy only",homogeneous,91,150,gpu,8,head,0.5963189446348316,0.5970594159444128,0.5963189446348316,0.5970594159444128,0.8582543555525968,0.853244776663854,,,,,,,0.13330423831939697,nan,,1.0,0.6162162162162163,0.007518796992481203,0.9943820224719101,0.9259259259259259,0.90625,0.5636363636363636,0.0,0.35294117647058826,"Tables 6, 9",r2_batch/A_Conch_v15_ce_only_s91.json
A_Conch_v15_3group_ce_only,"Homogeneous CONCH v1.5, three group-tied projectors, cross-entropy only",homogeneous,62,150,gpu,8,head,0.6235175173360967,0.6367342679562384,0.6235175173360967,0.6367342679562384,0.235742398826511,0.06929814362577198,,,,,,,-0.2719261944293976,0.24218127462599012,1.0,0.8486646884272997,0.7807486631016043,0.09230769230769231,1.0,0.8317757009345794,0.7731958762886598,0.7272727272727273,0.25,0.3076923076923077,"Tables 6, 9",r2_batch/A_Conch_v15_3group_ce_only_s62.json
A_Conch_v15_3group_ce_only,"Homogeneous CONCH v1.5, three group-tied projectors, cross-entropy only",homogeneous,63,150,gpu,8,head,0.7853180054706218,0.8272664913735679,0.7853180054706218,0.8272664913735679,0.23019896130495207,0.09879768512817744,,,,,,,-0.31037992238998413,0.43619367852807045,1.0,1.0,0.6145251396648045,0.5161290322580645,1.0,0.9908256880733946,0.8775510204081632,0.6545454545454545,0.7142857142857143,0.7,"Tables 6, 9",r2_batch/A_Conch_v15_3group_ce_only_s63.json
A_Conch_v15_3group_ce_only,"Homogeneous CONCH v1.5, three group-tied projectors, cross-entropy only",homogeneous,64,150,gpu,8,head,0.6296250402802562,0.6412281946952803,0.6296250402802562,0.6412281946952803,0.20305092309374567,0.10005144675841825,,,,,,,-0.12428785115480423,0.23851531744003296,1.0,0.9256965944272446,0.8297872340425532,0.11450381679389313,0.9951219512195122,0.8686868686868687,0.8526315789473684,0.44642857142857145,0.37735849056603776,0.2564102564102564,"Tables 6, 9",r2_batch/A_Conch_v15_3group_ce_only_s64.json
A_Conch_v15_3group_ce_only,"Homogeneous CONCH v1.5, three group-tied projectors, cross-entropy only",homogeneous,65,150,gpu,8,head,0.7297494093353588,0.7564588940227579,0.7297494093353588,0.7564588940227579,0.21758301383911802,0.11279893005450511,,,,,,,-0.20659273862838745,0.16217421409156588,1.0,0.8734177215189873,0.6153846153846154,0.7744360902255639,1.0,0.8773584905660378,0.7938144329896907,0.8,0.5,0.3333333333333333,"Tables 6, 9",r2_batch/A_Conch_v15_3group_ce_only_s65.json
A_Conch_v15_3group_ce_only,"Homogeneous CONCH v1.5, three group-tied projectors, cross-entropy only",homogeneous,66,150,gpu,8,head,0.7003814241202826,0.7361196206922195,0.7003814241202826,0.7361196206922195,0.22125797687496052,0.11394962077728854,,,,,,,-0.2015833705663681,0.12235840989483728,1.0,0.9884726224783862,0.6210526315789474,0.6176470588235294,1.0,0.8571428571428571,0.8571428571428571,0.5535714285714286,0.29411764705882354,0.5142857142857142,"Tables 6, 9",r2_batch/A_Conch_v15_3group_ce_only_s66.json
A_Conch_v15_3group_ce_only,"Homogeneous CONCH v1.5, three group-tied projectors, cross-entropy only",homogeneous,67,150,gpu,8,head,0.6392953828377306,0.6420592335732525,0.6392953828377306,0.6420592335732525,0.21357922022341858,0.09883463098565178,,,,,,,-0.21825063228607178,0.45815858244895935,1.0,0.9970326409495549,0.6847826086956522,0.15671641791044777,1.0,0.8484848484848485,0.8775510204081632,0.7090909090909091,0.48,0.0,"Tables 6, 9",r2_batch/A_Conch_v15_3group_ce_only_s67.json
A_Conch_v15_3group_ce_only,"Homogeneous CONCH v1.5, three group-tied projectors, cross-entropy only",homogeneous,68,150,gpu,8,head,0.6364987432545713,0.6275081129608726,0.6364987432545713,0.6275081129608726,0.2810407504861944,0.1706205219189399,,,,,,,-0.18869619071483612,0.33103419178062016,1.0,0.8925373134328358,0.8633879781420765,0.015037593984962405,1.0,0.9391304347826087,0.8217821782178217,0.6181818181818182,0.49019607843137253,0.08823529411764706,"Tables 6, 9",r2_batch/A_Conch_v15_3group_ce_only_s68.json
A_Conch_v15_3group_ce_only,"Homogeneous CONCH v1.5, three group-tied projectors, cross-entropy only",homogeneous,69,150,gpu,8,head,0.6880261776243604,0.7171120848997117,0.6880261776243604,0.7171120848997117,0.26637701869145913,0.1566194146433899,,,,,,,-0.23170296847820282,0.21572897169325086,1.0,0.8539325842696629,0.7407407407407407,0.4028776978417266,0.9947643979057592,0.9615384615384616,0.8787878787878788,0.7321428571428571,0.27450980392156865,0.35294117647058826,"Tables 6, 9",r2_batch/A_Conch_v15_3group_ce_only_s69.json
A_Conch_v15_3group_ce_only,"Homogeneous CONCH v1.5, three group-tied projectors, cross-entropy only",homogeneous,70,150,gpu,8,head,0.6762365891906179,0.689073558671539,0.6762365891906179,0.689073558671539,0.25329030026495086,0.19881376989612168,,,,,,,-0.14500844478607178,0.33452188306384617,1.0,0.9274924471299094,0.9148936170212766,0.11023622047244094,0.9947368421052631,0.82,0.8041237113402062,0.7090909090909091,0.5,0.3055555555555556,"Tables 6, 9",r2_batch/A_Conch_v15_3group_ce_only_s70.json
A_Conch_v15_3group_ce_only,"Homogeneous CONCH v1.5, three group-tied projectors, cross-entropy only",homogeneous,71,150,gpu,8,head,0.7050901730381882,0.7357235013715105,0.7050901730381882,0.7357235013715105,0.19435036640918993,0.0718268510518089,,,,,,,-0.18091748654842377,0.41489650143517387,1.0,1.0,0.7700534759358288,0.33070866141732286,1.0,0.9514563106796117,0.9108910891089109,0.7090909090909091,0.22916666666666666,0.4444444444444444,"Tables 6, 9",r2_batch/A_Conch_v15_3group_ce_only_s71.json
A_Conch_v15_3group_ce_only,"Homogeneous CONCH v1.5, three group-tied projectors, cross-entropy only",homogeneous,72,150,gpu,8,head,0.6458639151004448,0.668128719826743,0.6458639151004448,0.668128719826743,0.19499940327007995,0.053763714475955404,,,,,,,-0.19450503587722778,0.4324454731411404,1.0,1.0,0.7570621468926554,0.171875,1.0,0.8434782608695652,0.7684210526315789,0.6,0.3469387755102041,0.325,"Tables 6, 9",r2_batch/A_Conch_v15_3group_ce_only_s72.json
A_Conch_v15_3group_ce_only,"Homogeneous CONCH v1.5, three group-tied projectors, cross-entropy only",homogeneous,73,150,gpu,8,head,0.6315600406464551,0.6165234268167362,0.6315600406464551,0.6165234268167362,0.2502261978126703,0.13221584536662345,,,,,,,-0.18264460563659668,0.2774106131659614,1.0,0.9144542772861357,0.8735632183908046,0.07518796992481203,1.0,0.8974358974358975,0.845360824742268,0.8545454545454545,0.11538461538461539,0.10810810810810811,"Tables 6, 9",r2_batch/A_Conch_v15_3group_ce_only_s73.json
A_Conch_v15_3group_ce_only,"Homogeneous CONCH v1.5, three group-tied projectors, cross-entropy only",homogeneous,74,150,gpu,8,head,0.5641635485802363,0.5761355793953523,0.5641635485802363,0.5761355793953523,0.22184811073699962,0.11091351594539328,,,,,,,-0.17478801310062408,0.510040197107527,0.99933598937583,0.993920972644377,0.5238095238095238,0.0546875,0.9576719576719577,0.8272727272727273,0.8383838383838383,0.4909090909090909,0.04081632653061224,0.35,"Tables 6, 9",r2_batch/A_Conch_v15_3group_ce_only_s74.json
A_Conch_v15_3group_ce_only,"Homogeneous CONCH v1.5, three group-tied projectors, cross-entropy only",homogeneous,75,150,gpu,8,head,0.6165566295777881,0.630393596572928,0.6165566295777881,0.630393596572928,0.2178336472649997,0.10946011480286683,,,,,,,-0.21222122013568878,0.2886611388789283,1.0,0.9938461538461538,0.7595628415300546,0.1640625,1.0,0.8981481481481481,0.7777777777777778,0.6607142857142857,0.24489795918367346,0.05,"Tables 6, 9",r2_batch/A_Conch_v15_3group_ce_only_s75.json
A_Conch_v15_3group_ce_only,"Homogeneous CONCH v1.5, three group-tied projectors, cross-entropy only",homogeneous,76,150,gpu,8,head,0.6388933404558403,0.6473577669025771,0.6388933404558403,0.6473577669025771,0.21026976495726496,0.09462812785276195,,,,,,,-0.20620468258857727,0.31510155068503487,1.0,1.0,0.6593406593406593,0.3359375,1.0,0.9333333333333333,0.9285714285714286,0.6428571428571429,0.0,0.25,"Tables 6, 9",r2_batch/A_Conch_v15_3group_ce_only_s76.json
A_Conch_v15_3group_ce_only,"Homogeneous CONCH v1.5, three group-tied projectors, cross-entropy only",homogeneous,77,150,gpu,8,head,0.5872285632445896,0.587866202802548,0.5872285632445896,0.587866202802548,0.18452988209894736,0.11187284558043081,,,,,,,-0.23355068266391754,0.33961717949973214,1.0,0.9938650306748467,0.7777777777777778,0.18699186991869918,1.0,0.7872340425531915,0.8247422680412371,0.5636363636363636,0.019230769230769232,0.13157894736842105,"Tables 6, 9",r2_batch/A_Conch_v15_3group_ce_only_s77.json
A_Conch_v15_3group_ce_only,"Homogeneous CONCH v1.5, three group-tied projectors, cross-entropy only",homogeneous,78,150,gpu,8,head,0.6427356992221872,0.6517851375964019,0.6427356992221872,0.6517851375964019,0.2515462672111528,0.16728344025313932,,,,,,,-0.20191870629787445,0.2717263301213582,1.0,0.9614243323442137,0.7486910994764397,0.4444444444444444,1.0,0.9716981132075472,0.8350515463917526,0.5535714285714286,0.21568627450980393,0.05405405405405406,"Tables 6, 9",r2_batch/A_Conch_v15_3group_ce_only_s78.json
A_Conch_v15_3group_ce_only,"Homogeneous CONCH v1.5, three group-tied projectors, cross-entropy only",homogeneous,79,150,gpu,8,head,0.7331382653790993,0.752588682808474,0.7331382653790993,0.752588682808474,0.2917374080362196,0.1770824484241993,,,,,,,-0.16020046174526215,0.13001934190591177,1.0,0.7363636363636363,0.7849462365591398,0.6307692307692307,1.0,0.9903846153846154,0.7938144329896907,0.8,0.2830188679245283,0.5789473684210527,"Tables 6, 9",r2_batch/A_Conch_v15_3group_ce_only_s79.json
A_Conch_v15_3group_ce_only,"Homogeneous CONCH v1.5, three group-tied projectors, cross-entropy only",homogeneous,80,150,gpu,8,head,0.6431772835732044,0.6425098865883441,0.6431772835732044,0.6425098865883441,0.1800565103673912,0.0789928815039817,,,,,,,-0.15276023745536804,0.3511774473720127,1.0,0.9942363112391931,0.7403314917127072,0.2558139534883721,0.9948186528497409,0.8666666666666667,0.898989898989899,0.7857142857142857,0.17307692307692307,0.07894736842105263,"Tables 6, 9",r2_batch/A_Conch_v15_3group_ce_only_s80.json
A_Conch_v15_3group_ce_only,"Homogeneous CONCH v1.5, three group-tied projectors, cross-entropy only",homogeneous,81,150,gpu,8,head,0.6038863189747617,0.6154242503962145,0.6038863189747617,0.6154242503962145,0.16395126881449074,0.05873299735447362,,,,,,,-0.21587535738945007,0.49671615494622123,1.0,1.0,0.6968085106382979,0.05303030303030303,1.0,0.9805825242718447,0.7835051546391752,0.4909090909090909,0.12244897959183673,0.3076923076923077,"Tables 6, 9",r2_batch/A_Conch_v15_3group_ce_only_s81.json
A_Conch_v15_3group_ce_only,"Homogeneous CONCH v1.5, three group-tied projectors, cross-entropy only",homogeneous,82,150,gpu,8,head,0.6585471107308289,0.6821686086813495,0.6585471107308289,0.6821686086813495,0.21592786573823236,0.06169816588747648,,,,,,,-0.20111523568630219,0.2872434887621138,1.0,0.9939024390243902,0.7704918032786885,0.14393939393939395,0.9487179487179487,0.9026548672566371,0.88,0.509090909090909,0.2653061224489796,0.5128205128205128,"Tables 6, 9",r2_batch/A_Conch_v15_3group_ce_only_s82.json
A_Conch_v15_3group_ce_only,"Homogeneous CONCH v1.5, three group-tied projectors, cross-entropy only",homogeneous,83,150,gpu,8,head,0.7825248869284888,0.7980084268919686,0.7825248869284888,0.7980084268919686,0.2695792153339323,0.07227207267087626,,,,,,,-0.29609358310699463,0.4044616259634495,1.0,1.0,0.7659574468085106,0.4772727272727273,1.0,0.8867924528301887,0.7029702970297029,0.8392857142857143,0.4230769230769231,0.9473684210526315,"Tables 6, 9",r2_batch/A_Conch_v15_3group_ce_only_s83.json
A_Conch_v15_3group_ce_only,"Homogeneous CONCH v1.5, three group-tied projectors, cross-entropy only",homogeneous,84,150,gpu,8,head,0.5425672737586242,0.5350208073268342,0.5425672737586242,0.5350208073268342,0.19826220267089278,0.097586056304513,,,,,,,-0.1366724669933319,0.4466038644313812,1.0,1.0,0.6944444444444444,0.21705426356589147,1.0,0.868421052631579,0.8080808080808081,0.21818181818181817,0.0,0.07692307692307693,"Tables 6, 9",r2_batch/A_Conch_v15_3group_ce_only_s84.json
A_Conch_v15_3group_ce_only,"Homogeneous CONCH v1.5, three group-tied projectors, cross-entropy only",homogeneous,85,150,gpu,8,head,0.7432251443331221,0.774190927538638,0.7432251443331221,0.774190927538638,0.23754821461243475,0.10626511785544147,,,,,,,-0.30478501319885254,0.5696146223280165,1.0,0.9969418960244648,0.7659574468085106,0.25190839694656486,1.0,0.9238095238095239,0.84,0.8035714285714286,0.6346153846153846,0.4722222222222222,"Tables 6, 9",r2_batch/A_Conch_v15_3group_ce_only_s85.json
A_Conch_v15_3group_ce_only,"Homogeneous CONCH v1.5, three group-tied projectors, cross-entropy only",homogeneous,86,150,gpu,8,head,0.6255653024946592,0.6401226119014338,0.6255653024946592,0.6401226119014338,0.2633515503629702,0.17777760429194367,,,,,,,-0.1854492723941803,0.17428300281365713,1.0,0.9884393063583815,0.7619047619047619,0.2773722627737226,0.9585253456221198,0.9203539823008849,0.91,0.5357142857142857,0.25,0.027777777777777776,"Tables 6, 9",r2_batch/A_Conch_v15_3group_ce_only_s86.json
A_Conch_v15_3group_ce_only,"Homogeneous CONCH v1.5, three group-tied projectors, cross-entropy only",homogeneous,87,150,gpu,8,head,0.7475825207071097,0.7748405951820543,0.7475825207071097,0.7748405951820543,0.1936521197172826,0.0547726692959151,,,,,,,-0.2208242416381836,0.44724667734569973,1.0,1.0,0.7359550561797753,0.21428571428571427,1.0,0.9345794392523364,0.8229166666666666,0.7272727272727273,0.7142857142857143,0.5789473684210527,"Tables 6, 9",r2_batch/A_Conch_v15_3group_ce_only_s87.json
A_Conch_v15_3group_ce_only,"Homogeneous CONCH v1.5, three group-tied projectors, cross-entropy only",homogeneous,88,150,gpu,8,head,0.6488140312600695,0.6748778389499219,0.6488140312600695,0.6748778389499219,0.20879745660447416,0.0823078441957305,,,,,,,-0.1698225736618042,0.25556546946366626,1.0,0.964968152866242,0.7431693989071039,0.14285714285714285,1.0,0.9823008849557522,0.84375,0.5789473684210527,0.25,0.3333333333333333,"Tables 6, 9",r2_batch/A_Conch_v15_3group_ce_only_s88.json
A_Conch_v15_3group_ce_only,"Homogeneous CONCH v1.5, three group-tied projectors, cross-entropy only",homogeneous,89,150,gpu,8,head,0.6898009879000715,0.7080045239691852,0.6898009879000715,0.7080045239691852,0.23015873015873012,0.07491547473056723,,,,,,,-0.3001452386379242,0.2518972588909997,1.0,1.0,0.6736842105263158,0.4496124031007752,0.9655172413793104,0.9719626168224299,0.9072164948453608,0.5964912280701754,0.038461538461538464,0.6052631578947368,"Tables 6, 9",r2_batch/A_Conch_v15_3group_ce_only_s89.json
A_Conch_v15_3group_ce_only,"Homogeneous CONCH v1.5, three group-tied projectors, cross-entropy only",homogeneous,90,150,gpu,8,head,0.6557856968062264,0.6735026788184126,0.6557856968062264,0.6735026788184126,0.21952285634195878,0.11429598406035674,,,,,,,-0.20141740143299103,0.2745514412720998,1.0,0.9786585365853658,0.672316384180791,0.6349206349206349,1.0,0.9622641509433962,0.826530612244898,0.5357142857142857,0.125,0.16666666666666666,"Tables 6, 9",r2_batch/A_Conch_v15_3group_ce_only_s90.json
A_Conch_v15_3group_ce_only,"Homogeneous CONCH v1.5, three group-tied projectors, cross-entropy only",homogeneous,91,150,gpu,8,head,0.6654212920220675,0.696809100044351,0.6654212920220675,0.696809100044351,0.2064175077332972,0.10534964826247423,,,,,,,-0.18504659831523895,0.4140850868490007,1.0,0.9970501474926253,0.772972972972973,0.19548872180451127,0.9943820224719101,0.8796296296296297,0.8958333333333334,0.509090909090909,0.5384615384615384,0.20588235294117646,"Tables 6, 9",r2_batch/A_Conch_v15_3group_ce_only_s91.json
A_Conch_v15_1hidden,"Homogeneous CONCH v1.5, one one-hidden-layer projector",homogeneous,62,150,gpu,8,head,0.6168082581905012,0.5695475323891455,0.6168082581905012,0.5695475323891455,0.6701389469470022,0.6506271106790965,,,,,,,0.3746255040168762,nan,,0.9940652818991098,0.8823529411764706,0.015384615384615385,1.0,0.9813084112149533,0.9690721649484536,0.7090909090909091,0.0,0.0,Table 6,r2_batch/A_Conch_v15_1hidden_s62.json
A_Conch_v15_1hidden,"Homogeneous CONCH v1.5, one one-hidden-layer projector",homogeneous,63,150,gpu,8,head,0.5567160138991414,0.5180492451186471,0.5567160138991414,0.5180492451186471,0.692096740893544,0.6927239564843984,,,,,,,0.411641001701355,nan,,1.0,0.7821229050279329,0.0,1.0,0.9724770642201835,0.9285714285714286,0.32727272727272727,0.0,0.0,Table 6,r2_batch/A_Conch_v15_1hidden_s63.json
A_Conch_v15_1hidden,"Homogeneous CONCH v1.5, one one-hidden-layer projector",homogeneous,64,150,gpu,8,head,0.58746820345792,0.5625583662957139,0.58746820345792,0.5625583662957139,0.6368125493249903,0.6164361073114961,,,,,,,0.3540247976779938,nan,,1.0,0.7127659574468085,0.05343511450381679,1.0,0.9696969696969697,0.9263157894736842,0.625,0.0,0.0,Table 6,r2_batch/A_Conch_v15_1hidden_s64.json
A_Conch_v15_1hidden,"Homogeneous CONCH v1.5, one one-hidden-layer projector",homogeneous,65,150,gpu,8,head,0.6169070960414715,0.5779292200141771,0.6169070960414715,0.5779292200141771,0.6779940188551985,0.6860250211414366,,,,,,,0.37162768840789795,nan,,1.0,0.8626373626373627,0.015037593984962405,1.0,0.9716981132075472,0.9381443298969072,0.7090909090909091,0.0,0.05555555555555555,Table 6,r2_batch/A_Conch_v15_1hidden_s65.json
A_Conch_v15_1hidden,"Homogeneous CONCH v1.5, one one-hidden-layer projector",homogeneous,66,150,gpu,8,head,0.5714220059621042,0.5343156708988581,0.5714220059621042,0.5343156708988581,0.597181472665684,0.5665441352889277,,,,,,,0.3803974688053131,nan,,0.9971181556195965,0.7894736842105263,0.0,0.9900497512437811,0.9809523809523809,0.9387755102040817,0.44642857142857145,0.0,0.0,Table 6,r2_batch/A_Conch_v15_1hidden_s66.json
A_Conch_v15_1hidden,"Homogeneous CONCH v1.5, one one-hidden-layer projector",homogeneous,67,150,gpu,8,head,0.5551969918024068,0.5118973832754778,0.5551969918024068,0.5118973832754778,0.6075043905428577,0.5819498196307644,,,,,,,0.3879695534706116,nan,,0.9940652818991098,0.782608695652174,0.0,1.0,0.9393939393939394,0.9897959183673469,0.2909090909090909,0.0,0.0,Table 6,r2_batch/A_Conch_v15_1hidden_s67.json
A_Conch_v15_1hidden,"Homogeneous CONCH v1.5, one one-hidden-layer projector",homogeneous,68,150,gpu,8,head,0.5920619254314499,0.5520539529498942,0.5920619254314499,0.5520539529498942,0.6691412576651339,0.688692185115538,,,,,,,0.3529418110847473,nan,,0.9880597014925373,0.7704918032786885,0.0,1.0,1.0,0.9405940594059405,0.6,0.0,0.029411764705882353,Table 6,r2_batch/A_Conch_v15_1hidden_s68.json
A_Conch_v15_1hidden,"Homogeneous CONCH v1.5, one one-hidden-layer projector",homogeneous,69,150,gpu,8,head,0.5603308568522785,0.5316922347600259,0.5603308568522785,0.5316922347600259,0.6522877663876037,0.647980382385052,,,,,,,0.3747362792491913,nan,,1.0,0.708994708994709,0.007194244604316547,0.9895287958115183,0.9615384615384616,0.9292929292929293,0.44642857142857145,0.0,0.0,Table 6,r2_batch/A_Conch_v15_1hidden_s69.json
A_Conch_v15_1hidden,"Homogeneous CONCH v1.5, one one-hidden-layer projector",homogeneous,70,150,gpu,8,head,0.5613191142437022,0.5353042113211259,0.5613191142437022,0.5353042113211259,0.6107890295316819,0.579353890562467,,,,,,,0.37598568201065063,nan,,0.9969788519637462,0.7180851063829787,0.0,0.9947368421052631,0.97,0.9175257731958762,0.45454545454545453,0.0,0.0,Table 6,r2_batch/A_Conch_v15_1hidden_s70.json
A_Conch_v15_1hidden,"Homogeneous CONCH v1.5, one one-hidden-layer projector",homogeneous,71,150,gpu,8,head,0.5582578705128998,0.5236344061020065,0.5582578705128998,0.5236344061020065,0.7119217242193512,0.7321489158093083,,,,,,,0.3562459349632263,nan,,1.0,0.7219251336898396,0.007874015748031496,1.0,0.9902912621359223,0.9405940594059405,0.36363636363636365,0.0,0.0,Table 6,r2_batch/A_Conch_v15_1hidden_s71.json
A_Conch_v15_1hidden,"Homogeneous CONCH v1.5, one one-hidden-layer projector",homogeneous,72,150,gpu,8,head,0.5614444981332805,0.5111440454615932,0.5614444981332805,0.5111440454615932,0.6678986441681511,0.6639397068856271,,,,,,,0.3897700607776642,nan,,1.0,0.8587570621468926,0.046875,1.0,1.0,0.9473684210526315,0.2,0.0,0.0,Table 6,r2_batch/A_Conch_v15_1hidden_s72.json
A_Conch_v15_1hidden,"Homogeneous CONCH v1.5, one one-hidden-layer projector",homogeneous,73,150,gpu,8,head,0.5289659999372424,0.4898386595010076,0.5289659999372424,0.4898386595010076,0.6422369473242301,0.6379003060283437,,,,,,,0.38051313161849976,nan,,1.0,0.6666666666666666,0.015037593984962405,1.0,0.9487179487179487,0.9484536082474226,0.18181818181818182,0.0,0.0,Table 6,r2_batch/A_Conch_v15_1hidden_s73.json
A_Conch_v15_1hidden,"Homogeneous CONCH v1.5, one one-hidden-layer projector",homogeneous,74,150,gpu,8,head,0.5491670173961841,0.5073721257197489,0.5491670173961841,0.5073721257197489,0.640263498075998,0.6407830200657526,,,,,,,0.37244367599487305,nan,,1.0,0.7777777777777778,0.0859375,1.0,0.9818181818181818,0.9696969696969697,0.12727272727272726,0.0,0.0,Table 6,r2_batch/A_Conch_v15_1hidden_s74.json
A_Conch_v15_1hidden,"Homogeneous CONCH v1.5, one one-hidden-layer projector",homogeneous,75,150,gpu,8,head,0.5557704068177656,0.5211467112011542,0.5557704068177656,0.5211467112011542,0.634635649630364,0.6142149047575762,,,,,,,0.38664010167121887,nan,,1.0,0.7923497267759563,0.0,0.9952380952380953,0.9814814814814815,0.9292929292929293,0.30357142857142855,0.0,0.0,Table 6,r2_batch/A_Conch_v15_1hidden_s75.json
A_Conch_v15_1hidden,"Homogeneous CONCH v1.5, one one-hidden-layer projector",homogeneous,76,150,gpu,8,head,0.5916738436827723,0.5469930224391004,0.5916738436827723,0.5469930224391004,0.6702125668643526,0.6545518542263554,,,,,,,0.40267306566238403,nan,,1.0,0.9230769230769231,0.0390625,1.0,0.9904761904761905,0.9795918367346939,0.39285714285714285,0.0,0.0,Table 6,r2_batch/A_Conch_v15_1hidden_s76.json
A_Conch_v15_1hidden,"Homogeneous CONCH v1.5, one one-hidden-layer projector",homogeneous,77,150,gpu,8,head,0.5632482255086944,0.5110331323581098,0.5632482255086944,0.5110331323581098,0.6963576338134643,0.6953392605649652,,,,,,,0.38138100504875183,nan,,0.99079754601227,0.8624338624338624,0.008130081300813009,1.0,1.0,0.9896907216494846,0.21818181818181817,0.0,0.0,Table 6,r2_batch/A_Conch_v15_1hidden_s77.json
A_Conch_v15_1hidden,"Homogeneous CONCH v1.5, one one-hidden-layer projector",homogeneous,78,150,gpu,8,head,0.5643799578754115,0.5310941481900229,0.5643799578754115,0.5310941481900229,0.6862725765515534,0.6918997717559573,,,,,,,0.38213062286376953,nan,,0.9940652818991098,0.7486910994764397,0.0,1.0,0.9905660377358491,0.9175257731958762,0.42857142857142855,0.0,0.0,Table 6,r2_batch/A_Conch_v15_1hidden_s78.json
A_Conch_v15_1hidden,"Homogeneous CONCH v1.5, one one-hidden-layer projector",homogeneous,79,150,gpu,8,head,0.5539454214878226,0.5217869953595087,0.5539454214878226,0.5217869953595087,0.6326557760895184,0.6251577012503932,,,,,,,0.3687421977519989,nan,,0.9939393939393939,0.6827956989247311,0.06153846153846154,1.0,1.0,0.9381443298969072,0.3090909090909091,0.0,0.0,Table 6,r2_batch/A_Conch_v15_1hidden_s79.json
A_Conch_v15_1hidden,"Homogeneous CONCH v1.5, one one-hidden-layer projector",homogeneous,80,150,gpu,8,head,0.5006030162429926,0.4488628533990219,0.5006030162429926,0.4488628533990219,0.7525365693432863,0.7243984101765722,,,,,,,0.2606145739555359,nan,,0.9942363112391931,0.9337016574585635,0.0,1.0,0.9714285714285714,0.6060606060606061,0.0,0.0,0.0,Table 6,r2_batch/A_Conch_v15_1hidden_s80.json
A_Conch_v15_1hidden,"Homogeneous CONCH v1.5, one one-hidden-layer projector",homogeneous,81,150,gpu,8,head,0.5415475648036203,0.49442243559150245,0.5415475648036203,0.49442243559150245,0.6272164365671239,0.5874971725269048,,,,,,,0.3702487051486969,nan,,0.9970588235294118,0.7872340425531915,0.0,1.0,0.9902912621359223,0.9175257731958762,0.18181818181818182,0.0,0.0,Table 6,r2_batch/A_Conch_v15_1hidden_s81.json
A_Conch_v15_1hidden,"Homogeneous CONCH v1.5, one one-hidden-layer projector",homogeneous,82,150,gpu,8,head,0.5645514514315843,0.5108685408494313,0.5645514514315843,0.5108685408494313,0.6258031200769503,0.5980724601284948,,,,,,,0.39237871766090393,nan,,0.9969512195121951,0.907103825136612,0.007575757575757576,1.0,0.9911504424778761,0.96,0.21818181818181817,0.0,0.0,Table 6,r2_batch/A_Conch_v15_1hidden_s82.json
A_Conch_v15_1hidden,"Homogeneous CONCH v1.5, one one-hidden-layer projector",homogeneous,83,150,gpu,8,head,0.48624873192524654,0.44354856280485633,0.48624873192524654,0.44354856280485633,0.705689269194075,0.6788449254741856,,,,,,,0.20086465775966644,nan,,1.0,0.9095744680851063,0.007575757575757576,1.0,0.7264150943396226,0.7326732673267327,0.0,0.0,0.0,Table 6,r2_batch/A_Conch_v15_1hidden_s83.json
A_Conch_v15_1hidden,"Homogeneous CONCH v1.5, one one-hidden-layer projector",homogeneous,84,150,gpu,8,head,0.5852501624431449,0.551609552792212,0.5852501624431449,0.551609552792212,0.7124404872670886,0.7026416812870012,,,,,,,0.3741985261440277,nan,,1.0,0.7555555555555555,0.0,1.0,0.956140350877193,0.9191919191919192,0.6363636363636364,0.0,0.0,Table 6,r2_batch/A_Conch_v15_1hidden_s84.json
A_Conch_v15_1hidden,"Homogeneous CONCH v1.5, one one-hidden-layer projector",homogeneous,85,150,gpu,8,head,0.5332702915681639,0.5022816949071617,0.5332702915681639,0.5022816949071617,0.6920761677761841,0.7014640845040997,,,,,,,0.36093130707740784,nan,,1.0,0.7127659574468085,0.0,1.0,0.9809523809523809,0.82,0.2857142857142857,0.0,0.0,Table 6,r2_batch/A_Conch_v15_1hidden_s85.json
A_Conch_v15_1hidden,"Homogeneous CONCH v1.5, one one-hidden-layer projector",homogeneous,86,150,gpu,8,head,0.5452080538005301,0.5109533004744922,0.5452080538005301,0.5109533004744922,0.6032365154968211,0.5807777242344913,,,,,,,0.40028271079063416,nan,,1.0,0.7513227513227513,0.0,0.9953917050691244,0.9823008849557522,0.91,0.26785714285714285,0.0,0.0,Table 6,r2_batch/A_Conch_v15_1hidden_s86.json
A_Conch_v15_1hidden,"Homogeneous CONCH v1.5, one one-hidden-layer projector",homogeneous,87,150,gpu,8,head,0.568127191940664,0.5266928696785522,0.568127191940664,0.5266928696785522,0.679527943243349,0.6926285116039991,,,,,,,0.37017571926116943,nan,,1.0,0.898876404494382,0.031746031746031744,0.9947089947089947,0.9906542056074766,0.90625,0.2909090909090909,0.0,0.0,Table 6,r2_batch/A_Conch_v15_1hidden_s87.json
A_Conch_v15_1hidden,"Homogeneous CONCH v1.5, one one-hidden-layer projector",homogeneous,88,150,gpu,8,head,0.5869604376758532,0.5416271007165542,0.5869604376758532,0.5416271007165542,0.7092628751855566,0.7082768864529753,,,,,,,0.4013022482395172,nan,,1.0,0.9016393442622951,0.015873015873015872,1.0,1.0,0.9791666666666666,0.38596491228070173,0.0,0.0,Table 6,r2_batch/A_Conch_v15_1hidden_s88.json
A_Conch_v15_1hidden,"Homogeneous CONCH v1.5, one one-hidden-layer projector",homogeneous,89,150,gpu,8,head,0.559365939152199,0.5213714796761875,0.559365939152199,0.5213714796761875,0.6690625393651629,0.6693625280993083,,,,,,,0.3815203011035919,nan,,1.0,0.7210526315789474,0.023255813953488372,1.0,0.9906542056074766,0.9484536082474226,0.3508771929824561,0.0,0.0,Table 6,r2_batch/A_Conch_v15_1hidden_s89.json
A_Conch_v15_1hidden,"Homogeneous CONCH v1.5, one one-hidden-layer projector",homogeneous,90,150,gpu,8,head,0.4602048358279911,0.4252514391731597,0.4602048358279911,0.4252514391731597,0.7625618453745378,0.7451582502819238,,,,,,,0.2198501080274582,nan,,0.9969512195121951,0.4519774011299435,0.0,1.0,0.8867924528301887,0.8061224489795918,0.0,0.0,0.0,Table 6,r2_batch/A_Conch_v15_1hidden_s90.json
A_Conch_v15_1hidden,"Homogeneous CONCH v1.5, one one-hidden-layer projector",homogeneous,91,150,gpu,8,head,0.5105313646980314,0.45751433871532526,0.5105313646980314,0.45751433871532526,0.7715085666400038,0.763424846850151,,,,,,,0.29121094942092896,nan,,1.0,0.8378378378378378,0.0,1.0,0.9444444444444444,0.8125,0.0,0.0,0.0,Table 6,r2_batch/A_Conch_v15_1hidden_s91.json
A_UNI_v2_linear,"Homogeneous UNI v2, one linear projector",homogeneous,62,150,gpu,8,head,0.41267204841339644,0.36070846014091057,0.41267204841339644,0.36070846014091057,0.6823571313750416,0.6634308627207103,,,,,,,0.05276064947247505,nan,,0.9910979228486647,0.9144385026737968,0.06923076923076923,1.0,0.7289719626168224,0.010309278350515464,0.0,0.0,0.0,"Tables 6, 9",r2_batch/A_UNI_v2_linear_s62.json
A_UNI_v2_linear,"Homogeneous UNI v2, one linear projector",homogeneous,63,150,gpu,8,head,0.4455760146720368,0.42159810917483553,0.4455760146720368,0.42159810917483553,0.665766717778445,0.664190856970537,,,,,,,0.05139879509806633,nan,,1.0,0.888268156424581,0.07258064516129033,1.0,0.6513761467889908,0.3979591836734694,0.0,0.0,0.0,"Tables 6, 9",r2_batch/A_UNI_v2_linear_s63.json
A_UNI_v2_linear,"Homogeneous UNI v2, one linear projector",homogeneous,64,150,gpu,8,head,0.4699268763853164,0.43510733686284603,0.4699268763853164,0.43510733686284603,0.6471664047179571,0.6196936746673697,,,,,,,0.07853534817695618,nan,,0.9969040247678018,0.9148936170212766,0.022900763358778626,0.9951219512195122,0.6363636363636364,0.6631578947368421,0.0,0.0,0.0,"Tables 6, 9",r2_batch/A_UNI_v2_linear_s64.json
A_UNI_v2_linear,"Homogeneous UNI v2, one linear projector",homogeneous,65,150,gpu,8,head,0.458087790522622,0.411802133463386,0.458087790522622,0.411802133463386,0.7060906919416641,0.6844090182184626,,,,,,,0.06483834236860275,nan,,0.9968354430379747,0.9340659340659341,0.0,1.0,0.8207547169811321,0.3711340206185567,0.0,0.0,0.0,"Tables 6, 9",r2_batch/A_UNI_v2_linear_s65.json
A_UNI_v2_linear,"Homogeneous UNI v2, one linear projector",homogeneous,66,150,gpu,8,head,0.4057966495157646,0.368201236410344,0.4057966495157646,0.368201236410344,0.6539818321042641,0.6387318619567358,,,,,,,0.09002569317817688,nan,,0.9913544668587896,0.9052631578947369,0.051470588235294115,1.0,0.5714285714285714,0.1326530612244898,0.0,0.0,0.0,"Tables 6, 9",r2_batch/A_UNI_v2_linear_s66.json
A_UNI_v2_linear,"Homogeneous UNI v2, one linear projector",homogeneous,67,150,gpu,8,head,0.4103826629525104,0.37547275423336945,0.4103826629525104,0.37547275423336945,0.7072081740295362,0.6958100543116683,,,,,,,0.04548092186450958,nan,,0.9940652818991098,0.8967391304347826,0.022388059701492536,1.0,0.5353535353535354,0.24489795918367346,0.0,0.0,0.0,"Tables 6, 9",r2_batch/A_UNI_v2_linear_s67.json
A_UNI_v2_linear,"Homogeneous UNI v2, one linear projector",homogeneous,68,150,gpu,8,head,0.495756810341445,0.47769059020623533,0.495756810341445,0.47769059020623533,0.7151086684749165,0.6820998225683578,,,,,,,0.06601299345493317,nan,,0.9880597014925373,0.907103825136612,0.06766917293233082,1.0,0.6521739130434783,0.6831683168316832,0.16363636363636364,0.0,0.0,"Tables 6, 9",r2_batch/A_UNI_v2_linear_s68.json
A_UNI_v2_linear,"Homogeneous UNI v2, one linear projector",homogeneous,69,150,gpu,8,head,0.4662288028506225,0.43066640561074016,0.4662288028506225,0.43066640561074016,0.6296719035519841,0.620774301718453,,,,,,,0.038341280072927475,nan,,0.9971910112359551,0.8835978835978836,0.007194244604316547,0.9947643979057592,0.75,0.5454545454545454,0.017857142857142856,0.0,0.0,"Tables 6, 9",r2_batch/A_UNI_v2_linear_s69.json
A_UNI_v2_linear,"Homogeneous UNI v2, one linear projector",homogeneous,70,150,gpu,8,head,0.4843641423022922,0.45471544054709984,0.4843641423022922,0.45471544054709984,0.6459359367055071,0.6433784107155194,,,,,,,0.05478521063923836,nan,,0.9848942598187311,0.9042553191489362,0.11023622047244094,0.9947368421052631,0.86,0.5051546391752577,0.0,0.0,0.0,"Tables 6, 9",r2_batch/A_UNI_v2_linear_s70.json
A_UNI_v2_linear,"Homogeneous UNI v2, one linear projector",homogeneous,71,150,gpu,8,head,0.4304798622797947,0.38280808801372757,0.4304798622797947,0.38280808801372757,0.6415417103470221,0.638248315119001,,,,,,,0.055913299322128296,nan,,0.9969135802469136,0.9251336898395722,0.047244094488188976,1.0,0.7961165048543689,0.10891089108910891,0.0,0.0,0.0,"Tables 6, 9",r2_batch/A_UNI_v2_linear_s71.json
A_UNI_v2_linear,"Homogeneous UNI v2, one linear projector",homogeneous,72,150,gpu,8,head,0.4216365867863508,0.36183676773941453,0.4216365867863508,0.36183676773941453,0.7405879753534346,0.7197466359683921,,,,,,,0.07335757464170456,nan,,0.9938271604938271,0.9152542372881356,0.015625,1.0,0.8173913043478261,0.05263157894736842,0.0,0.0,0.0,"Tables 6, 9",r2_batch/A_UNI_v2_linear_s72.json
A_UNI_v2_linear,"Homogeneous UNI v2, one linear projector",homogeneous,73,150,gpu,8,head,0.4803262720033852,0.4492985314114544,0.4803262720033852,0.4492985314114544,0.7126500150209797,0.7011656909149937,,,,,,,0.08516421169042587,nan,,1.0,0.8793103448275862,0.007518796992481203,1.0,0.8376068376068376,0.5257731958762887,0.07272727272727272,0.0,0.0,"Tables 6, 9",r2_batch/A_UNI_v2_linear_s73.json
A_UNI_v2_linear,"Homogeneous UNI v2, one linear projector",homogeneous,74,150,gpu,8,head,0.50148448311495,0.46620476913323117,0.50148448311495,0.46620476913323117,0.7032209513518616,0.684151580625592,,,,,,,0.03872104734182358,nan,,0.9969604863221885,0.8465608465608465,0.0546875,1.0,0.9181818181818182,0.696969696969697,0.0,0.0,0.0,"Tables 6, 9",r2_batch/A_UNI_v2_linear_s74.json
A_UNI_v2_linear,"Homogeneous UNI v2, one linear projector",homogeneous,75,150,gpu,8,head,0.4020565963627212,0.35012981892487477,0.4020565963627212,0.35012981892487477,0.6551975607672654,0.6500351336825901,,,,,,,0.03286195173859596,nan,,0.9938461538461538,0.912568306010929,0.0546875,1.0,0.6574074074074074,0.0,0.0,0.0,0.0,"Tables 6, 9",r2_batch/A_UNI_v2_linear_s75.json
A_UNI_v2_linear,"Homogeneous UNI v2, one linear projector",homogeneous,76,150,gpu,8,head,0.4443367892028606,0.4122997570933394,0.4443367892028606,0.4122997570933394,0.6683121848814113,0.6563801134429812,,,,,,,0.04970100149512291,nan,,1.0,0.7967032967032966,0.0390625,1.0,0.8571428571428571,0.30612244897959184,0.0,0.0,0.0,"Tables 6, 9",r2_batch/A_UNI_v2_linear_s76.json
A_UNI_v2_linear,"Homogeneous UNI v2, one linear projector",homogeneous,77,150,gpu,8,head,0.46681457345891375,0.422020274897592,0.46681457345891375,0.422020274897592,0.6720310786865684,0.6587793396810331,,,,,,,0.0426928773522377,nan,,0.99079754601227,0.8835978835978836,0.0,1.0,0.9042553191489362,0.422680412371134,0.0,0.0,0.0,"Tables 6, 9",r2_batch/A_UNI_v2_linear_s77.json
A_UNI_v2_linear,"Homogeneous UNI v2, one linear projector",homogeneous,78,150,gpu,8,head,0.3619550144160868,0.31362105596944834,0.3619550144160868,0.31362105596944834,0.6496230987462778,0.6385630640491061,,,,,,,0.058981940150260925,nan,,0.9970326409495549,0.8900523560209425,0.16296296296296298,1.0,0.20754716981132076,0.0,0.0,0.0,0.0,"Tables 6, 9",r2_batch/A_UNI_v2_linear_s78.json
A_UNI_v2_linear,"Homogeneous UNI v2, one linear projector",homogeneous,79,150,gpu,8,head,0.40420797040351414,0.34587709356014185,0.40420797040351414,0.34587709356014185,0.6626511549731335,0.6356673703544907,,,,,,,0.07038576155900955,nan,,0.990909090909091,0.8763440860215054,0.0,1.0,0.75,0.020618556701030927,0.0,0.0,0.0,"Tables 6, 9",r2_batch/A_UNI_v2_linear_s79.json
A_UNI_v2_linear,"Homogeneous UNI v2, one linear projector",homogeneous,80,150,gpu,8,head,0.48897736767104427,0.44980554275871815,0.48897736767104427,0.44980554275871815,0.6276811953232393,0.6270655869429699,,,,,,,0.0742221549153328,nan,,1.0,0.8950276243093923,0.031007751937984496,0.9948186528497409,0.9142857142857143,0.5656565656565656,0.0,0.0,0.0,"Tables 6, 9",r2_batch/A_UNI_v2_linear_s80.json
A_UNI_v2_linear,"Homogeneous UNI v2, one linear projector",homogeneous,81,150,gpu,8,head,0.4536583592734504,0.41587213044864385,0.4536583592734504,0.41587213044864385,0.6848648642452314,0.6533943744029322,,,,,,,0.05875314027070999,nan,,0.9941176470588236,0.9361702127659575,0.0,1.0,0.6990291262135923,0.4536082474226804,0.0,0.0,0.0,"Tables 6, 9",r2_batch/A_UNI_v2_linear_s81.json
A_UNI_v2_linear,"Homogeneous UNI v2, one linear projector",homogeneous,82,150,gpu,8,head,0.41452630026324444,0.3587509502616026,0.41452630026324444,0.3587509502616026,0.6419814752508755,0.6405628267168947,,,,,,,0.07659764587879181,nan,,0.9969512195121951,0.8961748633879781,0.0,1.0,0.7876106194690266,0.05,0.0,0.0,0.0,"Tables 6, 9",r2_batch/A_UNI_v2_linear_s82.json
A_UNI_v2_linear,"Homogeneous UNI v2, one linear projector",homogeneous,83,150,gpu,8,head,0.49221241084305434,0.44919971377368234,0.49221241084305434,0.44919971377368234,0.6987718389200007,0.68950596087925,,,,,,,0.06638026982545853,nan,,0.9970149253731343,0.9361702127659575,0.06818181818181818,1.0,0.9433962264150944,0.48514851485148514,0.0,0.0,0.0,"Tables 6, 9",r2_batch/A_UNI_v2_linear_s83.json
A_UNI_v2_linear,"Homogeneous UNI v2, one linear projector",homogeneous,84,150,gpu,8,head,0.33367635281139973,0.2607066248338573,0.33367635281139973,0.2607066248338573,0.6867423624019194,0.6728011098843483,,,,,,,0.0771196186542511,nan,,1.0,0.9555555555555556,0.03875968992248062,1.0,0.008771929824561403,0.0,0.0,0.0,0.0,"Tables 6, 9",r2_batch/A_UNI_v2_linear_s84.json
A_UNI_v2_linear,"Homogeneous UNI v2, one linear projector",homogeneous,85,150,gpu,8,head,0.46139352721941645,0.41030153115713414,0.46139352721941645,0.41030153115713414,0.702949109125975,0.6821366006659958,,,,,,,0.07192981988191605,nan,,1.0,0.9148936170212766,0.015267175572519083,1.0,0.9523809523809523,0.27,0.0,0.0,0.0,"Tables 6, 9",r2_batch/A_UNI_v2_linear_s85.json
A_UNI_v2_linear,"Homogeneous UNI v2, one linear projector",homogeneous,86,150,gpu,8,head,0.34447290412783904,0.2872535082937136,0.34447290412783904,0.2872535082937136,0.6529337056489266,0.6376550921500154,,,,,,,0.06332185864448547,nan,,0.9971098265895953,0.9047619047619048,0.072992700729927,0.9953917050691244,0.0,0.13,0.0,0.0,0.0,"Tables 6, 9",r2_batch/A_UNI_v2_linear_s86.json
A_UNI_v2_linear,"Homogeneous UNI v2, one linear projector",homogeneous,87,150,gpu,8,head,0.4457890280166603,0.4056063043086176,0.4457890280166603,0.4056063043086176,0.6969018883717697,0.677071433189649,,,,,,,0.039721857756376266,nan,,0.9941002949852508,0.9157303370786517,0.007936507936507936,1.0,0.8130841121495327,0.28125,0.0,0.0,0.0,"Tables 6, 9",r2_batch/A_UNI_v2_linear_s87.json
A_UNI_v2_linear,"Homogeneous UNI v2, one linear projector",homogeneous,88,150,gpu,8,head,0.4487081274728625,0.40743761477980844,0.4487081274728625,0.40743761477980844,0.7134218395587842,0.6933474653679323,,,,,,,0.05662168562412262,nan,,0.9968152866242038,0.9180327868852459,0.0,1.0,0.831858407079646,0.2916666666666667,0.0,0.0,0.0,"Tables 6, 9",r2_batch/A_UNI_v2_linear_s88.json
A_UNI_v2_linear,"Homogeneous UNI v2, one linear projector",homogeneous,89,150,gpu,8,head,0.47738984871048096,0.4379778743512909,0.47738984871048096,0.4379778743512909,0.6963048632932853,0.6801632365405865,,,,,,,0.07426878064870834,nan,,1.0,0.8526315789473684,0.0,1.0,0.794392523364486,0.6494845360824743,0.0,0.0,0.0,"Tables 6, 9",r2_batch/A_UNI_v2_linear_s89.json
A_UNI_v2_linear,"Homogeneous UNI v2, one linear projector",homogeneous,90,150,gpu,8,head,0.5170046547554722,0.4602861152275665,0.5170046547554722,0.4602861152275665,0.6743515568385734,0.6691586174111677,,,,,,,0.0679931491613388,nan,,0.9878048780487805,0.8983050847457628,0.015873015873015872,1.0,0.9245283018867925,0.826530612244898,0.0,0.0,0.0,"Tables 6, 9",r2_batch/A_UNI_v2_linear_s90.json
A_UNI_v2_linear,"Homogeneous UNI v2, one linear projector",homogeneous,91,150,gpu,8,head,0.455949304318941,0.4323286763555779,0.455949304318941,0.4323286763555779,0.7102292322239909,0.6992299066923815,,,,,,,0.08404795825481415,nan,,1.0,0.9027027027027027,0.07518796992481203,0.9943820224719101,0.6574074074074074,0.4375,0.03636363636363636,0.0,0.0,"Tables 6, 9",r2_batch/A_UNI_v2_linear_s91.json
A_UNI_v2_3group_linear,"Homogeneous UNI v2, three group-tied projectors",homogeneous,62,150,gpu,8,head,0.6915645568636789,0.684942413951261,0.6915645568636789,0.684942413951261,0.4782343758612569,0.4185512631048989,,,,,,,-0.258186012506485,0.46828468640645343,1.0,0.9584569732937686,0.9251336898395722,0.45384615384615384,0.9900497512437811,0.9065420560747663,0.8556701030927835,0.7818181818181819,0.3269230769230769,0.02564102564102564,"Tables 6, 9",r2_batch/A_UNI_v2_3group_linear_s62.json
A_UNI_v2_3group_linear,"Homogeneous UNI v2, three group-tied projectors",homogeneous,63,150,gpu,8,head,0.647739727830271,0.662285906673179,0.647739727830271,0.662285906673179,0.4398756817390683,0.3710540985087253,,,,,,,-0.33278849720954895,0.6197385713458061,0.9992389649923896,0.9909365558912386,0.8156424581005587,0.5645161290322581,1.0,0.9724770642201835,0.8163265306122449,0.36363636363636365,0.30612244897959184,0.0,"Tables 6, 9",r2_batch/A_UNI_v2_3group_linear_s63.json
A_UNI_v2_3group_linear,"Homogeneous UNI v2, three group-tied projectors",homogeneous,64,150,gpu,8,head,0.5853617122701333,0.5815016266788464,0.5853617122701333,0.5815016266788464,0.43022294189261046,0.39294519341441003,,,,,,,-0.06300638616085052,0.4190741413169437,1.0,0.9628482972136223,0.7872340425531915,0.19083969465648856,0.9951219512195122,0.6666666666666666,0.8842105263157894,0.19642857142857142,0.5849056603773585,0.0,"Tables 6, 9",r2_batch/A_UNI_v2_3group_linear_s64.json
A_UNI_v2_3group_linear,"Homogeneous UNI v2, three group-tied projectors",homogeneous,65,150,gpu,8,head,0.656954749509363,0.6769236928960348,0.656954749509363,0.6769236928960348,0.5394128364975364,0.496953050118748,,,,,,,-0.16260984539985657,0.42792344093322754,0.9990942028985508,0.9715189873417721,0.8186813186813187,0.7669172932330827,1.0,0.7452830188679245,0.5670103092783505,0.41818181818181815,0.625,0.0,"Tables 6, 9",r2_batch/A_UNI_v2_3group_linear_s65.json
A_UNI_v2_3group_linear,"Homogeneous UNI v2, three group-tied projectors",homogeneous,66,150,gpu,8,head,0.6840728722855743,0.7161057284928263,0.6840728722855743,0.7161057284928263,0.6440700644432149,0.6533160027866493,,,,,,,-0.17835958302021027,0.6452455520629883,1.0,0.9913544668587896,0.7263157894736842,0.7205882352941176,1.0,0.9142857142857143,0.6530612244897959,0.48214285714285715,0.4117647058823529,0.2571428571428571,"Tables 6, 9",r2_batch/A_UNI_v2_3group_linear_s66.json
A_UNI_v2_3group_linear,"Homogeneous UNI v2, three group-tied projectors",homogeneous,67,150,gpu,8,head,0.5933074559106085,0.5938363388024375,0.5933074559106085,0.5938363388024375,0.320859132405924,0.25890426438902314,,,,,,,-0.09634317457675934,0.4969918694761064,1.0,0.9910979228486647,0.8967391304347826,0.13432835820895522,0.8817204301075269,0.8181818181818182,0.6122448979591837,0.5454545454545454,0.46,0.0,"Tables 6, 9",r2_batch/A_UNI_v2_3group_linear_s67.json
A_UNI_v2_3group_linear,"Homogeneous UNI v2, three group-tied projectors",homogeneous,68,150,gpu,8,head,0.6336287459778602,0.6694773340882054,0.6336287459778602,0.6694773340882054,0.6031373944774181,0.6048601816004175,,,,,,,-0.1423715054988861,0.6717113918728299,1.0,0.9611940298507463,0.8907103825136612,0.2631578947368421,1.0,0.8,0.42574257425742573,0.6363636363636364,0.49019607843137253,0.23529411764705882,"Tables 6, 9",r2_batch/A_UNI_v2_3group_linear_s68.json
A_UNI_v2_3group_linear,"Homogeneous UNI v2, three group-tied projectors",homogeneous,69,150,gpu,8,head,0.615491575864758,0.6333674294883098,0.615491575864758,0.6333674294883098,0.5331726336994065,0.49162708575756425,,,,,,,-0.11368922889232635,0.3159469250175688,1.0,0.9662921348314607,0.8306878306878307,0.6187050359712231,0.9947643979057592,0.4423076923076923,0.5252525252525253,0.5535714285714286,0.6078431372549019,0.0,"Tables 6, 9",r2_batch/A_UNI_v2_3group_linear_s69.json
A_UNI_v2_3group_linear,"Homogeneous UNI v2, three group-tied projectors",homogeneous,70,150,gpu,8,head,0.5832412901806063,0.582506947002535,0.5832412901806063,0.582506947002535,0.391574450840114,0.34172544903940516,,,,,,,-0.14462275803089142,0.5689407719506158,0.9993127147766323,0.9758308157099698,0.8191489361702128,0.31496062992125984,1.0,0.8,0.7731958762886598,0.3090909090909091,0.0625,0.19444444444444445,"Tables 6, 9",r2_batch/A_UNI_v2_3group_linear_s70.json
A_UNI_v2_3group_linear,"Homogeneous UNI v2, three group-tied projectors",homogeneous,71,150,gpu,8,head,0.6567889198468818,0.6625826935763752,0.6567889198468818,0.6625826935763752,0.31769410649672847,0.27851573552322145,,,,,,,-0.08341318368911743,0.09799910005595949,1.0,0.9969135802469136,0.8502673796791443,0.5826771653543307,1.0,0.8737864077669902,0.40594059405940597,0.6181818181818182,0.5833333333333334,0.0,"Tables 6, 9",r2_batch/A_UNI_v2_3group_linear_s71.json
A_UNI_v2_3group_linear,"Homogeneous UNI v2, three group-tied projectors",homogeneous,72,150,gpu,8,head,0.6057813028112861,0.5949383340611889,0.6057813028112861,0.5949383340611889,0.3278296804774065,0.28207874907199126,,,,,,,-0.15285442769527435,0.7005926039483812,1.0,0.9907407407407407,0.8870056497175142,0.359375,0.9947368421052631,0.8869565217391304,0.7684210526315789,0.0,0.4897959183673469,0.075,"Tables 6, 9",r2_batch/A_UNI_v2_3group_linear_s72.json
A_UNI_v2_3group_linear,"Homogeneous UNI v2, three group-tied projectors",homogeneous,73,150,gpu,8,head,0.6700335778249509,0.6660731403379027,0.6700335778249509,0.6660731403379027,0.5554870220385145,0.48896069235054274,,,,,,,-0.14772893488407135,0.6711054576767815,0.9992997198879552,0.9321533923303835,0.8850574712643678,0.3383458646616541,1.0,0.8376068376068376,0.8556701030927835,0.8545454545454545,0.3269230769230769,0.0,"Tables 6, 9",r2_batch/A_UNI_v2_3group_linear_s73.json
A_UNI_v2_3group_linear,"Homogeneous UNI v2, three group-tied projectors",homogeneous,74,150,gpu,8,head,0.5460639345644412,0.5515780160630077,0.5460639345644412,0.5515780160630077,0.34896892095843046,0.2710068283178399,,,,,,,-0.12717968225479126,0.5131055646472507,0.99933598937583,0.9969604863221885,0.8042328042328042,0.125,0.9576719576719577,0.8272727272727273,0.6767676767676768,0.23636363636363636,0.2653061224489796,0.025,"Tables 6, 9",r2_batch/A_UNI_v2_3group_linear_s74.json
A_UNI_v2_3group_linear,"Homogeneous UNI v2, three group-tied projectors",homogeneous,75,150,gpu,8,head,0.5115444372929573,0.506494675441573,0.5115444372929573,0.506494675441573,0.25325082268217514,0.1686462065778562,,,,,,,-0.1430598795413971,0.46300481425391304,1.0,1.0,0.6939890710382514,0.4453125,0.8857142857142857,0.7592592592592593,0.6767676767676768,0.14285714285714285,0.0,0.0,"Tables 6, 9",r2_batch/A_UNI_v2_3group_linear_s75.json
A_UNI_v2_3group_linear,"Homogeneous UNI v2, three group-tied projectors",homogeneous,76,150,gpu,8,head,0.6008165445665445,0.6202018985096273,0.6008165445665445,0.6202018985096273,0.28194194000246525,0.21279745177857878,,,,,,,-0.14399752020835876,0.5142584409978654,0.9991158267020336,1.0,0.7582417582417582,0.65625,1.0,0.6,0.673469387755102,0.5357142857142857,0.1836734693877551,0.0,"Tables 6, 9",r2_batch/A_UNI_v2_3group_linear_s76.json
A_UNI_v2_3group_linear,"Homogeneous UNI v2, three group-tied projectors",homogeneous,77,150,gpu,8,head,0.5333196974093002,0.5496786260081561,0.5333196974093002,0.5496786260081561,0.3139024921358576,0.2899352602307076,,,,,,,-0.21639974415302277,0.6575737959808774,0.9992301770592764,0.9723926380368099,0.8888888888888888,0.21138211382113822,0.845771144278607,0.48936170212765956,0.7835051546391752,0.36363636363636365,0.19230769230769232,0.05263157894736842,"Tables 6, 9",r2_batch/A_UNI_v2_3group_linear_s77.json
A_UNI_v2_3group_linear,"Homogeneous UNI v2, three group-tied projectors",homogeneous,78,150,gpu,8,head,0.6327138790342417,0.6481972504738978,0.6327138790342417,0.6481972504738978,0.6170976267821575,0.6078847669390647,,,,,,,-0.21249140799045563,0.7020072142283121,0.999231950844854,0.9643916913946587,0.8743455497382199,0.3925925925925926,1.0,0.9528301886792453,0.5567010309278351,0.625,0.27450980392156865,0.05405405405405406,"Tables 6, 9",r2_batch/A_UNI_v2_3group_linear_s78.json
A_UNI_v2_3group_linear,"Homogeneous UNI v2, three group-tied projectors",homogeneous,79,150,gpu,8,head,0.5017478986052315,0.4916122023999331,0.5017478986052315,0.4916122023999331,0.55112080137372,0.4984033200552923,,,,,,,-0.10440049320459366,0.3204742893576622,1.0,0.9242424242424242,0.7849462365591398,0.6461538461538462,1.0,0.6346153846153846,0.5257731958762887,0.0,0.0,0.0,"Tables 6, 9",r2_batch/A_UNI_v2_3group_linear_s79.json
A_UNI_v2_3group_linear,"Homogeneous UNI v2, three group-tied projectors",homogeneous,80,150,gpu,8,head,0.658689064784615,0.6699731225813607,0.658689064784615,0.6699731225813607,0.2980080111540059,0.22768063134963482,,,,,,,-0.11610360443592072,0.6370299193594191,1.0,1.0,0.9723756906077348,0.3875968992248062,1.0,0.819047619047619,0.8686868686868687,0.5535714285714286,0.3269230769230769,0.0,"Tables 6, 9",r2_batch/A_UNI_v2_3group_linear_s80.json
A_UNI_v2_3group_linear,"Homogeneous UNI v2, three group-tied projectors",homogeneous,81,150,gpu,8,head,0.6478118089318017,0.675351137499476,0.6478118089318017,0.675351137499476,0.4118404101235612,0.3697697774145207,,,,,,,-0.20616501569747925,0.7544176313612196,1.0,1.0,0.8829787234042553,0.3333333333333333,1.0,0.8640776699029126,0.8144329896907216,0.16363636363636364,0.4897959183673469,0.28205128205128205,"Tables 6, 9",r2_batch/A_UNI_v2_3group_linear_s81.json
A_UNI_v2_3group_linear,"Homogeneous UNI v2, three group-tied projectors",homogeneous,82,150,gpu,8,head,0.5567713032175945,0.582630800617765,0.5567713032175945,0.582630800617765,0.5372856846201641,0.5208918461368475,,,,,,,-0.13126064836978912,0.553515570031272,1.0,1.0,0.7923497267759563,0.11363636363636363,0.9333333333333333,0.8141592920353983,0.63,0.2727272727272727,0.32653061224489793,0.1282051282051282,"Tables 6, 9",r2_batch/A_UNI_v2_3group_linear_s82.json
A_UNI_v2_3group_linear,"Homogeneous UNI v2, three group-tied projectors",homogeneous,83,150,gpu,8,head,0.772253080321369,0.7779639302123671,0.772253080321369,0.7779639302123671,0.37117613039340863,0.2592353099157046,,,,,,,-0.2379727065563202,0.4834531359374523,1.0,0.9970149253731343,0.8829787234042553,0.6666666666666666,1.0,0.8867924528301887,0.45544554455445546,0.7678571428571429,0.34615384615384615,0.9473684210526315,"Tables 6, 9",r2_batch/A_UNI_v2_3group_linear_s83.json
A_UNI_v2_3group_linear,"Homogeneous UNI v2, three group-tied projectors",homogeneous,84,150,gpu,8,head,0.5257554978678911,0.4936891299631858,0.5257554978678911,0.4936891299631858,0.3355144396173193,0.2839219016645001,,,,,,,-0.09338749945163727,0.30095241798294914,1.0,0.9969418960244648,0.9055555555555556,0.3875968992248062,0.844559585492228,0.8947368421052632,0.6767676767676768,0.0,0.0,0.02564102564102564,"Tables 6, 9",r2_batch/A_UNI_v2_3group_linear_s84.json
A_UNI_v2_3group_linear,"Homogeneous UNI v2, three group-tied projectors",homogeneous,85,150,gpu,8,head,0.59209759495613,0.6081664869977502,0.59209759495613,0.6081664869977502,0.25129467960003454,0.16523945591278105,,,,,,,-0.22208833694458008,0.6909076770146688,0.9992816091954023,1.0,0.6808510638297872,0.13740458015267176,1.0,0.8666666666666667,0.6,0.42857142857142855,0.6153846153846154,0.0,"Tables 6, 9",r2_batch/A_UNI_v2_3group_linear_s85.json
A_UNI_v2_3group_linear,"Homogeneous UNI v2, three group-tied projectors",homogeneous,86,150,gpu,8,head,0.6775436151183056,0.6892454403772401,0.6775436151183056,0.6892454403772401,0.38792053893714457,0.33306939400149027,,,,,,,-0.14395296573638916,0.2199618590788709,1.0,0.9913294797687862,0.783068783068783,0.5912408759124088,0.9585253456221198,0.9469026548672567,0.93,0.4107142857142857,0.4583333333333333,0.027777777777777776,"Tables 6, 9",r2_batch/A_UNI_v2_3group_linear_s86.json
A_UNI_v2_3group_linear,"Homogeneous UNI v2, three group-tied projectors",homogeneous,87,150,gpu,8,head,0.5641160686837315,0.542524348205126,0.5641160686837315,0.542524348205126,0.2517012514243419,0.12865980382653616,,,,,,,-0.14884483814239502,0.644053128030565,1.0,0.9970501474926253,0.8370786516853933,0.23015873015873015,1.0,0.7476635514018691,0.4895833333333333,0.0,0.7755102040816326,0.0,"Tables 6, 9",r2_batch/A_UNI_v2_3group_linear_s87.json
A_UNI_v2_3group_linear,"Homogeneous UNI v2, three group-tied projectors",homogeneous,88,150,gpu,8,head,0.653459385527704,0.6765581292061597,0.653459385527704,0.6765581292061597,0.5937119127393454,0.6132332996681515,,,,,,,-0.2635578513145447,0.6731060610877143,1.0,0.9968152866242038,0.825136612021858,0.5317460317460317,1.0,0.6902654867256637,0.9270833333333334,0.3684210526315789,0.4583333333333333,0.08333333333333333,"Tables 6, 9",r2_batch/A_UNI_v2_3group_linear_s88.json
A_UNI_v2_3group_linear,"Homogeneous UNI v2, three group-tied projectors",homogeneous,89,150,gpu,8,head,0.5989633874143117,0.6328869348036149,0.5989633874143117,0.6328869348036149,0.416569330584942,0.37565286695368116,,,,,,,-0.3248416781425476,0.45745430721176994,0.9990791896869244,1.0,0.6263157894736842,0.4728682170542636,0.8768472906403941,0.9158878504672897,0.6907216494845361,0.12280701754385964,0.21153846153846154,0.47368421052631576,"Tables 6, 9",r2_batch/A_UNI_v2_3group_linear_s89.json
A_UNI_v2_3group_linear,"Homogeneous UNI v2, three group-tied projectors",homogeneous,90,150,gpu,8,head,0.5346050380959979,0.5112561978839417,0.5346050380959979,0.5112561978839417,0.35524329704856106,0.2935233201326011,,,,,,,-0.11155223101377487,0.5086860226260291,1.0,0.975609756097561,0.7344632768361582,0.6349206349206349,1.0,0.7547169811320755,0.6938775510204082,0.017857142857142856,0.0,0.0,"Tables 6, 9",r2_batch/A_UNI_v2_3group_linear_s90.json
A_UNI_v2_3group_linear,"Homogeneous UNI v2, three group-tied projectors",homogeneous,91,150,gpu,8,head,0.5515787664400801,0.5570166084885498,0.5515787664400801,0.5570166084885498,0.3369698692441951,0.26328023745602247,,,,,,,-0.09372048079967499,0.11152450657553142,1.0,0.9970501474926253,0.8378378378378378,0.05263157894736842,0.9719101123595506,0.7870370370370371,0.71875,0.12727272727272726,0.4423076923076923,0.029411764705882353,"Tables 6, 9",r2_batch/A_UNI_v2_3group_linear_s91.json
A_Virchow2_linear,"Homogeneous Virchow2, one linear projector",homogeneous,62,150,gpu,8,head,0.6426023573940473,0.6410682198767748,0.6426023573940473,0.6410682198767748,0.6734734347531797,0.6831358162900728,,,,,,,0.3655448257923126,nan,,0.9970326409495549,0.93048128342246,0.24615384615384617,0.9950248756218906,1.0,0.9175257731958762,0.5818181818181818,0.11538461538461539,0.0,"Tables 6, 9",r2_batch/A_Virchow2_linear_s62.json
A_Virchow2_linear,"Homogeneous Virchow2, one linear projector",homogeneous,63,150,gpu,8,head,0.6195026865884992,0.6208472982280353,0.6195026865884992,0.6208472982280353,0.7654936374596815,0.766312277055009,,,,,,,0.27661311626434326,nan,,1.0,0.6703910614525139,0.12096774193548387,1.0,0.9724770642201835,0.9285714285714286,0.45454545454545453,0.42857142857142855,0.0,"Tables 6, 9",r2_batch/A_Virchow2_linear_s63.json
A_Virchow2_linear,"Homogeneous Virchow2, one linear projector",homogeneous,64,150,gpu,8,head,0.421990392649257,0.3684130946274559,0.421990392649257,0.3684130946274559,0.7380996142873708,0.7416067196601289,,,,,,,0.28865426778793335,nan,,0.9938080495356038,0.6329787234042553,0.0916030534351145,0.9951219512195122,0.98989898989899,0.021052631578947368,0.03571428571428571,0.03773584905660377,0.0,"Tables 6, 9",r2_batch/A_Virchow2_linear_s64.json
A_Virchow2_linear,"Homogeneous Virchow2, one linear projector",homogeneous,65,150,gpu,8,head,0.6399297090043248,0.6346847886632299,0.6399297090043248,0.6346847886632299,0.7175174239218394,0.7322436979461435,,,,,,,0.34978634119033813,nan,,0.9968354430379747,0.8076923076923077,0.48872180451127817,1.0,0.9716981132075472,0.9175257731958762,0.4727272727272727,0.10416666666666667,0.0,"Tables 6, 9",r2_batch/A_Virchow2_linear_s65.json
A_Virchow2_linear,"Homogeneous Virchow2, one linear projector",homogeneous,66,150,gpu,8,head,0.7078686103993671,0.7204153253145339,0.7078686103993671,0.7204153253145339,0.7166015195197853,0.71940519772209,,,,,,,0.38155651092529297,nan,,0.9942363112391931,0.968421052631579,0.2647058823529412,0.9950248756218906,0.9904761904761905,0.9081632653061225,0.7321428571428571,0.11764705882352941,0.4,"Tables 6, 9",r2_batch/A_Virchow2_linear_s66.json
A_Virchow2_linear,"Homogeneous Virchow2, one linear projector",homogeneous,67,150,gpu,8,head,0.6670163190212555,0.6333173144827697,0.6670163190212555,0.6333173144827697,0.6697863574916406,0.6462371255403507,,,,,,,0.3850425183773041,nan,,0.9910979228486647,0.9782608695652174,0.029850746268656716,1.0,0.9595959595959596,0.9897959183673469,0.8545454545454545,0.2,0.0,"Tables 6, 9",r2_batch/A_Virchow2_linear_s67.json
A_Virchow2_linear,"Homogeneous Virchow2, one linear projector",homogeneous,68,150,gpu,8,head,0.665272779336353,0.6462356991909274,0.665272779336353,0.6462356991909274,0.6718087713786287,0.6548437623468271,,,,,,,0.3873347342014313,nan,,0.9880597014925373,0.9508196721311475,0.24812030075187969,1.0,1.0,0.900990099009901,0.7818181818181819,0.11764705882352941,0.0,"Tables 6, 9",r2_batch/A_Virchow2_linear_s68.json
A_Virchow2_linear,"Homogeneous Virchow2, one linear projector",homogeneous,69,150,gpu,8,head,0.5339489339819808,0.5068821678113444,0.5339489339819808,0.5068821678113444,0.8276438051590568,0.8317817643514309,,,,,,,0.2674829959869385,nan,,0.9887640449438202,0.7936507936507936,0.0,1.0,0.9807692307692307,0.5353535353535354,0.42857142857142855,0.0784313725490196,0.0,"Tables 6, 9",r2_batch/A_Virchow2_linear_s69.json
A_Virchow2_linear,"Homogeneous Virchow2, one linear projector",homogeneous,70,150,gpu,8,head,0.6703506431991267,0.6582511822789034,0.6703506431991267,0.6582511822789034,0.6571377557013809,0.6511886922634077,,,,,,,0.3781757354736328,nan,,0.9909365558912386,0.9627659574468085,0.29133858267716534,0.9947368421052631,0.99,0.9484536082474226,0.7090909090909091,0.14583333333333334,0.0,"Tables 6, 9",r2_batch/A_Virchow2_linear_s70.json
A_Virchow2_linear,"Homogeneous Virchow2, one linear projector",homogeneous,71,150,gpu,8,head,0.7310847749440226,0.7331144226302444,0.7310847749440226,0.7331144226302444,0.7128136093826655,0.7275391928720123,,,,,,,0.3856453001499176,nan,,0.9969135802469136,0.93048128342246,0.4094488188976378,1.0,1.0,0.9504950495049505,0.7090909090909091,0.5833333333333334,0.0,"Tables 6, 9",r2_batch/A_Virchow2_linear_s71.json
A_Virchow2_linear,"Homogeneous Virchow2, one linear projector",homogeneous,72,150,gpu,8,head,0.6905712712671639,0.6680009463941142,0.6905712712671639,0.6680009463941142,0.6833946538547786,0.6814928895848125,,,,,,,0.4068026542663574,nan,,0.9969135802469136,0.9491525423728814,0.3046875,1.0,0.9826086956521739,0.968421052631579,0.8909090909090909,0.12244897959183673,0.0,"Tables 6, 9",r2_batch/A_Virchow2_linear_s72.json
A_Virchow2_linear,"Homogeneous Virchow2, one linear projector",homogeneous,73,150,gpu,8,head,0.6097377775064704,0.5805595190551612,0.6097377775064704,0.5805595190551612,0.8128596572661579,0.8131242637437741,,,,,,,0.31457895040512085,nan,,1.0,0.8850574712643678,0.0,1.0,0.9572649572649573,0.9278350515463918,0.5636363636363636,0.15384615384615385,0.0,"Tables 6, 9",r2_batch/A_Virchow2_linear_s73.json
A_Virchow2_linear,"Homogeneous Virchow2, one linear projector",homogeneous,74,150,gpu,8,head,0.5348995553608648,0.5167805899287461,0.5348995553608648,0.5167805899287461,0.6912473522434261,0.691611073415815,,,,,,,0.21508044004440308,nan,,1.0,0.3333333333333333,0.1015625,1.0,0.9545454545454546,0.9292929292929293,0.45454545454545453,0.04081632653061224,0.0,"Tables 6, 9",r2_batch/A_Virchow2_linear_s74.json
A_Virchow2_linear,"Homogeneous Virchow2, one linear projector",homogeneous,75,150,gpu,8,head,0.6205347667645189,0.6012489250292801,0.6205347667645189,0.6012489250292801,0.6428427737271739,0.6367316522678566,,,,,,,0.3934851586818695,nan,,1.0,0.9672131147540983,0.2421875,1.0,1.0,0.9595959595959596,0.375,0.04081632653061224,0.0,"Tables 6, 9",r2_batch/A_Virchow2_linear_s75.json
A_Virchow2_linear,"Homogeneous Virchow2, one linear projector",homogeneous,76,150,gpu,8,head,0.5993013765335193,0.5951830881041795,0.5993013765335193,0.5951830881041795,0.7623041429408253,0.7478236240478027,,,,,,,0.2569616138935089,nan,,1.0,0.8241758241758241,0.140625,1.0,0.9238095238095239,0.9591836734693877,0.32142857142857145,0.22448979591836735,0.0,"Tables 6, 9",r2_batch/A_Virchow2_linear_s76.json
A_Virchow2_linear,"Homogeneous Virchow2, one linear projector",homogeneous,77,150,gpu,8,head,0.4922253170855417,0.44897890576076704,0.4922253170855417,0.44897890576076704,0.792578649535212,0.7945475382884211,,,,,,,0.2683933675289154,nan,,0.9846625766871165,0.7566137566137566,0.0,1.0,0.9787234042553191,0.5463917525773195,0.16363636363636364,0.0,0.0,"Tables 6, 9",r2_batch/A_Virchow2_linear_s77.json
A_Virchow2_linear,"Homogeneous Virchow2, one linear projector",homogeneous,78,150,gpu,8,head,0.6827815079572996,0.6691828801949568,0.6827815079572996,0.6691828801949568,0.695219030100382,0.7180752235557937,,,,,,,0.3837667405605316,nan,,0.9940652818991098,0.9528795811518325,0.32592592592592595,1.0,1.0,0.9278350515463918,0.7678571428571429,0.17647058823529413,0.0,"Tables 6, 9",r2_batch/A_Virchow2_linear_s78.json
A_Virchow2_linear,"Homogeneous Virchow2, one linear projector",homogeneous,79,150,gpu,8,head,0.5920374816844458,0.5463882182729018,0.5920374816844458,0.5463882182729018,0.7427343254386757,0.7418163613433282,,,,,,,0.28770342469215393,nan,,0.990909090909091,0.8172043010752689,0.0,1.0,1.0,0.9484536082474226,0.5454545454545454,0.0,0.02631578947368421,"Tables 6, 9",r2_batch/A_Virchow2_linear_s79.json
A_Virchow2_linear,"Homogeneous Virchow2, one linear projector",homogeneous,80,150,gpu,8,head,0.7024660136632235,0.6926984569456948,0.7024660136632235,0.6926984569456948,0.6733902077879469,0.6733912855562507,,,,,,,0.38881033658981323,nan,,1.0,0.7292817679558011,0.6356589147286822,0.9948186528497409,0.9904761904761905,0.9595959595959596,0.8392857142857143,0.17307692307692307,0.0,"Tables 6, 9",r2_batch/A_Virchow2_linear_s80.json
A_Virchow2_linear,"Homogeneous Virchow2, one linear projector",homogeneous,81,150,gpu,8,head,0.742052036115584,0.7452488325464075,0.742052036115584,0.7452488325464075,0.7506436340332118,0.7627970917542737,,,,,,,0.3640131950378418,nan,,1.0,0.9574468085106383,0.29545454545454547,1.0,1.0,0.9484536082474226,0.9454545454545454,0.32653061224489793,0.20512820512820512,"Tables 6, 9",r2_batch/A_Virchow2_linear_s81.json
A_Virchow2_linear,"Homogeneous Virchow2, one linear projector",homogeneous,82,150,gpu,8,head,0.653488058578935,0.6450331000013061,0.653488058578935,0.6450331000013061,0.7211487714863786,0.7294982024827248,,,,,,,0.39394059777259827,nan,,0.9908536585365854,0.9016393442622951,0.5378787878787878,1.0,0.9823008849557522,0.96,0.34545454545454546,0.16326530612244897,0.0,"Tables 6, 9",r2_batch/A_Virchow2_linear_s82.json
A_Virchow2_linear,"Homogeneous Virchow2, one linear projector",homogeneous,83,150,gpu,8,head,0.6347976291556525,0.5911170954133396,0.6347976291556525,0.5911170954133396,0.6487779134508439,0.6330433606918088,,,,,,,0.37327003479003906,nan,,0.9940298507462687,0.9680851063829787,0.05303030303030303,1.0,1.0,0.9603960396039604,0.6607142857142857,0.07692307692307693,0.0,"Tables 6, 9",r2_batch/A_Virchow2_linear_s83.json
A_Virchow2_linear,"Homogeneous Virchow2, one linear projector",homogeneous,84,150,gpu,8,head,0.7022491018207053,0.69213097160288,0.7022491018207053,0.69213097160288,0.6919997345537943,0.7022694953577188,,,,,,,0.40724480152130127,nan,,1.0,0.9777777777777777,0.31007751937984496,1.0,0.9736842105263158,0.9797979797979798,0.8545454545454545,0.17307692307692307,0.05128205128205128,"Tables 6, 9",r2_batch/A_Virchow2_linear_s84.json
A_Virchow2_linear,"Homogeneous Virchow2, one linear projector",homogeneous,85,150,gpu,8,head,0.6891985530890008,0.6631304028421802,0.6891985530890008,0.6631304028421802,0.6949161765988392,0.6817731193249597,,,,,,,0.4130702316761017,nan,,0.9969418960244648,0.9680851063829787,0.3816793893129771,1.0,0.9904761904761905,0.97,0.8571428571428571,0.038461538461538464,0.0,"Tables 6, 9",r2_batch/A_Virchow2_linear_s85.json
A_Virchow2_linear,"Homogeneous Virchow2, one linear projector",homogeneous,86,150,gpu,8,head,0.7169681505474393,0.7174982317379336,0.7169681505474393,0.7174982317379336,0.7473196812267737,0.7759887346888197,,,,,,,0.39714446663856506,nan,,0.9942196531791907,0.8835978835978836,0.5620437956204379,0.9953917050691244,1.0,0.95,0.8035714285714286,0.20833333333333334,0.05555555555555555,"Tables 6, 9",r2_batch/A_Virchow2_linear_s86.json
A_Virchow2_linear,"Homogeneous Virchow2, one linear projector",homogeneous,87,150,gpu,8,head,0.6566367517013122,0.631480817371484,0.6566367517013122,0.631480817371484,0.6454767530453187,0.6253752392172583,,,,,,,0.3775077164173126,nan,,0.9911504424778761,0.9662921348314607,0.2857142857142857,1.0,1.0,0.9166666666666666,0.7090909090909091,0.04081632653061224,0.0,"Tables 6, 9",r2_batch/A_Virchow2_linear_s87.json
A_Virchow2_linear,"Homogeneous Virchow2, one linear projector",homogeneous,88,150,gpu,8,head,0.7762300872604089,0.7819612359714796,0.7762300872604089,0.7819612359714796,0.7632917951123095,0.7829795299838176,,,,,,,0.4184015691280365,nan,,0.9968152866242038,0.9726775956284153,0.14285714285714285,1.0,1.0,0.9270833333333334,0.8771929824561403,0.7083333333333334,0.3611111111111111,"Tables 6, 9",r2_batch/A_Virchow2_linear_s88.json
A_Virchow2_linear,"Homogeneous Virchow2, one linear projector",homogeneous,89,150,gpu,8,head,0.5936518255657364,0.5654722968791712,0.5936518255657364,0.5654722968791712,0.76528853335868,0.7726714551152928,,,,,,,0.323426753282547,nan,,0.9970149253731343,0.7736842105263158,0.10077519379844961,1.0,1.0,0.8556701030927835,0.5964912280701754,0.019230769230769232,0.0,"Tables 6, 9",r2_batch/A_Virchow2_linear_s89.json
A_Virchow2_linear,"Homogeneous Virchow2, one linear projector",homogeneous,90,150,gpu,8,head,0.6326256699955279,0.6298326473288992,0.6326256699955279,0.6298326473288992,0.7805142202536296,0.7539482605650168,,,,,,,0.2255111187696457,nan,,0.9939024390243902,0.8757062146892656,0.1746031746031746,1.0,0.9716981132075472,0.8979591836734694,0.5714285714285714,0.20833333333333334,0.0,"Tables 6, 9",r2_batch/A_Virchow2_linear_s90.json
A_Virchow2_linear,"Homogeneous Virchow2, one linear projector",homogeneous,91,150,gpu,8,head,0.6906681053813405,0.6746560425344591,0.6906681053813405,0.6746560425344591,0.680146506785802,0.676442691920255,,,,,,,0.40199267864227295,nan,,0.9941002949852508,0.9243243243243243,0.2932330827067669,0.9943820224719101,0.9907407407407407,0.9791666666666666,0.8545454545454545,0.038461538461538464,0.14705882352941177,"Tables 6, 9",r2_batch/A_Virchow2_linear_s91.json
A_Virchow2_3group_linear,"Homogeneous Virchow2, three group-tied projectors",homogeneous,62,150,gpu,8,head,0.5683091598974589,0.5615179406302186,0.5683091598974589,0.5615179406302186,0.6040553295045287,0.593778441786507,,,,,,,-0.0708332285284996,0.4888674153221978,1.0,0.9881305637982196,0.9090909090909091,0.16923076923076924,1.0,0.6635514018691588,0.5773195876288659,0.7818181818181819,0.0,0.02564102564102564,"Tables 6, 9",r2_batch/A_Virchow2_3group_linear_s62.json
A_Virchow2_3group_linear,"Homogeneous Virchow2, three group-tied projectors",homogeneous,63,150,gpu,8,head,0.71809018872325,0.7443036062617031,0.71809018872325,0.7443036062617031,0.607369317733464,0.618678290835725,,,,,,,-0.42711421847343445,0.5827326625585556,1.0,1.0,0.7374301675977654,0.5483870967741935,1.0,1.0,0.8775510204081632,0.6545454545454545,0.24489795918367346,0.4,"Tables 6, 9",r2_batch/A_Virchow2_3group_linear_s63.json
A_Virchow2_3group_linear,"Homogeneous Virchow2, three group-tied projectors",homogeneous,64,150,gpu,8,head,0.7548469776535685,0.7787942650258669,0.7548469776535685,0.7787942650258669,0.5974297439942762,0.6067597842610567,,,,,,,-0.06654144823551178,0.6346820924017165,1.0,0.9566563467492261,0.8882978723404256,0.549618320610687,0.9512195121951219,0.9292929292929293,0.9473684210526315,0.6785714285714286,0.5849056603773585,0.3076923076923077,"Tables 6, 9",r2_batch/A_Virchow2_3group_linear_s64.json
A_Virchow2_3group_linear,"Homogeneous Virchow2, three group-tied projectors",homogeneous,65,150,gpu,8,head,0.701534869378277,0.7221118744894398,0.701534869378277,0.7221118744894398,0.7188893490903765,0.72185420399077,,,,,,,-0.17449058592319489,0.5450941158665551,1.0,0.9493670886075949,0.6648351648351648,0.7744360902255639,1.0,0.9622641509433962,0.845360824742268,0.5272727272727272,0.3125,0.2777777777777778,"Tables 6, 9",r2_batch/A_Virchow2_3group_linear_s65.json
A_Virchow2_3group_linear,"Homogeneous Virchow2, three group-tied projectors",homogeneous,66,150,gpu,8,head,0.7615595027130626,0.7913747949225507,0.7615595027130626,0.7913747949225507,0.7206230731957999,0.729569705486998,,,,,,,-0.20285162329673767,0.6193416979577806,1.0,0.9855907780979827,0.7368421052631579,0.8308823529411765,1.0,0.9047619047619048,0.7755102040816326,0.6428571428571429,0.5490196078431373,0.42857142857142855,"Tables 6, 9",r2_batch/A_Virchow2_3group_linear_s66.json
A_Virchow2_3group_linear,"Homogeneous Virchow2, three group-tied projectors",homogeneous,67,150,gpu,8,head,0.7120387418535108,0.7148536660094172,0.7120387418535108,0.7148536660094172,0.6450782537453753,0.6485961188017364,,,,,,,-0.2980988323688507,0.6145970258447859,1.0,0.9940652818991098,0.7010869565217391,0.43283582089552236,0.9946236559139785,0.9595959595959596,0.8979591836734694,0.8181818181818182,0.56,0.05,"Tables 6, 9",r2_batch/A_Virchow2_3group_linear_s67.json
A_Virchow2_3group_linear,"Homogeneous Virchow2, three group-tied projectors",homogeneous,68,150,gpu,8,head,0.7027608463349966,0.6952327827854731,0.7027608463349966,0.6952327827854731,0.6895798457235514,0.7125741284748064,,,,,,,0.2294129878282547,0.4779785970846812,1.0,0.9791044776119403,0.9453551912568307,0.03007518796992481,1.0,0.9826086956521739,0.7821782178217822,0.6545454545454545,0.6862745098039216,0.2647058823529412,"Tables 6, 9",r2_batch/A_Virchow2_3group_linear_s68.json
A_Virchow2_3group_linear,"Homogeneous Virchow2, three group-tied projectors",homogeneous,69,150,gpu,8,head,0.7401523039879243,0.7284009710884551,0.7401523039879243,0.7284009710884551,0.6835626916043626,0.6829206310964006,,,,,,,0.12281924486160278,0.3511345436175664,1.0,0.8735955056179775,0.8306878306878307,0.7338129496402878,0.9947643979057592,0.9423076923076923,0.7070707070707071,0.8928571428571429,0.6862745098039216,0.0,"Tables 6, 9",r2_batch/A_Virchow2_3group_linear_s69.json
A_Virchow2_3group_linear,"Homogeneous Virchow2, three group-tied projectors",homogeneous,70,150,gpu,8,head,0.7147332518490815,0.7420300550893935,0.7147332518490815,0.7420300550893935,0.7008086392019082,0.7131268035905813,,,,,,,-0.028564948588609695,0.4261788260191679,1.0,0.9697885196374623,0.8723404255319149,0.3228346456692913,0.9947368421052631,0.87,0.8247422680412371,0.6545454545454545,0.5625,0.3611111111111111,"Tables 6, 9",r2_batch/A_Virchow2_3group_linear_s70.json
A_Virchow2_3group_linear,"Homogeneous Virchow2, three group-tied projectors",homogeneous,71,150,gpu,8,head,0.7939985959729765,0.8066288752992773,0.7939985959729765,0.8066288752992773,0.7565270970817586,0.7712783809801758,,,,,,,0.25543978810310364,0.3689568241437276,1.0,0.9969135802469136,0.8770053475935828,0.6377952755905512,1.0,0.9902912621359223,0.9603960396039604,0.8363636363636363,0.7083333333333334,0.1388888888888889,"Tables 6, 9",r2_batch/A_Virchow2_3group_linear_s71.json
A_Virchow2_3group_linear,"Homogeneous Virchow2, three group-tied projectors",homogeneous,72,150,gpu,8,head,0.6991775607509009,0.7138884527872593,0.6991775607509009,0.7138884527872593,0.32916273584557737,0.3082580962807908,,,,,,,-0.1314994841814041,0.6346549921565585,1.0,0.9938271604938271,0.9322033898305084,0.3046875,1.0,0.8521739130434782,0.9473684210526315,0.4909090909090909,0.5714285714285714,0.2,"Tables 6, 9",r2_batch/A_Virchow2_3group_linear_s72.json
A_Virchow2_3group_linear,"Homogeneous Virchow2, three group-tied projectors",homogeneous,73,150,gpu,8,head,0.6137955792546177,0.5924133032052974,0.6137955792546177,0.5924133032052974,0.5618325325349235,0.5495390036948629,,,,,,,-0.11966448277235031,0.532451738913854,1.0,0.8436578171091446,0.8793103448275862,0.03007518796992481,1.0,0.9914529914529915,0.5670103092783505,0.8545454545454545,0.25,0.10810810810810811,"Tables 6, 9",r2_batch/A_Virchow2_3group_linear_s73.json
A_Virchow2_3group_linear,"Homogeneous Virchow2, three group-tied projectors",homogeneous,74,150,gpu,8,head,0.5944090996506778,0.5990360396955801,0.5944090996506778,0.5990360396955801,0.5935404894967754,0.5842004527102822,,,,,,,-0.14761051535606384,0.586912645234002,1.0,0.9969604863221885,0.9047619047619048,0.3671875,0.9841269841269841,0.7272727272727273,0.8787878787878788,0.2727272727272727,0.14285714285714285,0.075,"Tables 6, 9",r2_batch/A_Virchow2_3group_linear_s74.json
A_Virchow2_3group_linear,"Homogeneous Virchow2, three group-tied projectors",homogeneous,75,150,gpu,8,head,0.6868514642233905,0.710477499539842,0.6868514642233905,0.710477499539842,0.6639155868664879,0.668662950952131,,,,,,,-0.0983639657497406,0.5135470098919339,1.0,0.9938461538461538,0.6721311475409836,0.5390625,0.9904761904761905,0.5277777777777778,0.9797979797979798,0.75,0.42857142857142855,0.3,"Tables 6, 9",r2_batch/A_Virchow2_3group_linear_s75.json
A_Virchow2_3group_linear,"Homogeneous Virchow2, three group-tied projectors",homogeneous,76,150,gpu,8,head,0.7345436968121379,0.7601733661357609,0.7345436968121379,0.7601733661357609,0.702108918593398,0.7259586122610974,,,,,,,0.25103381276130676,0.4137532197766834,1.0,0.9968847352024922,0.9340659340659341,0.3671875,1.0,1.0,0.8163265306122449,0.6428571428571429,0.42857142857142855,0.425,"Tables 6, 9",r2_batch/A_Virchow2_3group_linear_s76.json
A_Virchow2_3group_linear,"Homogeneous Virchow2, three group-tied projectors",homogeneous,77,150,gpu,8,head,0.5804412316811444,0.6298142334218949,0.5804412316811444,0.6298142334218949,0.42151379639873654,0.40620544922878427,,,,,,,-0.26431554555892944,0.43891940265893936,1.0,0.9969325153374233,0.8571428571428571,0.25203252032520324,0.9502487562189055,0.6808510638297872,0.5360824742268041,0.36363636363636365,0.19230769230769232,0.39473684210526316,"Tables 6, 9",r2_batch/A_Virchow2_3group_linear_s77.json
A_Virchow2_3group_linear,"Homogeneous Virchow2, three group-tied projectors",homogeneous,78,150,gpu,8,head,0.7020399117978412,0.7324106051808947,0.7020399117978412,0.7324106051808947,0.6374871627878983,0.6447612523008842,,,,,,,-0.15326079726219177,0.5952550901307,0.999231950844854,0.9881305637982196,0.8795811518324608,0.5703703703703704,1.0,0.9716981132075472,0.8041237113402062,0.4642857142857143,0.45098039215686275,0.1891891891891892,"Tables 6, 9",r2_batch/A_Virchow2_3group_linear_s78.json
A_Virchow2_3group_linear,"Homogeneous Virchow2, three group-tied projectors",homogeneous,79,150,gpu,8,head,0.7587412278978035,0.7734865312058324,0.7587412278978035,0.7734865312058324,0.7505174703843549,0.7646720580884332,,,,,,,0.26204580068588257,0.32168276566598153,1.0,0.9515151515151515,0.7634408602150538,0.6307692307692307,1.0,1.0,0.7731958762886598,0.8363636363636363,0.32075471698113206,0.5526315789473685,"Tables 6, 9",r2_batch/A_Virchow2_3group_linear_s79.json
A_Virchow2_3group_linear,"Homogeneous Virchow2, three group-tied projectors",homogeneous,80,150,gpu,8,head,0.6178865263836006,0.6316432111837997,0.6178865263836006,0.6316432111837997,0.3793503526120733,0.3305210990310392,,,,,,,-0.15253426134586334,0.5480012363857694,1.0,0.9884726224783862,0.8342541436464088,0.35658914728682173,0.9896373056994818,0.8285714285714286,0.9393939393939394,0.32142857142857145,0.25,0.05263157894736842,"Tables 6, 9",r2_batch/A_Virchow2_3group_linear_s80.json
A_Virchow2_3group_linear,"Homogeneous Virchow2, three group-tied projectors",homogeneous,81,150,gpu,8,head,0.6721919778460366,0.6820151745633087,0.6721919778460366,0.6820151745633087,0.7242803191288948,0.7411611631179343,,,,,,,-0.08892206102609634,0.5585151215394338,1.0,0.9970588235294118,0.8936170212765957,0.25,1.0,0.970873786407767,0.9484536082474226,0.5454545454545454,0.3673469387755102,0.07692307692307693,"Tables 6, 9",r2_batch/A_Virchow2_3group_linear_s81.json
A_Virchow2_3group_linear,"Homogeneous Virchow2, three group-tied projectors",homogeneous,82,150,gpu,8,head,0.6662415742575031,0.694388023773,0.6662415742575031,0.694388023773,0.6031801058281945,0.608364804164249,,,,,,,-0.23459398746490479,0.5540588100751241,1.0,0.9939024390243902,0.907103825136612,0.4015151515151515,0.9948717948717949,0.911504424778761,0.74,0.6181818181818182,0.32653061224489793,0.10256410256410256,"Tables 6, 9",r2_batch/A_Virchow2_3group_linear_s82.json
A_Virchow2_3group_linear,"Homogeneous Virchow2, three group-tied projectors",homogeneous,83,150,gpu,8,head,0.8259164459911715,0.8408557898244976,0.8259164459911715,0.8408557898244976,0.6632033628554227,0.6112258344422277,,,,,,,-0.1332537680864334,0.5746841579675674,1.0,0.9940298507462687,0.6702127659574468,0.6742424242424242,1.0,0.9811320754716981,0.8514851485148515,0.75,0.5384615384615384,0.9736842105263158,"Tables 6, 9",r2_batch/A_Virchow2_3group_linear_s83.json
A_Virchow2_3group_linear,"Homogeneous Virchow2, three group-tied projectors",homogeneous,84,150,gpu,8,head,0.6086978003205793,0.6096492675122888,0.6086978003205793,0.6096492675122888,0.5460656429137027,0.5253306938841794,,,,,,,-0.0483839251101017,0.41036095635758507,1.0,0.9847094801223242,0.9,0.2713178294573643,1.0,0.8421052631578947,0.797979797979798,0.509090909090909,0.17307692307692307,0.0,"Tables 6, 9",r2_batch/A_Virchow2_3group_linear_s84.json
A_Virchow2_3group_linear,"Homogeneous Virchow2, three group-tied projectors",homogeneous,85,150,gpu,8,head,0.6606010389834425,0.6694640595419614,0.6606010389834425,0.6694640595419614,0.6121474618347028,0.62796314664892,,,,,,,-0.5382822155952454,0.5473111040062375,1.0,0.9908256880733946,0.6436170212765957,0.5267175572519084,1.0,0.8857142857142857,0.85,0.7857142857142857,0.09615384615384616,0.16666666666666666,"Tables 6, 9",r2_batch/A_Virchow2_3group_linear_s85.json
A_Virchow2_3group_linear,"Homogeneous Virchow2, three group-tied projectors",homogeneous,86,150,gpu,8,head,0.6645356802229182,0.698495382535797,0.6645356802229182,0.698495382535797,0.698353287412013,0.7032059974659629,,,,,,,-0.20238453149795532,0.5131125069326825,1.0,0.9971098265895953,0.8677248677248677,0.46715328467153283,0.9861751152073732,0.9823008849557522,0.6,0.39285714285714285,0.6041666666666666,0.08333333333333333,"Tables 6, 9",r2_batch/A_Virchow2_3group_linear_s86.json
A_Virchow2_3group_linear,"Homogeneous Virchow2, three group-tied projectors",homogeneous,87,150,gpu,8,head,0.7344146505710815,0.7474006067396507,0.7344146505710815,0.7474006067396507,0.6909003408879413,0.6750079956916101,,,,,,,-0.4370974004268646,0.52058906853199,1.0,1.0,0.7865168539325843,0.3253968253968254,1.0,0.8785046728971962,0.8229166666666666,0.7636363636363637,0.7959183673469388,0.23684210526315788,"Tables 6, 9",r2_batch/A_Virchow2_3group_linear_s87.json
A_Virchow2_3group_linear,"Homogeneous Virchow2, three group-tied projectors",homogeneous,88,150,gpu,8,head,0.6616216521913936,0.6834196105663937,0.6616216521913936,0.6834196105663937,0.6561386363741977,0.6813646905580596,,,,,,,-0.155061274766922,0.5156991647349464,1.0,0.9904458598726115,0.8415300546448088,0.5317460317460317,1.0,0.7345132743362832,0.8125,0.543859649122807,0.5,0.0,"Tables 6, 9",r2_batch/A_Virchow2_3group_linear_s88.json
A_Virchow2_3group_linear,"Homogeneous Virchow2, three group-tied projectors",homogeneous,89,150,gpu,8,head,0.7660445191706852,0.7910499495609247,0.7660445191706852,0.7910499495609247,0.6292479799267539,0.626019790354846,,,,,,,-0.47127634286880493,0.5810484207338757,0.9990791896869244,0.9970149253731343,0.7105263157894737,0.5581395348837209,1.0,1.0,0.7319587628865979,0.8947368421052632,0.4230769230769231,0.5789473684210527,"Tables 6, 9",r2_batch/A_Virchow2_3group_linear_s89.json
A_Virchow2_3group_linear,"Homogeneous Virchow2, three group-tied projectors",homogeneous,90,150,gpu,8,head,0.6998057296000296,0.7110988156716949,0.6998057296000296,0.7110988156716949,0.5836394445170024,0.5869510352143121,,,,,,,0.0823865756392479,0.38260723153750104,1.0,0.9786585365853658,0.7288135593220338,0.7222222222222222,0.9893617021276596,0.9433962264150944,0.7959183673469388,0.6607142857142857,0.4791666666666667,0.0,"Tables 6, 9",r2_batch/A_Virchow2_3group_linear_s90.json
A_Virchow2_3group_linear,"Homogeneous Virchow2, three group-tied projectors",homogeneous,91,150,gpu,8,head,0.8034600437529179,0.826586941019857,0.8034600437529179,0.826586941019857,0.7462860321431599,0.777812885827309,,,,,,,0.29380467534065247,0.41402700626187855,1.0,0.9852507374631269,0.8702702702702703,0.48872180451127817,0.9943820224719101,0.9907407407407407,0.8020833333333334,0.7818181818181819,0.7884615384615384,0.5294117647058824,"Tables 6, 9",r2_batch/A_Virchow2_3group_linear_s91.json
plain_fedavg_Conch_v15,"Plain homogeneous FedAvg, CONCH v1.5, two-layer head, no projector",homogeneous,62,150,gpu,,,0.46570767095242416,0.42728951212226657,,,,,,,,,,,,,,,,,,,,,,,"Tables 5, 6, Fig. 2",r2_batch/plain_fedavg_Conch_v15_s62.json
plain_fedavg_Conch_v15,"Plain homogeneous FedAvg, CONCH v1.5, two-layer head, no projector",homogeneous,63,150,gpu,,,0.4543873791294659,0.4312763042725677,,,,,,,,,,,,,,,,,,,,,,,"Tables 5, 6, Fig. 2",r2_batch/plain_fedavg_Conch_v15_s63.json
plain_fedavg_Conch_v15,"Plain homogeneous FedAvg, CONCH v1.5, two-layer head, no projector",homogeneous,64,150,gpu,,,0.45914658133086916,0.42789833396716404,,,,,,,,,,,,,,,,,,,,,,,"Tables 5, 6, Fig. 2",r2_batch/plain_fedavg_Conch_v15_s64.json
plain_fedavg_Conch_v15,"Plain homogeneous FedAvg, CONCH v1.5, two-layer head, no projector",homogeneous,65,150,gpu,,,0.4385125777850929,0.4169929756010645,,,,,,,,,,,,,,,,,,,,,,,"Tables 5, 6, Fig. 2",r2_batch/plain_fedavg_Conch_v15_s65.json
plain_fedavg_Conch_v15,"Plain homogeneous FedAvg, CONCH v1.5, two-layer head, no projector",homogeneous,66,150,gpu,,,0.47818753232287065,0.4383150307346497,,,,,,,,,,,,,,,,,,,,,,,"Tables 5, 6, Fig. 2",r2_batch/plain_fedavg_Conch_v15_s66.json
plain_fedavg_Conch_v15,"Plain homogeneous FedAvg, CONCH v1.5, two-layer head, no projector",homogeneous,67,150,gpu,,,0.4573743676025409,0.41950161966109245,,,,,,,,,,,,,,,,,,,,,,,"Tables 5, 6, Fig. 2",r2_batch/plain_fedavg_Conch_v15_s67.json
plain_fedavg_Conch_v15,"Plain homogeneous FedAvg, CONCH v1.5, two-layer head, no projector",homogeneous,68,150,gpu,,,0.48483912273526475,0.44308518013361964,,,,,,,,,,,,,,,,,,,,,,,"Tables 5, 6, Fig. 2",r2_batch/plain_fedavg_Conch_v15_s68.json
plain_fedavg_Conch_v15,"Plain homogeneous FedAvg, CONCH v1.5, two-layer head, no projector",homogeneous,69,150,gpu,,,0.45567959769530453,0.42911111042708505,,,,,,,,,,,,,,,,,,,,,,,"Tables 5, 6, Fig. 2",r2_batch/plain_fedavg_Conch_v15_s69.json
plain_fedavg_Conch_v15,"Plain homogeneous FedAvg, CONCH v1.5, two-layer head, no projector",homogeneous,70,150,gpu,,,0.4728937881471583,0.4339362541865906,,,,,,,,,,,,,,,,,,,,,,,"Tables 5, 6, Fig. 2",r2_batch/plain_fedavg_Conch_v15_s70.json
plain_fedavg_Conch_v15,"Plain homogeneous FedAvg, CONCH v1.5, two-layer head, no projector",homogeneous,71,150,gpu,,,0.4555563494670426,0.4254140676471451,,,,,,,,,,,,,,,,,,,,,,,"Tables 5, 6, Fig. 2",r2_batch/plain_fedavg_Conch_v15_s71.json
plain_fedavg_Conch_v15,"Plain homogeneous FedAvg, CONCH v1.5, two-layer head, no projector",homogeneous,72,150,gpu,,,0.461563102877147,0.4282751139237828,,,,,,,,,,,,,,,,,,,,,,,"Tables 5, 6, Fig. 2",r2_batch/plain_fedavg_Conch_v15_s72.json
plain_fedavg_Conch_v15,"Plain homogeneous FedAvg, CONCH v1.5, two-layer head, no projector",homogeneous,73,150,gpu,,,0.4628584758931956,0.43381917833820804,,,,,,,,,,,,,,,,,,,,,,,"Tables 5, 6, Fig. 2",r2_batch/plain_fedavg_Conch_v15_s73.json
plain_fedavg_Conch_v15,"Plain homogeneous FedAvg, CONCH v1.5, two-layer head, no projector",homogeneous,74,150,gpu,,,0.4558762225428892,0.42503897591987844,,,,,,,,,,,,,,,,,,,,,,,"Tables 5, 6, Fig. 2",r2_batch/plain_fedavg_Conch_v15_s74.json
plain_fedavg_Conch_v15,"Plain homogeneous FedAvg, CONCH v1.5, two-layer head, no projector",homogeneous,75,150,gpu,,,0.4705311203671859,0.43213670176786745,,,,,,,,,,,,,,,,,,,,,,,"Tables 5, 6, Fig. 2",r2_batch/plain_fedavg_Conch_v15_s75.json
plain_fedavg_Conch_v15,"Plain homogeneous FedAvg, CONCH v1.5, two-layer head, no projector",homogeneous,76,150,gpu,,,0.4372463515320658,0.4203305578544758,,,,,,,,,,,,,,,,,,,,,,,"Tables 5, 6, Fig. 2",r2_batch/plain_fedavg_Conch_v15_s76.json
plain_fedavg_Conch_v15,"Plain homogeneous FedAvg, CONCH v1.5, two-layer head, no projector",homogeneous,77,150,gpu,,,0.4550829226905358,0.42591339662078903,,,,,,,,,,,,,,,,,,,,,,,"Tables 5, 6, Fig. 2",r2_batch/plain_fedavg_Conch_v15_s77.json
plain_fedavg_Conch_v15,"Plain homogeneous FedAvg, CONCH v1.5, two-layer head, no projector",homogeneous,78,150,gpu,,,0.43681616461170214,0.4179881657981626,,,,,,,,,,,,,,,,,,,,,,,"Tables 5, 6, Fig. 2",r2_batch/plain_fedavg_Conch_v15_s78.json
plain_fedavg_Conch_v15,"Plain homogeneous FedAvg, CONCH v1.5, two-layer head, no projector",homogeneous,79,150,gpu,,,0.42592841730686753,0.40698881428741296,,,,,,,,,,,,,,,,,,,,,,,"Tables 5, 6, Fig. 2",r2_batch/plain_fedavg_Conch_v15_s79.json
plain_fedavg_Conch_v15,"Plain homogeneous FedAvg, CONCH v1.5, two-layer head, no projector",homogeneous,80,150,gpu,,,0.4206729309199461,0.40820238267737907,,,,,,,,,,,,,,,,,,,,,,,"Tables 5, 6, Fig. 2",r2_batch/plain_fedavg_Conch_v15_s80.json
plain_fedavg_Conch_v15,"Plain homogeneous FedAvg, CONCH v1.5, two-layer head, no projector",homogeneous,81,150,gpu,,,0.428100631271802,0.4072876218278878,,,,,,,,,,,,,,,,,,,,,,,"Tables 5, 6, Fig. 2",r2_batch/plain_fedavg_Conch_v15_s81.json
plain_fedavg_Conch_v15,"Plain homogeneous FedAvg, CONCH v1.5, two-layer head, no projector",homogeneous,82,150,gpu,,,0.47022980909242335,0.4367553889665947,,,,,,,,,,,,,,,,,,,,,,,"Tables 5, 6, Fig. 2",r2_batch/plain_fedavg_Conch_v15_s82.json
plain_fedavg_Conch_v15,"Plain homogeneous FedAvg, CONCH v1.5, two-layer head, no projector",homogeneous,83,150,gpu,,,0.46389620897055583,0.4378192363666627,,,,,,,,,,,,,,,,,,,,,,,"Tables 5, 6, Fig. 2",r2_batch/plain_fedavg_Conch_v15_s83.json
plain_fedavg_Conch_v15,"Plain homogeneous FedAvg, CONCH v1.5, two-layer head, no projector",homogeneous,84,150,gpu,,,0.43772520526906494,0.41510514630331097,,,,,,,,,,,,,,,,,,,,,,,"Tables 5, 6, Fig. 2",r2_batch/plain_fedavg_Conch_v15_s84.json
plain_fedavg_Conch_v15,"Plain homogeneous FedAvg, CONCH v1.5, two-layer head, no projector",homogeneous,85,150,gpu,,,0.4469390971518631,0.4190955160319149,,,,,,,,,,,,,,,,,,,,,,,"Tables 5, 6, Fig. 2",r2_batch/plain_fedavg_Conch_v15_s85.json
plain_fedavg_Conch_v15,"Plain homogeneous FedAvg, CONCH v1.5, two-layer head, no projector",homogeneous,86,150,gpu,,,0.4655120134702715,0.4319162278472318,,,,,,,,,,,,,,,,,,,,,,,"Tables 5, 6, Fig. 2",r2_batch/plain_fedavg_Conch_v15_s86.json
plain_fedavg_Conch_v15,"Plain homogeneous FedAvg, CONCH v1.5, two-layer head, no projector",homogeneous,87,150,gpu,,,0.4375518967723367,0.41627538591314195,,,,,,,,,,,,,,,,,,,,,,,"Tables 5, 6, Fig. 2",r2_batch/plain_fedavg_Conch_v15_s87.json
plain_fedavg_Conch_v15,"Plain homogeneous FedAvg, CONCH v1.5, two-layer head, no projector",homogeneous,88,150,gpu,,,0.4627008545975251,0.4292701143197814,,,,,,,,,,,,,,,,,,,,,,,"Tables 5, 6, Fig. 2",r2_batch/plain_fedavg_Conch_v15_s88.json
plain_fedavg_Conch_v15,"Plain homogeneous FedAvg, CONCH v1.5, two-layer head, no projector",homogeneous,89,150,gpu,,,0.45904381823621576,0.4302239081067787,,,,,,,,,,,,,,,,,,,,,,,"Tables 5, 6, Fig. 2",r2_batch/plain_fedavg_Conch_v15_s89.json
plain_fedavg_Conch_v15,"Plain homogeneous FedAvg, CONCH v1.5, two-layer head, no projector",homogeneous,90,150,gpu,,,0.4387655996911788,0.4189865565571595,,,,,,,,,,,,,,,,,,,,,,,"Tables 5, 6, Fig. 2",r2_batch/plain_fedavg_Conch_v15_s90.json
plain_fedavg_Conch_v15,"Plain homogeneous FedAvg, CONCH v1.5, two-layer head, no projector",homogeneous,91,150,gpu,,,0.44903375597820033,0.4241328951981502,,,,,,,,,,,,,,,,,,,,,,,"Tables 5, 6, Fig. 2",r2_batch/plain_fedavg_Conch_v15_s91.json
method_linear_balanced_r450,"Reference protocol, 450 rounds",balanced,62,450,gpu,8,head,0.6965417696359336,0.7244454040761686,0.6965417696359336,0.7244454040761686,0.6004945323860387,0.5754251329857824,,,,,,,0.0955258309841156,0.21507407331632244,1.0,0.9970326409495549,0.8770053475935828,0.38461538461538464,1.0,0.9158878504672897,0.6907216494845361,0.7818181818181819,0.4423076923076923,0.1794871794871795,Section V-C/V-D/V-E text,r2_batch/method_linear_balanced_r450_s62.json
method_linear_balanced_r450,"Reference protocol, 450 rounds",balanced,63,450,gpu,8,head,0.7029449468675705,0.7464762893960976,0.7029449468675705,0.7464762893960976,0.400711230706229,0.35903989520231927,,,,,,,-0.27569273114204407,0.6468545161187649,1.0,1.0,0.6759776536312849,0.6048387096774194,1.0,0.8165137614678899,0.8775510204081632,0.4909090909090909,0.2857142857142857,0.575,Section V-C/V-D/V-E text,r2_batch/method_linear_balanced_r450_s63.json
method_linear_balanced_r450,"Reference protocol, 450 rounds",balanced,64,450,gpu,8,head,0.7500082785508619,0.7802963272793954,0.7500082785508619,0.7802963272793954,0.41043012196846973,0.3495087070216967,,,,,,,-0.15389704704284668,0.429252108765973,1.0,0.9009287925696594,0.9414893617021277,0.33587786259541985,0.9951219512195122,0.8686868686868687,0.9263157894736842,0.4642857142857143,0.8301886792452831,0.48717948717948717,Section V-C/V-D/V-E text,r2_batch/method_linear_balanced_r450_s64.json
method_linear_balanced_r450,"Reference protocol, 450 rounds",balanced,65,450,gpu,8,head,0.8022911419175335,0.8145465112313504,0.8022911419175335,0.8145465112313504,0.6839140721914363,0.696498776236941,,,,,,,-0.1814478486776352,0.6572449803352356,0.9990942028985508,0.9936708860759493,0.7637362637362637,0.8421052631578947,1.0,0.9811320754716981,0.8350515463917526,0.9090909090909091,0.6458333333333334,0.25,Section V-C/V-D/V-E text,r2_batch/method_linear_balanced_r450_s65.json
method_linear_balanced_r450,"Reference protocol, 450 rounds",balanced,66,450,gpu,8,head,0.7166339739018976,0.7342451801197684,0.7166339739018976,0.7342451801197684,0.7023040029838047,0.7098060910174371,,,,,,,-0.27392879128456116,0.8031344082620409,1.0,0.6801152737752162,0.4789473684210526,0.8897058823529411,0.9950248756218906,0.9238095238095239,0.8775510204081632,0.5535714285714286,0.45098039215686275,0.6,Section V-C/V-D/V-E text,r2_batch/method_linear_balanced_r450_s66.json
method_linear_balanced_r450,"Reference protocol, 450 rounds",balanced,67,450,gpu,8,head,0.7280885086150441,0.715271167810368,0.7280885086150441,0.715271167810368,0.6247167678812814,0.6424408342640249,,,,,,,-0.1839468628168106,0.6995783845583597,1.0,0.9881305637982196,0.9130434782608695,0.40298507462686567,0.9193548387096774,0.9393939393939394,0.9489795918367347,0.8909090909090909,0.5,0.05,Section V-C/V-D/V-E text,r2_batch/method_linear_balanced_r450_s67.json
method_linear_balanced_r450,"Reference protocol, 450 rounds",balanced,68,450,gpu,8,head,0.7784916575684088,0.7946002220628021,0.7784916575684088,0.7946002220628021,0.7728039017595683,0.7839965496512457,,,,,,,0.16911350190639496,0.5400011473231845,1.0,0.982089552238806,0.9180327868852459,0.37593984962406013,1.0,0.9652173913043478,0.8811881188118812,0.8545454545454545,0.5294117647058824,0.5,Section V-C/V-D/V-E text,r2_batch/method_linear_balanced_r450_s68.json
method_linear_balanced_r450,"Reference protocol, 450 rounds",balanced,69,450,gpu,8,head,0.8440013947166456,0.8674363483634655,0.8440013947166456,0.8674363483634655,0.8288395053044538,0.8533423050375789,,,,,,,0.19030076265335083,0.36291519593861366,1.0,0.9971910112359551,0.8253968253968254,0.6834532374100719,0.9947643979057592,0.9615384615384616,0.9494949494949495,0.8214285714285714,0.7450980392156863,0.6176470588235294,Section V-C/V-D/V-E text,r2_batch/method_linear_balanced_r450_s69.json
method_linear_balanced_r450,"Reference protocol, 450 rounds",balanced,70,450,gpu,8,head,0.7618820096709292,0.7800359628886501,0.7618820096709292,0.7800359628886501,0.7479110400692643,0.7490346093210395,,,,,,,-0.00905071571469307,0.6411742799811893,0.9993127147766323,0.9848942598187311,0.9468085106382979,0.2204724409448819,0.9947368421052631,0.96,0.8762886597938144,0.8181818181818182,0.5833333333333334,0.4722222222222222,Section V-C/V-D/V-E text,r2_batch/method_linear_balanced_r450_s70.json
method_linear_balanced_r450,"Reference protocol, 450 rounds",balanced,71,450,gpu,8,head,0.7660642357385754,0.7936044913719043,0.7660642357385754,0.7936044913719043,0.38968694531811904,0.3314210380650943,,,,,,,-0.06812030076980591,0.20002074539661407,1.0,0.9938271604938271,0.9518716577540107,0.41732283464566927,1.0,0.8932038834951457,0.9702970297029703,0.8,0.5625,0.3055555555555556,Section V-C/V-D/V-E text,r2_batch/method_linear_balanced_r450_s71.json
method_linear_balanced_r450,"Reference protocol, 450 rounds",balanced,72,450,gpu,8,head,0.731226945223864,0.7544566768358572,0.731226945223864,0.7544566768358572,0.42415633120011287,0.41675511990424663,,,,,,,-0.1311751902103424,0.6412784159183502,1.0,0.9660493827160493,0.864406779661017,0.515625,1.0,0.9565217391304348,0.7684210526315789,0.6181818181818182,0.5918367346938775,0.3,Section V-C/V-D/V-E text,r2_batch/method_linear_balanced_r450_s72.json
method_linear_balanced_r450,"Reference protocol, 450 rounds",balanced,73,450,gpu,8,head,0.7383899524684779,0.7530735629680617,0.7383899524684779,0.7530735629680617,0.600498419819158,0.56939270128853,,,,,,,-0.13848356902599335,0.6700189179844327,1.0,0.9557522123893806,0.9310344827586207,0.43609022556390975,0.994413407821229,0.9658119658119658,0.865979381443299,0.8727272727272727,0.46153846153846156,0.16216216216216217,Section V-C/V-D/V-E text,r2_batch/method_linear_balanced_r450_s73.json
method_linear_balanced_r450,"Reference protocol, 450 rounds",balanced,74,450,gpu,8,head,0.6541243098207595,0.6679746207355953,0.6541243098207595,0.6679746207355953,0.4463959135813028,0.39727814353112656,,,,,,,-0.12851779162883759,0.46976931889851886,0.99933598937583,0.993920972644377,0.9259259259259259,0.0703125,1.0,0.8181818181818182,0.8888888888888888,0.4909090909090909,0.4489795918367347,0.25,Section V-C/V-D/V-E text,r2_batch/method_linear_balanced_r450_s74.json
method_linear_balanced_r450,"Reference protocol, 450 rounds",balanced,75,450,gpu,8,head,0.7257927757465065,0.7365818378643272,0.7257927757465065,0.7365818378643272,0.7594462131837717,0.7574551665166159,,,,,,,-0.020561954006552696,0.6557061307960086,1.0,0.9907692307692307,0.8688524590163934,0.3984375,0.9952380952380953,0.9814814814814815,0.9090909090909091,0.6964285714285714,0.5918367346938775,0.1,Section V-C/V-D/V-E text,r2_batch/method_linear_balanced_r450_s75.json
method_linear_balanced_r450,"Reference protocol, 450 rounds",balanced,76,450,gpu,8,head,0.7718792767877249,0.7998853622864379,0.7718792767877249,0.7998853622864379,0.6397742726757873,0.6604327147966536,,,,,,,-0.11718422919511795,0.5709125101566315,1.0,1.0,0.8076923076923077,0.71875,0.9543147208121827,0.9809523809523809,0.8775510204081632,0.7678571428571429,0.4897959183673469,0.35,Section V-C/V-D/V-E text,r2_batch/method_linear_balanced_r450_s76.json
method_linear_balanced_r450,"Reference protocol, 450 rounds",balanced,77,450,gpu,8,head,0.7583760088385936,0.7815646529642689,0.7583760088385936,0.7815646529642689,0.5870029231563448,0.5912562563949487,,,,,,,-0.5179534554481506,0.7196713984012604,0.9992301770592764,0.9723926380368099,0.8783068783068783,0.3008130081300813,1.0,0.9787234042553191,0.9175257731958762,0.8545454545454545,0.4230769230769231,0.5,Section V-C/V-D/V-E text,r2_batch/method_linear_balanced_r450_s77.json
method_linear_balanced_r450,"Reference protocol, 450 rounds",balanced,78,450,gpu,8,head,0.7954416943695762,0.8266491137256087,0.7954416943695762,0.8266491137256087,0.6794802454532156,0.6883365249322456,,,,,,,-0.19584132730960846,0.7934765881962247,0.999231950844854,0.9970326409495549,0.8167539267015707,0.4666666666666667,1.0,0.9811320754716981,0.9484536082474226,0.7857142857142857,0.5686274509803921,0.5945945945945946,Section V-C/V-D/V-E text,r2_batch/method_linear_balanced_r450_s78.json
method_linear_balanced_r450,"Reference protocol, 450 rounds",balanced,79,450,gpu,8,head,0.6331016180449264,0.6138378264566536,0.6331016180449264,0.6138378264566536,0.6774110289170068,0.6393858346853071,,,,,,,0.04860496148467064,0.4588176558415095,1.0,0.8151515151515152,0.7849462365591398,0.7076923076923077,1.0,0.7307692307692307,0.8041237113402062,0.8363636363636363,0.018867924528301886,0.0,Section V-C/V-D/V-E text,r2_batch/method_linear_balanced_r450_s79.json
method_linear_balanced_r450,"Reference protocol, 450 rounds",balanced,80,450,gpu,8,head,0.72879525609621,0.7327762906605552,0.72879525609621,0.7327762906605552,0.33029674157942124,0.2982363359147149,,,,,,,-0.11339818686246872,0.5318359202808804,1.0,0.8731988472622478,0.994475138121547,0.24031007751937986,1.0,0.9714285714285714,0.898989898989899,0.9107142857142857,0.5384615384615384,0.13157894736842105,Section V-C/V-D/V-E text,r2_batch/method_linear_balanced_r450_s80.json
method_linear_balanced_r450,"Reference protocol, 450 rounds",balanced,81,450,gpu,8,head,0.8102488977182281,0.8181564402253119,0.8102488977182281,0.8181564402253119,0.6623945332813803,0.6681636905496352,,,,,,,-0.14199329912662506,0.6168800327512953,1.0,1.0,0.9308510638297872,0.1590909090909091,1.0,0.9902912621359223,0.8144329896907216,0.9454545454545454,0.8367346938775511,0.6153846153846154,Section V-C/V-D/V-E text,r2_batch/method_linear_balanced_r450_s81.json
method_linear_balanced_r450,"Reference protocol, 450 rounds",balanced,82,450,gpu,8,head,0.6118170152254421,0.642532425635753,0.6118170152254421,0.642532425635753,0.6333588149469104,0.6351495483673086,,,,,,,-0.14981482923030853,0.3982526510953903,1.0,1.0,0.8360655737704918,0.24242424242424243,0.9333333333333333,0.8849557522123894,0.66,0.45454545454545453,0.46938775510204084,0.02564102564102564,Section V-C/V-D/V-E text,r2_batch/method_linear_balanced_r450_s82.json
method_linear_balanced_r450,"Reference protocol, 450 rounds",balanced,83,450,gpu,8,head,0.8825197755846461,0.8983269457357408,0.8825197755846461,0.8983269457357408,0.6652654395573008,0.6368344530568304,,,,,,,-0.14864011108875275,0.7322941049933434,1.0,0.9970149253731343,0.925531914893617,0.6893939393939394,1.0,0.9905660377358491,0.9504950495049505,0.75,0.6923076923076923,0.9473684210526315,Section V-C/V-D/V-E text,r2_batch/method_linear_balanced_r450_s83.json
method_linear_balanced_r450,"Reference protocol, 450 rounds",balanced,84,450,gpu,8,head,0.69480790838215,0.7276595077308906,0.69480790838215,0.7276595077308906,0.45762617284730783,0.44330074798706876,,,,,,,-0.06972167640924454,0.3937535517745548,1.0,1.0,0.7166666666666667,0.4186046511627907,0.9948186528497409,0.9298245614035088,0.8787878787878788,0.43636363636363634,0.28846153846153844,0.5897435897435898,Section V-C/V-D/V-E text,r2_batch/method_linear_balanced_r450_s84.json
method_linear_balanced_r450,"Reference protocol, 450 rounds",balanced,85,450,gpu,8,head,0.7975548166899722,0.8249728952023424,0.7975548166899722,0.8249728952023424,0.4592637729534148,0.3801978695017345,,,,,,,-0.13122546672821045,0.7238156861729093,0.9992816091954023,0.9969418960244648,0.7021276595744681,0.5343511450381679,1.0,1.0,0.92,0.875,0.7884615384615384,0.3611111111111111,Section V-C/V-D/V-E text,r2_batch/method_linear_balanced_r450_s85.json
method_linear_balanced_r450,"Reference protocol, 450 rounds",balanced,86,450,gpu,8,head,0.7763113890940544,0.803370013738272,0.7763113890940544,0.803370013738272,0.4736105064727795,0.436121550403033,,,,,,,-0.12465158104896545,0.26611002068966627,1.0,0.9942196531791907,0.8359788359788359,0.6423357664233577,0.9861751152073732,0.9469026548672567,0.98,0.7678571428571429,0.5,0.3333333333333333,Section V-C/V-D/V-E text,r2_batch/method_linear_balanced_r450_s86.json
method_linear_balanced_r450,"Reference protocol, 450 rounds",balanced,87,450,gpu,8,head,0.7585371688976099,0.7736833694517219,0.7585371688976099,0.7736833694517219,0.6382283578066836,0.63967841086078,,,,,,,-0.5217524766921997,0.7751901480886672,1.0,0.9793510324483776,0.9157303370786517,0.21428571428571427,1.0,0.9532710280373832,0.8020833333333334,0.8181818181818182,0.7755102040816326,0.3684210526315789,Section V-C/V-D/V-E text,r2_batch/method_linear_balanced_r450_s87.json
method_linear_balanced_r450,"Reference protocol, 450 rounds",balanced,88,450,gpu,8,head,0.7533064856927058,0.7736318553483313,0.7533064856927058,0.7736318553483313,0.6854114792728332,0.6908067133614315,,,,,,,-0.19372697174549103,0.6145593259069655,1.0,0.9840764331210191,0.819672131147541,0.6111111111111112,1.0,0.9734513274336283,0.8333333333333334,0.9122807017543859,0.22916666666666666,0.4166666666666667,Section V-C/V-D/V-E text,r2_batch/method_linear_balanced_r450_s88.json
method_linear_balanced_r450,"Reference protocol, 450 rounds",balanced,89,450,gpu,8,head,0.8014797206664777,0.8146785110010077,0.8014797206664777,0.8146785110010077,0.6103330673216116,0.6112678630356398,,,,,,,-0.4427163898944855,0.6696260141001807,1.0,1.0,0.8631578947368421,0.43410852713178294,1.0,0.9906542056074766,0.8865979381443299,0.9649122807017544,0.4423076923076923,0.631578947368421,Section V-C/V-D/V-E text,r2_batch/method_linear_balanced_r450_s89.json
method_linear_balanced_r450,"Reference protocol, 450 rounds",balanced,90,450,gpu,8,head,0.766363652710096,0.7817971273424811,0.766363652710096,0.7817971273424811,0.5722275616400935,0.5698220410551021,,,,,,,-0.04674014449119568,0.5472885999414656,1.0,0.9817073170731707,0.8418079096045198,0.746031746031746,1.0,0.9905660377358491,0.7448979591836735,0.8214285714285714,0.6041666666666666,0.16666666666666666,Section V-C/V-D/V-E text,r2_batch/method_linear_balanced_r450_s90.json
abl_ce_only_r450,"Cross-entropy-only protocol, 450 rounds",balanced,62,450,gpu,8,head,0.7966807680280299,0.8175076501029455,0.7966807680280299,0.8175076501029455,0.2369307529560416,0.07183545199641368,,,,,,,-0.2759864330291748,0.27704815400971305,1.0,0.9792284866468842,0.8877005347593583,0.5615384615384615,1.0,0.9626168224299065,0.9587628865979382,0.7818181818181819,0.8076923076923077,0.23076923076923078,Section V-D/V-E text,r2_batch/abl_ce_only_r450_s62.json
abl_ce_only_r450,"Cross-entropy-only protocol, 450 rounds",balanced,63,450,gpu,8,head,0.8061338284595393,0.84048666083124,0.8061338284595393,0.84048666083124,0.23019896130495207,0.09879768512817744,,,,,,,-0.35540053248405457,0.4178455211222172,1.0,0.9969788519637462,0.7821229050279329,0.45161290322580644,1.0,1.0,0.8877551020408163,0.8,0.8367346938775511,0.5,Section V-D/V-E text,r2_batch/abl_ce_only_r450_s63.json
abl_ce_only_r450,"Cross-entropy-only protocol, 450 rounds",balanced,64,450,gpu,8,head,0.813363721156989,0.8381558581197244,0.813363721156989,0.8381558581197244,0.2567955788507853,0.19416540398526635,,,,,,,-0.13874615728855133,0.3447665423154831,1.0,0.9752321981424149,0.8617021276595744,0.48091603053435117,1.0,0.98989898989899,0.8736842105263158,0.8035714285714286,0.5660377358490566,0.7692307692307693,Section V-D/V-E text,r2_batch/abl_ce_only_r450_s64.json
abl_ce_only_r450,"Cross-entropy-only protocol, 450 rounds",balanced,65,450,gpu,8,head,0.8448067590382664,0.8614401924190128,0.8448067590382664,0.8614401924190128,0.21758301383911802,0.11279893005450511,,,,,,,-0.19073794782161713,0.32025472157531315,1.0,0.939873417721519,0.7527472527472527,0.8045112781954887,1.0,0.9905660377358491,0.845360824742268,0.9090909090909091,0.5833333333333334,0.7777777777777778,Section V-D/V-E text,r2_batch/abl_ce_only_r450_s65.json
abl_ce_only_r450,"Cross-entropy-only protocol, 450 rounds",balanced,66,450,gpu,8,head,0.7895522753989271,0.8251071043255761,0.7895522753989271,0.8251071043255761,0.20722288915566228,0.07635770128717903,,,,,,,-0.18354691565036774,0.2410347213347753,1.0,0.9942363112391931,0.8473684210526315,0.6764705882352942,1.0,0.9333333333333333,0.8163265306122449,0.8214285714285714,0.5882352941176471,0.42857142857142855,Section V-D/V-E text,r2_batch/abl_ce_only_r450_s66.json
A_Conch_v15_linear_r450,"Homogeneous CONCH v1.5, one projector, 450 rounds",balanced,62,450,gpu,8,head,0.6379112442543737,0.5845834299209751,0.6379112442543737,0.5845834299209751,0.7583994543312302,0.7363939182881539,,,,,,,0.198116272687912,nan,,0.9881305637982196,0.8663101604278075,0.015384615384615385,0.9950248756218906,0.9906542056074766,0.9381443298969072,0.9090909090909091,0.038461538461538464,0.0,Section V-C text,r2_batch/A_Conch_v15_linear_r450_s62.json
A_Conch_v15_linear_r450,"Homogeneous CONCH v1.5, one projector, 450 rounds",balanced,63,450,gpu,8,head,0.6378675073552973,0.6282290204302022,0.6378675073552973,0.6282290204302022,0.7733574738262609,0.7623397011639584,,,,,,,0.2444983869791031,nan,,1.0,0.7932960893854749,0.016129032258064516,1.0,0.9724770642201835,0.9183673469387755,0.7272727272727273,0.16326530612244897,0.15,Section V-C text,r2_batch/A_Conch_v15_linear_r450_s63.json
A_Conch_v15_linear_r450,"Homogeneous CONCH v1.5, one projector, 450 rounds",balanced,64,450,gpu,8,head,0.6622228988221017,0.623751905499009,0.6622228988221017,0.623751905499009,0.803196874643634,0.7842924741363777,,,,,,,0.23382070660591125,nan,,1.0,0.8882978723404256,0.015267175572519083,0.9951219512195122,0.9797979797979798,0.9578947368421052,0.8928571428571429,0.0,0.23076923076923078,Section V-C text,r2_batch/A_Conch_v15_linear_r450_s64.json
A_Conch_v15_linear_r450,"Homogeneous CONCH v1.5, one projector, 450 rounds",balanced,65,450,gpu,8,head,0.6219940134929539,0.591845559446592,0.6219940134929539,0.591845559446592,0.7512197840591428,0.7487644914748305,,,,,,,0.21097971498966217,nan,,1.0,0.8076923076923077,0.05263157894736842,1.0,0.9811320754716981,0.9587628865979382,0.6727272727272727,0.125,0.0,Section V-C text,r2_batch/A_Conch_v15_linear_r450_s65.json
A_Conch_v15_linear_r450,"Homogeneous CONCH v1.5, one projector, 450 rounds",balanced,66,450,gpu,8,head,0.6415228375611228,0.5951331583285788,0.6415228375611228,0.5951331583285788,0.741737793392602,0.7245260711864696,,,,,,,0.22084787487983704,nan,,0.9942363112391931,0.8842105263157894,0.058823529411764705,0.9850746268656716,0.9809523809523809,0.9489795918367347,0.8928571428571429,0.0,0.02857142857142857,Section V-C text,r2_batch/A_Conch_v15_linear_r450_s66.json
A_Conch_v15_linear_r450,"Homogeneous CONCH v1.5, one projector, 450 rounds",balanced,67,450,gpu,8,head,0.6908361889880642,0.6764487501272707,0.6908361889880642,0.6764487501272707,0.7798397076882101,0.754694642823522,,,,,,,0.23747190833091736,nan,,0.9940652818991098,0.875,0.007462686567164179,1.0,0.9494949494949495,0.9387755102040817,0.8727272727272727,0.38,0.2,Section V-C text,r2_batch/A_Conch_v15_linear_r450_s67.json
A_Conch_v15_linear_r450,"Homogeneous CONCH v1.5, one projector, 450 rounds",balanced,68,450,gpu,8,head,0.6120469416393841,0.6051114505735493,0.6120469416393841,0.6051114505735493,0.8047258811214667,0.7854244143807678,,,,,,,0.2619088590145111,nan,,0.9880597014925373,0.7650273224043715,0.09022556390977443,1.0,0.9826086956521739,0.8514851485148515,0.6545454545454545,0.11764705882352941,0.058823529411764705,Section V-C text,r2_batch/A_Conch_v15_linear_r450_s68.json
A_Conch_v15_linear_r450,"Homogeneous CONCH v1.5, one projector, 450 rounds",balanced,69,450,gpu,8,head,0.7403511742891663,0.7390735283255627,0.7403511742891663,0.7390735283255627,0.7507726987999893,0.7247628618289683,,,,,,,0.21433576941490173,nan,,0.9971910112359551,0.8201058201058201,0.014388489208633094,0.9895287958115183,0.9903846153846154,0.9292929292929293,0.8928571428571429,0.35294117647058826,0.6764705882352942,Section V-C text,r2_batch/A_Conch_v15_linear_r450_s69.json
A_Conch_v15_linear_r450,"Homogeneous CONCH v1.5, one projector, 450 rounds",balanced,70,450,gpu,8,head,0.7063549183062396,0.67720785164239,0.7063549183062396,0.67720785164239,0.7207161313418039,0.7019413485277681,,,,,,,0.216457799077034,nan,,0.9879154078549849,0.8882978723404256,0.0,0.9947368421052631,0.98,0.9278350515463918,0.8909090909090909,0.020833333333333332,0.6666666666666666,Section V-C text,r2_batch/A_Conch_v15_linear_r450_s70.json
A_Conch_v15_linear_r450,"Homogeneous CONCH v1.5, one projector, 450 rounds",balanced,71,450,gpu,8,head,0.7342738648036943,0.736028206567915,0.7342738648036943,0.736028206567915,0.7696965119955893,0.7613274281385544,,,,,,,0.24716158211231232,nan,,1.0,0.9197860962566845,0.047244094488188976,1.0,0.970873786407767,0.900990099009901,0.8181818181818182,0.22916666666666666,0.7222222222222222,Section V-C text,r2_batch/A_Conch_v15_linear_r450_s71.json
A_Conch_v15_linear_r450,"Homogeneous CONCH v1.5, one projector, 450 rounds",balanced,72,450,gpu,8,head,0.6405467905076936,0.6127993921468095,0.6405467905076936,0.6127993921468095,0.7749148452330079,0.7632676775131055,,,,,,,0.24984848499298096,nan,,1.0,0.8813559322033898,0.03125,1.0,0.9391304347826087,0.9473684210526315,0.8,0.04081632653061224,0.125,Section V-C text,r2_batch/A_Conch_v15_linear_r450_s72.json
A_Conch_v15_linear_r450,"Homogeneous CONCH v1.5, one projector, 450 rounds",balanced,73,450,gpu,8,head,0.6650466854715924,0.6386272045116897,0.6650466854715924,0.6386272045116897,0.7700497936860285,0.7536686857881038,,,,,,,0.2328333854675293,nan,,1.0,0.8218390804597702,0.03759398496240601,1.0,0.9743589743589743,0.9587628865979382,0.9272727272727272,0.21153846153846154,0.05405405405405406,Section V-C text,r2_batch/A_Conch_v15_linear_r450_s73.json
A_Conch_v15_linear_r450,"Homogeneous CONCH v1.5, one projector, 450 rounds",balanced,74,450,gpu,8,head,0.6579244402825962,0.6413960563584611,0.6579244402825962,0.6413960563584611,0.7722232961378308,0.7497957937383889,,,,,,,0.21115736663341522,nan,,0.993920972644377,0.7777777777777778,0.0625,1.0,0.9727272727272728,0.9393939393939394,0.8,0.0,0.375,Section V-C text,r2_batch/A_Conch_v15_linear_r450_s74.json
A_Conch_v15_linear_r450,"Homogeneous CONCH v1.5, one projector, 450 rounds",balanced,75,450,gpu,8,head,0.6356775824634595,0.5903603020088417,0.6356775824634595,0.5903603020088417,0.7907844239695982,0.7754448698228947,,,,,,,0.24295547604560852,nan,,0.9938461538461538,0.8797814207650273,0.015625,1.0,0.9629629629629629,0.9494949494949495,0.8035714285714286,0.04081632653061224,0.075,Section V-C text,r2_batch/A_Conch_v15_linear_r450_s75.json
A_Conch_v15_linear_r450,"Homogeneous CONCH v1.5, one projector, 450 rounds",balanced,76,450,gpu,8,head,0.6596565388976103,0.6311890224955813,0.6596565388976103,0.6311890224955813,0.7644960544326366,0.7504497344591303,,,,,,,0.2389155477285385,nan,,1.0,0.9010989010989011,0.0546875,1.0,1.0,0.9795918367346939,0.7857142857142857,0.04081632653061224,0.175,Section V-C text,r2_batch/A_Conch_v15_linear_r450_s76.json
A_Conch_v15_linear_r450,"Homogeneous CONCH v1.5, one projector, 450 rounds",balanced,77,450,gpu,8,head,0.662424317279416,0.656188422255941,0.662424317279416,0.656188422255941,0.7926843091584359,0.7720563746071577,,,,,,,0.1978440135717392,nan,,0.99079754601227,0.8835978835978836,0.17886178861788618,0.9950248756218906,1.0,0.979381443298969,0.5272727272727272,0.038461538461538464,0.3684210526315789,Section V-C text,r2_batch/A_Conch_v15_linear_r450_s77.json
A_Conch_v15_linear_r450,"Homogeneous CONCH v1.5, one projector, 450 rounds",balanced,78,450,gpu,8,head,0.6473224918568462,0.620555006925863,0.6473224918568462,0.620555006925863,0.7482448714716221,0.7296215932327098,,,,,,,0.2032192200422287,nan,,0.9940652818991098,0.8324607329842932,0.22962962962962963,1.0,0.9905660377358491,0.9381443298969072,0.8214285714285714,0.0196078431372549,0.0,Section V-C text,r2_batch/A_Conch_v15_linear_r450_s78.json
A_Conch_v15_3group_linear_r450,"Homogeneous CONCH v1.5, three group-tied projectors, 450 rounds",balanced,62,450,gpu,8,head,0.7240809648032012,0.7358241757171503,0.7240809648032012,0.7358241757171503,0.6769100449505586,0.6569499755001247,,,,,,,-0.21244296431541443,0.67964635292689,0.9988962472406181,0.9970326409495549,0.8716577540106952,0.46153846153846156,1.0,0.9532710280373832,0.865979381443299,0.7454545454545455,0.5961538461538461,0.02564102564102564,Section V-C text,r2_batch/A_Conch_v15_3group_linear_r450_s62.json
A_Conch_v15_3group_linear_r450,"Homogeneous CONCH v1.5, three group-tied projectors, 450 rounds",balanced,63,450,gpu,8,head,0.7104441224764642,0.7479290720893486,0.7104441224764642,0.7479290720893486,0.39412981419588555,0.34565656939354916,,,,,,,-0.3161642253398895,0.7120280340313911,1.0,1.0,0.7486033519553073,0.4838709677419355,1.0,0.8440366972477065,0.9183673469387755,0.6363636363636364,0.3877551020408163,0.375,Section V-C text,r2_batch/A_Conch_v15_3group_linear_r450_s63.json
A_Conch_v15_3group_linear_r450,"Homogeneous CONCH v1.5, three group-tied projectors, 450 rounds",balanced,64,450,gpu,8,head,0.7038455461623013,0.7289681213025208,0.7038455461623013,0.7289681213025208,0.31955631205499174,0.2965552038002116,,,,,,,-0.1395563930273056,0.38764740112755036,1.0,0.9752321981424149,0.8351063829787234,0.22137404580152673,0.9951219512195122,0.8686868686868687,0.8421052631578947,0.6071428571428571,0.5283018867924528,0.46153846153846156,Section V-C text,r2_batch/A_Conch_v15_3group_linear_r450_s64.json
A_Conch_v15_3group_linear_r450,"Homogeneous CONCH v1.5, three group-tied projectors, 450 rounds",balanced,65,450,gpu,8,head,0.7943432571623382,0.8195793625808585,0.7943432571623382,0.8195793625808585,0.5269839766849401,0.4714068170928788,,,,,,,-0.18673351407051086,0.4732128514183892,1.0,0.9430379746835443,0.8241758241758241,0.7744360902255639,1.0,0.9528301886792453,0.8969072164948454,0.7090909090909091,0.6041666666666666,0.4444444444444444,Section V-C text,r2_batch/A_Conch_v15_3group_linear_r450_s65.json
A_Conch_v15_3group_linear_r450,"Homogeneous CONCH v1.5, three group-tied projectors, 450 rounds",balanced,66,450,gpu,8,head,0.7548131015724286,0.7889797465991929,0.7548131015724286,0.7889797465991929,0.7136788980865405,0.7276061175462156,,,,,,,-0.23002074658870697,0.7849913107024299,1.0,0.9827089337175793,0.7736842105263158,0.5661764705882353,1.0,0.9333333333333333,0.9183673469387755,0.7142857142857143,0.3333333333333333,0.5714285714285714,Section V-C text,r2_batch/A_Conch_v15_3group_linear_r450_s66.json
A_Conch_v15_3group_linear_r450,"Homogeneous CONCH v1.5, three group-tied projectors, 450 rounds",balanced,67,450,gpu,8,head,0.7119488210147281,0.7376889805226549,0.7119488210147281,0.7376889805226549,0.46936766717323497,0.4024961849368349,,,,,,,-0.07440993934869766,0.617691394355562,1.0,0.9970326409495549,0.75,0.6194029850746269,0.9946236559139785,0.9494949494949495,0.826530612244898,0.5454545454545454,0.5,0.225,Section V-C text,r2_batch/A_Conch_v15_3group_linear_r450_s67.json
A_Conch_v15_3group_linear_r450,"Homogeneous CONCH v1.5, three group-tied projectors, 450 rounds",balanced,68,450,gpu,8,head,0.7674267680853669,0.7809071357514678,0.7674267680853669,0.7809071357514678,0.7035597814809647,0.7064282668607103,,,,,,,-0.09956250339746475,0.7531041569179959,1.0,0.9283582089552239,0.8688524590163934,0.22556390977443608,1.0,0.9652173913043478,0.8316831683168316,0.7636363636363637,0.6470588235294118,0.6764705882352942,Section V-C text,r2_batch/A_Conch_v15_3group_linear_r450_s68.json
A_Conch_v15_3group_linear_r450,"Homogeneous CONCH v1.5, three group-tied projectors, 450 rounds",balanced,69,450,gpu,8,head,0.7491904314033921,0.7727830672067983,0.7491904314033921,0.7727830672067983,0.7529031383417303,0.7521203035685647,,,,,,,-0.17436181008815765,0.5584889650344849,1.0,1.0,0.798941798941799,0.7050359712230215,0.9947643979057592,0.9519230769230769,0.7272727272727273,0.8392857142857143,0.6078431372549019,0.11764705882352941,Section V-C text,r2_batch/A_Conch_v15_3group_linear_r450_s69.json
A_Conch_v15_3group_linear_r450,"Homogeneous CONCH v1.5, three group-tied projectors, 450 rounds",balanced,70,450,gpu,8,head,0.7824238652023738,0.8068375204662451,0.7824238652023738,0.8068375204662451,0.4430634727595644,0.3960767233581801,,,,,,,-0.08499065786600113,0.5316685868634118,0.9993127147766323,0.9758308157099698,0.9148936170212766,0.33070866141732286,0.9947368421052631,0.96,0.8556701030927835,0.8363636363636363,0.4791666666666667,0.6944444444444444,Section V-C text,r2_batch/A_Conch_v15_3group_linear_r450_s70.json
A_Conch_v15_3group_linear_r450,"Homogeneous CONCH v1.5, three group-tied projectors, 450 rounds",balanced,71,450,gpu,8,head,0.7719710757228528,0.7985085850774705,0.7719710757228528,0.7985085850774705,0.6654140420924728,0.6830696265106683,,,,,,,-0.2749994099140167,0.7250326606962416,1.0,0.9845679012345679,0.732620320855615,0.7559055118110236,1.0,0.9902912621359223,0.9306930693069307,0.7272727272727273,0.4375,0.3888888888888889,Section V-C text,r2_batch/A_Conch_v15_3group_linear_r450_s71.json
A_Conch_v15_3group_linear_r450,"Homogeneous CONCH v1.5, three group-tied projectors, 450 rounds",balanced,72,450,gpu,8,head,0.692490443172449,0.7056224853330169,0.692490443172449,0.7056224853330169,0.2918487153837567,0.26274910541715746,,,,,,,-0.1820780336856842,0.7796656356917487,1.0,0.7376543209876543,0.8305084745762712,0.28125,1.0,0.8608695652173913,0.968421052631579,0.8363636363636363,0.3673469387755102,0.35,Section V-C text,r2_batch/A_Conch_v15_3group_linear_r450_s72.json
A_Conch_v15_3group_linear_r450,"Homogeneous CONCH v1.5, three group-tied projectors, 450 rounds",balanced,73,450,gpu,8,head,0.6854599117069746,0.6872620903260154,0.6854599117069746,0.6872620903260154,0.6309406494111021,0.6064176160700823,,,,,,,-0.05898425355553627,0.6912873453564115,1.0,0.943952802359882,0.8620689655172413,0.40601503759398494,0.994413407821229,0.8974358974358975,0.845360824742268,0.9272727272727272,0.21153846153846154,0.08108108108108109,Section V-C text,r2_batch/A_Conch_v15_3group_linear_r450_s73.json
A_Conch_v15_3group_linear_r450,"Homogeneous CONCH v1.5, three group-tied projectors, 450 rounds",balanced,74,450,gpu,8,head,0.6909887139718701,0.7110881752335625,0.6909887139718701,0.7110881752335625,0.48372987673530143,0.4391006328067525,,,,,,,-0.14460758864879608,0.5829607976807488,1.0,0.993920972644377,0.7936507936507936,0.296875,1.0,0.8636363636363636,0.8282828282828283,0.7818181818181819,0.2857142857142857,0.375,Section V-C text,r2_batch/A_Conch_v15_3group_linear_r450_s74.json
A_Conch_v15_3group_linear_r450,"Homogeneous CONCH v1.5, three group-tied projectors, 450 rounds",balanced,75,450,gpu,8,head,0.7542707284944794,0.7810157182064206,0.7542707284944794,0.7810157182064206,0.29137862080997323,0.20800451062209926,,,,,,,-0.11945730447769165,0.5637407898902893,1.0,0.9938461538461538,0.8032786885245902,0.484375,0.9952380952380953,0.9444444444444444,0.9090909090909091,0.7321428571428571,0.5510204081632653,0.375,Section V-C text,r2_batch/A_Conch_v15_3group_linear_r450_s75.json
A_Conch_v15_3group_linear_r450,"Homogeneous CONCH v1.5, three group-tied projectors, 450 rounds",balanced,76,450,gpu,8,head,0.6573755196523055,0.6640186445277535,0.6573755196523055,0.6640186445277535,0.48605596871549406,0.44431432909312407,,,,,,,-0.15392020344734192,0.5326699945661757,1.0,1.0,0.7857142857142857,0.5859375,1.0,0.8666666666666667,0.9183673469387755,0.5714285714285714,0.16326530612244897,0.025,Section V-C text,r2_batch/A_Conch_v15_3group_linear_r450_s76.json
A_Conch_v15_3group_linear_r450,"Homogeneous CONCH v1.5, three group-tied projectors, 450 rounds",balanced,77,450,gpu,8,head,0.7187299853804946,0.72308952299634,0.7187299853804946,0.72308952299634,0.45761285117977935,0.4102701390731593,,,,,,,-0.18416810035705566,0.7723137206501431,1.0,0.9263803680981595,0.8095238095238095,0.4878048780487805,1.0,0.8936170212765957,0.979381443298969,0.8,0.019230769230769232,0.5526315789473685,Section V-C text,r2_batch/A_Conch_v15_3group_linear_r450_s77.json
fedgh_tied_balanced_r450,"FedGH, tied, 450 rounds",balanced,62,450,gpu,8,,0.8920238076611524,0.906771156627844,,,,,,,,,,,,,,1.0,0.9090909090909091,0.6461538461538462,1.0,0.9719626168224299,0.9690721649484536,0.8909090909090909,0.7692307692307693,0.8717948717948718,Section V-E text,r2_batch/fedgh_tied_balanced_r450_s62.json
fedgh_tied_balanced_r450,"FedGH, tied, 450 rounds",balanced,63,450,gpu,8,,0.8587700076254339,0.8769952375835005,,,,,,,,,,,,,,0.972809667673716,0.7932960893854749,0.6693548387096774,1.0,0.9908256880733946,0.9795918367346939,0.8909090909090909,0.8571428571428571,0.575,Section V-E text,r2_batch/fedgh_tied_balanced_r450_s63.json
fedgh_tied_balanced_r450,"FedGH, tied, 450 rounds",balanced,64,450,gpu,8,,0.8523809106706826,0.8674169610698971,,,,,,,,,,,,,,0.9814241486068112,0.8404255319148937,0.4122137404580153,0.9902439024390244,0.98989898989899,0.9368421052631579,0.875,0.7735849056603774,0.8717948717948718,Section V-E text,r2_batch/fedgh_tied_balanced_r450_s64.json
fedgh_tied_balanced_r450,"FedGH, tied, 450 rounds",balanced,65,450,gpu,8,,0.8660440387157088,0.8787426715722051,,,,,,,,,,,,,,0.9873417721518988,0.8241758241758241,0.8270676691729323,0.9942196531791907,1.0,0.9175257731958762,0.9454545454545454,0.6041666666666666,0.6944444444444444,Section V-E text,r2_batch/fedgh_tied_balanced_r450_s65.json
fedgh_tied_balanced_r450,"FedGH, tied, 450 rounds",balanced,66,450,gpu,8,,0.8631971696842805,0.8815021877445862,,,,,,,,,,,,,,0.9567723342939481,0.8526315789473684,0.7573529411764706,0.9950248756218906,0.9904761904761905,0.8979591836734694,0.9107142857142857,0.6078431372549019,0.8,Section V-E text,r2_batch/fedgh_tied_balanced_r450_s66.json
backend_cpu_t24,"Reference protocol on the CPU, 24 threads (backend study)",balanced,62,150,cpu_24_threads,8,head,0.6418236899521421,0.6277902879408084,0.6418236899521421,0.6277902879408084,0.4748612783705123,0.43064054209751546,,,,,,,,,,0.9762611275964391,0.893048128342246,0.3,1.0,0.7383177570093458,0.9587628865979382,0.7818181818181819,0.0,0.1282051282051282,Table 11,r2_batch/backend/cpu_t24_s62.json
backend_cpu_t24,"Reference protocol on the CPU, 24 threads (backend study)",balanced,63,150,cpu_24_threads,8,head,0.7023615593938317,0.7163529446699828,0.7023615593938317,0.7163529446699828,0.4057953659640805,0.3883186870296515,,,,,,,,,,0.9879154078549849,0.7653631284916201,0.5241935483870968,0.9952380952380953,0.9724770642201835,0.8163265306122449,0.5454545454545454,0.7142857142857143,0.0,Table 11,r2_batch/backend/cpu_t24_s63.json
backend_cpu_t24,"Reference protocol on the CPU, 24 threads (backend study)",balanced,64,150,cpu_24_threads,8,head,0.568349383832343,0.5537282081387652,0.568349383832343,0.5537282081387652,0.4627952786214894,0.46070651121796236,,,,,,,,,,0.9845201238390093,0.7925531914893617,0.3816793893129771,0.9560975609756097,0.8686868686868687,0.8526315789473684,0.07142857142857142,0.20754716981132076,0.0,Table 11,r2_batch/backend/cpu_t24_s64.json
backend_cpu_t24,"Reference protocol on the CPU, 24 threads (backend study)",balanced,65,150,cpu_24_threads,8,head,0.7289097833206797,0.748050539601204,0.7289097833206797,0.748050539601204,0.6243573474199287,0.6363924875652085,,,,,,,,,,0.9620253164556962,0.7747252747252747,0.7744360902255639,1.0,0.9622641509433962,0.8247422680412371,0.7272727272727273,0.22916666666666666,0.3055555555555556,Table 11,r2_batch/backend/cpu_t24_s65.json
backend_cpu_t24,"Reference protocol on the CPU, 24 threads (backend study)",balanced,66,150,cpu_24_threads,8,head,0.6861708144504578,0.7103219836639386,0.6861708144504578,0.7103219836639386,0.6909911252782894,0.707471939893474,,,,,,,,,,0.9221902017291066,0.6789473684210526,0.8897058823529411,1.0,0.9238095238095239,0.6632653061224489,0.5357142857142857,0.3333333333333333,0.22857142857142856,Table 11,r2_batch/backend/cpu_t24_s66.json
backend_cpu_t2,"Reference protocol on the CPU, 2 threads (backend study)",balanced,62,150,cpu_2_threads,8,head,0.6454147823942679,0.6241853274502829,0.6454147823942679,0.6241853274502829,0.4826038625836847,0.4327155018965027,,,,,,,,,,0.9821958456973294,0.946524064171123,0.35384615384615387,1.0,0.7663551401869159,0.9587628865979382,0.7818181818181819,0.019230769230769232,0.0,Table 11,r2_batch/backend/cpu_t2_s62.json
backend_cpu_t2,"Reference protocol on the CPU, 2 threads (backend study)",balanced,63,150,cpu_2_threads,8,head,0.7057468737927136,0.7199708790363067,0.7057468737927136,0.7199708790363067,0.41249040897197264,0.39634739180573697,,,,,,,,,,0.9879154078549849,0.7597765363128491,0.5241935483870968,0.9904761904761905,0.9724770642201835,0.8163265306122449,0.5454545454545454,0.7551020408163265,0.0,Table 11,r2_batch/backend/cpu_t2_s63.json
backend_cpu_t2,"Reference protocol on the CPU, 2 threads (backend study)",balanced,64,150,cpu_2_threads,8,head,0.5292736789460462,0.5029031878470746,0.5292736789460462,0.5029031878470746,0.4670529791030713,0.4642764347073674,,,,,,,,,,0.9814241486068112,0.8085106382978723,0.32061068702290074,0.9024390243902439,0.8686868686868687,0.7894736842105263,0.03571428571428571,0.05660377358490566,0.0,Table 11,r2_batch/backend/cpu_t2_s64.json
backend_cpu_t2,"Reference protocol on the CPU, 2 threads (backend study)",balanced,65,150,cpu_2_threads,8,head,0.7147755270566791,0.7343898645709803,0.7147755270566791,0.7343898645709803,0.6321336948318853,0.6461101297952858,,,,,,,,,,0.9683544303797469,0.7747252747252747,0.7669172932330827,1.0,0.9528301886792453,0.8350515463917526,0.45454545454545453,0.4583333333333333,0.2222222222222222,Table 11,r2_batch/backend/cpu_t2_s65.json
backend_cpu_t2,"Reference protocol on the CPU, 2 threads (backend study)",balanced,66,150,cpu_2_threads,8,head,0.6773961166110276,0.69812758197484,0.6773961166110276,0.69812758197484,0.6857134586560851,0.6991562791203911,,,,,,,,,,0.9193083573487032,0.6789473684210526,0.8897058823529411,1.0,0.9238095238095239,0.6836734693877551,0.42857142857142855,0.37254901960784315,0.2,Table 11,r2_batch/backend/cpu_t2_s66.json
gate_sweep_mixed_m1,"Reference protocol, gate m=1, mixed CPU/GPU batch",balanced,62,150,cpu_mixed_batch,1,,0.6219173018462509,0.5991347658577193,,,,,,,,,,,,,,,,,,,,,,,Table 11,mincount/m1_s62.json
gate_sweep_mixed_m1,"Reference protocol, gate m=1, mixed CPU/GPU batch",balanced,63,150,cpu_mixed_batch,1,,0.7030590588931954,0.748425295549868,,,,,,,,,,,,,,,,,,,,,,,Table 11,mincount/m1_s63.json
gate_sweep_mixed_m1,"Reference protocol, gate m=1, mixed CPU/GPU batch",balanced,64,150,cpu_mixed_batch,1,,0.555639232451839,0.5316099543086749,,,,,,,,,,,,,,,,,,,,,,,Table 11,mincount/m1_s64.json
gate_sweep_mixed_m1,"Reference protocol, gate m=1, mixed CPU/GPU batch",balanced,65,150,cpu_mixed_batch,1,,0.7440520817227324,0.7686166555110102,,,,,,,,,,,,,,,,,,,,,,,Table 11,mincount/m1_s65.json
gate_sweep_mixed_m1,"Reference protocol, gate m=1, mixed CPU/GPU batch",balanced,66,150,cpu_mixed_batch,1,,0.659560227178321,0.6695249583097642,,,,,,,,,,,,,,,,,,,,,,,Table 11,mincount/m1_s66.json
gate_sweep_mixed_m1,"Reference protocol, gate m=1, mixed CPU/GPU batch",balanced,67,150,cpu_mixed_batch,1,,0.5696133315909759,0.5842235790606244,,,,,,,,,,,,,,,,,,,,,,,Table 11,mincount/m1_s67.json
gate_sweep_mixed_m1,"Reference protocol, gate m=1, mixed CPU/GPU batch",balanced,68,150,cpu_mixed_batch,1,,0.6887239249631256,0.6944339651620282,,,,,,,,,,,,,,,,,,,,,,,Table 11,mincount/m1_s68.json
gate_sweep_mixed_m1,"Reference protocol, gate m=1, mixed CPU/GPU batch",balanced,69,150,cpu_mixed_batch,1,,0.6503148456713826,0.6609197183395776,,,,,,,,,,,,,,,,,,,,,,,Table 11,mincount/m1_s69.json
gate_sweep_mixed_m1,"Reference protocol, gate m=1, mixed CPU/GPU batch",balanced,70,150,cpu_mixed_batch,1,,0.6451810931359022,0.6679074742548665,,,,,,,,,,,,,,,,,,,,,,,Table 11,mincount/m1_s70.json
gate_sweep_mixed_m1,"Reference protocol, gate m=1, mixed CPU/GPU batch",balanced,71,150,cpu_mixed_batch,1,,0.6634243420687809,0.6784171863177209,,,,,,,,,,,,,,,,,,,,,,,Table 11,mincount/m1_s71.json
gate_sweep_mixed_m1,"Reference protocol, gate m=1, mixed CPU/GPU batch",balanced,72,150,cpu_mixed_batch,1,,0.6845330903082741,0.7055487857983058,,,,,,,,,,,,,,,,,,,,,,,Table 11,mincount/m1_s72.json
gate_sweep_mixed_m1,"Reference protocol, gate m=1, mixed CPU/GPU batch",balanced,73,150,cpu_mixed_batch,1,,0.6245420780931078,0.6147487764142654,,,,,,,,,,,,,,,,,,,,,,,Table 11,mincount/m1_s73.json
gate_sweep_mixed_m1,"Reference protocol, gate m=1, mixed CPU/GPU batch",balanced,74,150,gpu,1,,0.464208040820144,0.47576845625895636,,,,,,,,,,,,,,,,,,,,,,,Table 11,mincount/m1_s74.json
gate_sweep_mixed_m1,"Reference protocol, gate m=1, mixed CPU/GPU batch",balanced,75,150,gpu,1,,0.5907872732396215,0.6170146664115522,,,,,,,,,,,,,,,,,,,,,,,Table 11,mincount/m1_s75.json
gate_sweep_mixed_m1,"Reference protocol, gate m=1, mixed CPU/GPU batch",balanced,76,150,gpu,1,,0.6583028083028083,0.6745447271160546,,,,,,,,,,,,,,,,,,,,,,,Table 11,mincount/m1_s76.json
gate_sweep_mixed_m1,"Reference protocol, gate m=1, mixed CPU/GPU batch",balanced,77,150,gpu,1,,0.5381828530093323,0.5754333211358421,,,,,,,,,,,,,,,,,,,,,,,Table 11,mincount/m1_s77.json
gate_sweep_mixed_m1,"Reference protocol, gate m=1, mixed CPU/GPU batch",balanced,78,150,gpu,1,,0.5877676394396226,0.6071249882578789,,,,,,,,,,,,,,,,,,,,,,,Table 11,mincount/m1_s78.json
gate_sweep_mixed_m1,"Reference protocol, gate m=1, mixed CPU/GPU batch",balanced,79,150,gpu,1,,0.547472073102991,0.5594138908390867,,,,,,,,,,,,,,,,,,,,,,,Table 11,mincount/m1_s79.json
gate_sweep_mixed_m1,"Reference protocol, gate m=1, mixed CPU/GPU batch",balanced,80,150,gpu,1,,0.6222413488475261,0.6483724494577161,,,,,,,,,,,,,,,,,,,,,,,Table 11,mincount/m1_s80.json
gate_sweep_mixed_m1,"Reference protocol, gate m=1, mixed CPU/GPU batch",balanced,81,150,gpu,1,,0.5021672929438855,0.5150750579079607,,,,,,,,,,,,,,,,,,,,,,,Table 11,mincount/m1_s81.json
gate_sweep_mixed_m1,"Reference protocol, gate m=1, mixed CPU/GPU batch",balanced,82,150,gpu,1,,0.6523500964159188,0.6770089387143471,,,,,,,,,,,,,,,,,,,,,,,Table 11,mincount/m1_s82.json
gate_sweep_mixed_m1,"Reference protocol, gate m=1, mixed CPU/GPU batch",balanced,83,150,gpu,1,,0.8020728302146887,0.8106731976164911,,,,,,,,,,,,,,,,,,,,,,,Table 11,mincount/m1_s83.json
gate_sweep_mixed_m1,"Reference protocol, gate m=1, mixed CPU/GPU batch",balanced,84,150,gpu,1,,0.5947817071931581,0.6095581811901443,,,,,,,,,,,,,,,,,,,,,,,Table 11,mincount/m1_s84.json
gate_sweep_mixed_m1,"Reference protocol, gate m=1, mixed CPU/GPU batch",balanced,85,150,gpu,1,,0.6475657591024925,0.6743899498540218,,,,,,,,,,,,,,,,,,,,,,,Table 11,mincount/m1_s85.json
gate_sweep_mixed_m1,"Reference protocol, gate m=1, mixed CPU/GPU batch",balanced,86,150,gpu,1,,0.7534590877617667,0.7726467236609604,,,,,,,,,,,,,,,,,,,,,,,Table 11,mincount/m1_s86.json
gate_sweep_mixed_m1,"Reference protocol, gate m=1, mixed CPU/GPU batch",balanced,87,150,gpu,1,,0.5909228491231919,0.5655023515923854,,,,,,,,,,,,,,,,,,,,,,,Table 11,mincount/m1_s87.json
gate_sweep_mixed_m1,"Reference protocol, gate m=1, mixed CPU/GPU batch",balanced,88,150,gpu,1,,0.666066571461232,0.6888239056005466,,,,,,,,,,,,,,,,,,,,,,,Table 11,mincount/m1_s88.json
gate_sweep_mixed_m1,"Reference protocol, gate m=1, mixed CPU/GPU batch",balanced,89,150,gpu,1,,0.6443599699915751,0.6548378660285258,,,,,,,,,,,,,,,,,,,,,,,Table 11,mincount/m1_s89.json
gate_sweep_mixed_m1,"Reference protocol, gate m=1, mixed CPU/GPU batch",balanced,90,150,gpu,1,,0.6632693037114765,0.6687262400741454,,,,,,,,,,,,,,,,,,,,,,,Table 11,mincount/m1_s90.json
gate_sweep_mixed_m1,"Reference protocol, gate m=1, mixed CPU/GPU batch",balanced,91,150,gpu,1,,0.7801708289182918,0.7971950762983601,,,,,,,,,,,,,,,,,,,,,,,Table 11,mincount/m1_s91.json
gate_sweep_mixed_m16,"Reference protocol, gate m=16, mixed CPU/GPU batch",balanced,62,150,cpu_mixed_batch,16,,0.6551768132420847,0.6324921637464516,,,,,,,,,,,,,,,,,,,,,,,Table 11,mincount/m16_s62.json
gate_sweep_mixed_m16,"Reference protocol, gate m=16, mixed CPU/GPU batch",balanced,63,150,cpu_mixed_batch,16,,0.7135590538634856,0.7414656876493785,,,,,,,,,,,,,,,,,,,,,,,Table 11,mincount/m16_s63.json
gate_sweep_mixed_m16,"Reference protocol, gate m=16, mixed CPU/GPU batch",balanced,64,150,cpu_mixed_batch,16,,0.5535405824163323,0.5261574301017039,,,,,,,,,,,,,,,,,,,,,,,Table 11,mincount/m16_s64.json
gate_sweep_mixed_m16,"Reference protocol, gate m=16, mixed CPU/GPU batch",balanced,65,150,cpu_mixed_batch,16,,0.7552269278479896,0.769862836697343,,,,,,,,,,,,,,,,,,,,,,,Table 11,mincount/m16_s65.json
gate_sweep_mixed_m16,"Reference protocol, gate m=16, mixed CPU/GPU batch",balanced,66,150,cpu_mixed_batch,16,,0.6821652705101792,0.7213527721348435,,,,,,,,,,,,,,,,,,,,,,,Table 11,mincount/m16_s66.json
gate_sweep_mixed_m16,"Reference protocol, gate m=16, mixed CPU/GPU batch",balanced,67,150,cpu_mixed_batch,16,,0.6274239616918726,0.660900774546151,,,,,,,,,,,,,,,,,,,,,,,Table 11,mincount/m16_s67.json
gate_sweep_mixed_m16,"Reference protocol, gate m=16, mixed CPU/GPU batch",balanced,68,150,cpu_mixed_batch,16,,0.6965745285400831,0.6929818707105849,,,,,,,,,,,,,,,,,,,,,,,Table 11,mincount/m16_s68.json
gate_sweep_mixed_m16,"Reference protocol, gate m=16, mixed CPU/GPU batch",balanced,69,150,cpu_mixed_batch,16,,0.7034666905660792,0.7150128415225925,,,,,,,,,,,,,,,,,,,,,,,Table 11,mincount/m16_s69.json
gate_sweep_mixed_m16,"Reference protocol, gate m=16, mixed CPU/GPU batch",balanced,70,150,cpu_mixed_batch,16,,0.6454511724952419,0.6765212394635505,,,,,,,,,,,,,,,,,,,,,,,Table 11,mincount/m16_s70.json
gate_sweep_mixed_m16,"Reference protocol, gate m=16, mixed CPU/GPU batch",balanced,71,150,cpu_mixed_batch,16,,0.673126931390036,0.7012970859419952,,,,,,,,,,,,,,,,,,,,,,,Table 11,mincount/m16_s71.json
gate_sweep_mixed_m16,"Reference protocol, gate m=16, mixed CPU/GPU batch",balanced,72,150,cpu_mixed_batch,16,,0.6854358985298582,0.6957330795993565,,,,,,,,,,,,,,,,,,,,,,,Table 11,mincount/m16_s72.json
gate_sweep_mixed_m16,"Reference protocol, gate m=16, mixed CPU/GPU batch",balanced,73,150,cpu_mixed_batch,16,,0.6162229902910206,0.5947274386329068,,,,,,,,,,,,,,,,,,,,,,,Table 11,mincount/m16_s73.json
gate_sweep_mixed_m16,"Reference protocol, gate m=16, mixed CPU/GPU batch",balanced,74,150,gpu,16,,0.42006032070516197,0.4365279334882975,,,,,,,,,,,,,,,,,,,,,,,Table 11,mincount/m16_s74.json
gate_sweep_mixed_m16,"Reference protocol, gate m=16, mixed CPU/GPU batch",balanced,75,150,gpu,16,,0.558939835435981,0.5926815676912569,,,,,,,,,,,,,,,,,,,,,,,Table 11,mincount/m16_s75.json
gate_sweep_mixed_m16,"Reference protocol, gate m=16, mixed CPU/GPU batch",balanced,76,150,gpu,16,,0.6111167421329172,0.6042745885111567,,,,,,,,,,,,,,,,,,,,,,,Table 11,mincount/m16_s76.json
gate_sweep_mixed_m16,"Reference protocol, gate m=16, mixed CPU/GPU batch",balanced,77,150,gpu,16,,0.4815798480700955,0.5180497020138671,,,,,,,,,,,,,,,,,,,,,,,Table 11,mincount/m16_s77.json
gate_sweep_mixed_m16,"Reference protocol, gate m=16, mixed CPU/GPU batch",balanced,78,150,gpu,16,,0.6973773310923919,0.7141157773465392,,,,,,,,,,,,,,,,,,,,,,,Table 11,mincount/m16_s78.json
gate_sweep_mixed_m16,"Reference protocol, gate m=16, mixed CPU/GPU batch",balanced,79,150,gpu,16,,0.603883182183814,0.573823154495644,,,,,,,,,,,,,,,,,,,,,,,Table 11,mincount/m16_s79.json
gate_sweep_mixed_m16,"Reference protocol, gate m=16, mixed CPU/GPU batch",balanced,80,150,gpu,16,,0.6782730479373391,0.6848413543021492,,,,,,,,,,,,,,,,,,,,,,,Table 11,mincount/m16_s80.json
gate_sweep_mixed_m16,"Reference protocol, gate m=16, mixed CPU/GPU batch",balanced,81,150,gpu,16,,0.526290173189589,0.5301597314019905,,,,,,,,,,,,,,,,,,,,,,,Table 11,mincount/m16_s81.json
gate_sweep_mixed_m16,"Reference protocol, gate m=16, mixed CPU/GPU batch",balanced,82,150,gpu,16,,0.6561307280436418,0.6829953305654738,,,,,,,,,,,,,,,,,,,,,,,Table 11,mincount/m16_s82.json
gate_sweep_mixed_m16,"Reference protocol, gate m=16, mixed CPU/GPU batch",balanced,83,150,gpu,16,,0.7685722213562303,0.7821219835843091,,,,,,,,,,,,,,,,,,,,,,,Table 11,mincount/m16_s83.json
gate_sweep_mixed_m16,"Reference protocol, gate m=16, mixed CPU/GPU batch",balanced,84,150,gpu,16,,0.6138817456120292,0.6152382376000939,,,,,,,,,,,,,,,,,,,,,,,Table 11,mincount/m16_s84.json
gate_sweep_mixed_m16,"Reference protocol, gate m=16, mixed CPU/GPU batch",balanced,85,150,gpu,16,,0.6295047924984787,0.6509811314420552,,,,,,,,,,,,,,,,,,,,,,,Table 11,mincount/m16_s85.json
gate_sweep_mixed_m16,"Reference protocol, gate m=16, mixed CPU/GPU batch",balanced,86,150,gpu,16,,0.719763738562564,0.7252974761920424,,,,,,,,,,,,,,,,,,,,,,,Table 11,mincount/m16_s86.json
gate_sweep_mixed_m16,"Reference protocol, gate m=16, mixed CPU/GPU batch",balanced,87,150,gpu,16,,0.6205369151253196,0.623490585386854,,,,,,,,,,,,,,,,,,,,,,,Table 11,mincount/m16_s87.json
gate_sweep_mixed_m16,"Reference protocol, gate m=16, mixed CPU/GPU batch",balanced,88,150,gpu,16,,0.7310618466089981,0.7532921645324958,,,,,,,,,,,,,,,,,,,,,,,Table 11,mincount/m16_s88.json
gate_sweep_mixed_m16,"Reference protocol, gate m=16, mixed CPU/GPU batch",balanced,89,150,gpu,16,,0.66806148489029,0.6879126289885065,,,,,,,,,,,,,,,,,,,,,,,Table 11,mincount/m16_s89.json
gate_sweep_mixed_m16,"Reference protocol, gate m=16, mixed CPU/GPU batch",balanced,90,150,gpu,16,,0.6778164408625224,0.6844207108037301,,,,,,,,,,,,,,,,,,,,,,,Table 11,mincount/m16_s90.json
gate_sweep_mixed_m16,"Reference protocol, gate m=16, mixed CPU/GPU batch",balanced,91,150,gpu,16,,0.773656570088216,0.7928900311238608,,,,,,,,,,,,,,,,,,,,,,,Table 11,mincount/m16_s91.json
gate_sweep_m1,"Reference protocol, gate m=1, single GPU batch",balanced,62,150,gpu,1,,0.5873309914440151,0.5744335916277985,,,,,,,,,,,,,,,,,,,,,,,"Section III-D, Table 11",mincount_clean/m1_s62.json
gate_sweep_m1,"Reference protocol, gate m=1, single GPU batch",balanced,63,150,gpu,1,,0.702609056647503,0.7437202991235088,,,,,,,,,,,,,,,,,,,,,,,"Section III-D, Table 11",mincount_clean/m1_s63.json
gate_sweep_m1,"Reference protocol, gate m=1, single GPU batch",balanced,64,150,gpu,1,,0.5359218596056506,0.5025978020530277,,,,,,,,,,,,,,,,,,,,,,,"Section III-D, Table 11",mincount_clean/m1_s64.json
gate_sweep_m1,"Reference protocol, gate m=1, single GPU batch",balanced,65,150,gpu,1,,0.7418133061421712,0.7678043384437363,,,,,,,,,,,,,,,,,,,,,,,"Section III-D, Table 11",mincount_clean/m1_s65.json
gate_sweep_m1,"Reference protocol, gate m=1, single GPU batch",balanced,66,150,gpu,1,,0.6417480558020794,0.6418926521725905,,,,,,,,,,,,,,,,,,,,,,,"Section III-D, Table 11",mincount_clean/m1_s66.json
gate_sweep_m1,"Reference protocol, gate m=1, single GPU batch",balanced,67,150,gpu,1,,0.5559676734718925,0.568231679749316,,,,,,,,,,,,,,,,,,,,,,,"Section III-D, Table 11",mincount_clean/m1_s67.json
gate_sweep_m1,"Reference protocol, gate m=1, single GPU batch",balanced,68,150,gpu,1,,0.698892735701487,0.6984652410617344,,,,,,,,,,,,,,,,,,,,,,,"Section III-D, Table 11",mincount_clean/m1_s68.json
gate_sweep_m1,"Reference protocol, gate m=1, single GPU batch",balanced,69,150,gpu,1,,0.6676501406610907,0.676216293853619,,,,,,,,,,,,,,,,,,,,,,,"Section III-D, Table 11",mincount_clean/m1_s69.json
gate_sweep_m1,"Reference protocol, gate m=1, single GPU batch",balanced,70,150,gpu,1,,0.6486516994475945,0.6731850873560573,,,,,,,,,,,,,,,,,,,,,,,"Section III-D, Table 11",mincount_clean/m1_s70.json
gate_sweep_m1,"Reference protocol, gate m=1, single GPU batch",balanced,71,150,gpu,1,,0.662557824777867,0.6766219303895722,,,,,,,,,,,,,,,,,,,,,,,"Section III-D, Table 11",mincount_clean/m1_s71.json
gate_sweep_m1,"Reference protocol, gate m=1, single GPU batch",balanced,72,150,gpu,1,,0.7052748169930352,0.7225080679076652,,,,,,,,,,,,,,,,,,,,,,,"Section III-D, Table 11",mincount_clean/m1_s72.json
gate_sweep_m1,"Reference protocol, gate m=1, single GPU batch",balanced,73,150,gpu,1,,0.6397161280970969,0.628515362716541,,,,,,,,,,,,,,,,,,,,,,,"Section III-D, Table 11",mincount_clean/m1_s73.json
gate_sweep_m1,"Reference protocol, gate m=1, single GPU batch",balanced,74,150,gpu,1,,0.464208040820144,0.47576845625895636,,,,,,,,,,,,,,,,,,,,,,,"Section III-D, Table 11",mincount_clean/m1_s74.json
gate_sweep_m1,"Reference protocol, gate m=1, single GPU batch",balanced,75,150,gpu,1,,0.5907872732396215,0.6170146664115522,,,,,,,,,,,,,,,,,,,,,,,"Section III-D, Table 11",mincount_clean/m1_s75.json
gate_sweep_m1,"Reference protocol, gate m=1, single GPU batch",balanced,76,150,gpu,1,,0.6583028083028083,0.6745447271160546,,,,,,,,,,,,,,,,,,,,,,,"Section III-D, Table 11",mincount_clean/m1_s76.json
gate_sweep_m1,"Reference protocol, gate m=1, single GPU batch",balanced,77,150,gpu,1,,0.5381828530093323,0.5754333211358421,,,,,,,,,,,,,,,,,,,,,,,"Section III-D, Table 11",mincount_clean/m1_s77.json
gate_sweep_m1,"Reference protocol, gate m=1, single GPU batch",balanced,78,150,gpu,1,,0.5877676394396226,0.6071249882578789,,,,,,,,,,,,,,,,,,,,,,,"Section III-D, Table 11",mincount_clean/m1_s78.json
gate_sweep_m1,"Reference protocol, gate m=1, single GPU batch",balanced,79,150,gpu,1,,0.547472073102991,0.5594138908390867,,,,,,,,,,,,,,,,,,,,,,,"Section III-D, Table 11",mincount_clean/m1_s79.json
gate_sweep_m1,"Reference protocol, gate m=1, single GPU batch",balanced,80,150,gpu,1,,0.6222413488475261,0.6483724494577161,,,,,,,,,,,,,,,,,,,,,,,"Section III-D, Table 11",mincount_clean/m1_s80.json
gate_sweep_m1,"Reference protocol, gate m=1, single GPU batch",balanced,81,150,gpu,1,,0.5021672929438855,0.5150750579079607,,,,,,,,,,,,,,,,,,,,,,,"Section III-D, Table 11",mincount_clean/m1_s81.json
gate_sweep_m1,"Reference protocol, gate m=1, single GPU batch",balanced,82,150,gpu,1,,0.6523500964159188,0.6770089387143471,,,,,,,,,,,,,,,,,,,,,,,"Section III-D, Table 11",mincount_clean/m1_s82.json
gate_sweep_m1,"Reference protocol, gate m=1, single GPU batch",balanced,83,150,gpu,1,,0.8020728302146887,0.8106731976164911,,,,,,,,,,,,,,,,,,,,,,,"Section III-D, Table 11",mincount_clean/m1_s83.json
gate_sweep_m1,"Reference protocol, gate m=1, single GPU batch",balanced,84,150,gpu,1,,0.5947817071931581,0.6095581811901443,,,,,,,,,,,,,,,,,,,,,,,"Section III-D, Table 11",mincount_clean/m1_s84.json
gate_sweep_m1,"Reference protocol, gate m=1, single GPU batch",balanced,85,150,gpu,1,,0.6475657591024925,0.6743899498540218,,,,,,,,,,,,,,,,,,,,,,,"Section III-D, Table 11",mincount_clean/m1_s85.json
gate_sweep_m1,"Reference protocol, gate m=1, single GPU batch",balanced,86,150,gpu,1,,0.7534590877617667,0.7726467236609604,,,,,,,,,,,,,,,,,,,,,,,"Section III-D, Table 11",mincount_clean/m1_s86.json
gate_sweep_m1,"Reference protocol, gate m=1, single GPU batch",balanced,87,150,gpu,1,,0.5909228491231919,0.5655023515923854,,,,,,,,,,,,,,,,,,,,,,,"Section III-D, Table 11",mincount_clean/m1_s87.json
gate_sweep_m1,"Reference protocol, gate m=1, single GPU batch",balanced,88,150,gpu,1,,0.666066571461232,0.6888239056005466,,,,,,,,,,,,,,,,,,,,,,,"Section III-D, Table 11",mincount_clean/m1_s88.json
gate_sweep_m1,"Reference protocol, gate m=1, single GPU batch",balanced,89,150,gpu,1,,0.6443599699915751,0.6548378660285258,,,,,,,,,,,,,,,,,,,,,,,"Section III-D, Table 11",mincount_clean/m1_s89.json
gate_sweep_m1,"Reference protocol, gate m=1, single GPU batch",balanced,90,150,gpu,1,,0.6632693037114765,0.6687262400741454,,,,,,,,,,,,,,,,,,,,,,,"Section III-D, Table 11",mincount_clean/m1_s90.json
gate_sweep_m1,"Reference protocol, gate m=1, single GPU batch",balanced,91,150,gpu,1,,0.7801708289182918,0.7971950762983601,,,,,,,,,,,,,,,,,,,,,,,"Section III-D, Table 11",mincount_clean/m1_s91.json
gate_sweep_m8,"Reference protocol, gate m=8 (default), single GPU batch",balanced,62,150,gpu,8,,0.6501261088510835,0.6419338392994234,,,,,,,,,,,,,,,,,,,,,,,Section III-D,mincount_clean/m8_s62.json
gate_sweep_m8,"Reference protocol, gate m=8 (default), single GPU batch",balanced,63,150,gpu,8,,0.693208047838651,0.7427231032150696,,,,,,,,,,,,,,,,,,,,,,,Section III-D,mincount_clean/m8_s63.json
gate_sweep_m8,"Reference protocol, gate m=8 (default), single GPU batch",balanced,64,150,gpu,8,,0.5386623186968637,0.5199313990559696,,,,,,,,,,,,,,,,,,,,,,,Section III-D,mincount_clean/m8_s64.json
gate_sweep_m8,"Reference protocol, gate m=8 (default), single GPU batch",balanced,65,150,gpu,8,,0.7017827828582496,0.7140725396068893,,,,,,,,,,,,,,,,,,,,,,,Section III-D,mincount_clean/m8_s65.json
gate_sweep_m8,"Reference protocol, gate m=8 (default), single GPU batch",balanced,66,150,gpu,8,,0.6847605243624322,0.7063895327417575,,,,,,,,,,,,,,,,,,,,,,,Section III-D,mincount_clean/m8_s66.json
gate_sweep_m8,"Reference protocol, gate m=8 (default), single GPU batch",balanced,67,150,gpu,8,,0.5790779165290101,0.5974568204847039,,,,,,,,,,,,,,,,,,,,,,,Section III-D,mincount_clean/m8_s67.json
gate_sweep_m8,"Reference protocol, gate m=8 (default), single GPU batch",balanced,68,150,gpu,8,,0.6917335173687169,0.6832865189396273,,,,,,,,,,,,,,,,,,,,,,,Section III-D,mincount_clean/m8_s68.json
gate_sweep_m8,"Reference protocol, gate m=8 (default), single GPU batch",balanced,69,150,gpu,8,,0.6600961246011631,0.6750602451312532,,,,,,,,,,,,,,,,,,,,,,,Section III-D,mincount_clean/m8_s69.json
gate_sweep_m8,"Reference protocol, gate m=8 (default), single GPU batch",balanced,70,150,gpu,8,,0.6764315435758028,0.7032669838268392,,,,,,,,,,,,,,,,,,,,,,,Section III-D,mincount_clean/m8_s70.json
gate_sweep_m8,"Reference protocol, gate m=8 (default), single GPU batch",balanced,71,150,gpu,8,,0.6585477037857337,0.6757577981656148,,,,,,,,,,,,,,,,,,,,,,,Section III-D,mincount_clean/m8_s71.json
gate_sweep_m8,"Reference protocol, gate m=8 (default), single GPU batch",balanced,72,150,gpu,8,,0.6944757261796136,0.7115663102964184,,,,,,,,,,,,,,,,,,,,,,,Section III-D,mincount_clean/m8_s72.json
gate_sweep_m8,"Reference protocol, gate m=8 (default), single GPU batch",balanced,73,150,gpu,8,,0.6176641462088854,0.596646284342953,,,,,,,,,,,,,,,,,,,,,,,Section III-D,mincount_clean/m8_s73.json
gate_sweep_m8,"Reference protocol, gate m=8 (default), single GPU batch",balanced,74,150,gpu,8,,0.5251472756849953,0.5361499531252069,,,,,,,,,,,,,,,,,,,,,,,Section III-D,mincount_clean/m8_s74.json
gate_sweep_m8,"Reference protocol, gate m=8 (default), single GPU batch",balanced,75,150,gpu,8,,0.5369700279439579,0.5617801667401466,,,,,,,,,,,,,,,,,,,,,,,Section III-D,mincount_clean/m8_s75.json
gate_sweep_m8,"Reference protocol, gate m=8 (default), single GPU batch",balanced,76,150,gpu,8,,0.6243996659091786,0.6124162965546217,,,,,,,,,,,,,,,,,,,,,,,Section III-D,mincount_clean/m8_s76.json
gate_sweep_m8,"Reference protocol, gate m=8 (default), single GPU batch",balanced,77,150,gpu,8,,0.48305530166119465,0.5103663956722995,,,,,,,,,,,,,,,,,,,,,,,Section III-D,mincount_clean/m8_s77.json
gate_sweep_m8,"Reference protocol, gate m=8 (default), single GPU batch",balanced,78,150,gpu,8,,0.6875930655502915,0.7128143500965287,,,,,,,,,,,,,,,,,,,,,,,Section III-D,mincount_clean/m8_s78.json
gate_sweep_m8,"Reference protocol, gate m=8 (default), single GPU batch",balanced,79,150,gpu,8,,0.5645918466417491,0.5719895023232099,,,,,,,,,,,,,,,,,,,,,,,Section III-D,mincount_clean/m8_s79.json
gate_sweep_m8,"Reference protocol, gate m=8 (default), single GPU batch",balanced,80,150,gpu,8,,0.693382178007028,0.6982683799965046,,,,,,,,,,,,,,,,,,,,,,,Section III-D,mincount_clean/m8_s80.json
gate_sweep_m8,"Reference protocol, gate m=8 (default), single GPU batch",balanced,81,150,gpu,8,,0.49597960135586994,0.49903342568675285,,,,,,,,,,,,,,,,,,,,,,,Section III-D,mincount_clean/m8_s81.json
gate_sweep_m8,"Reference protocol, gate m=8 (default), single GPU batch",balanced,82,150,gpu,8,,0.5936235242224756,0.6030431725348961,,,,,,,,,,,,,,,,,,,,,,,Section III-D,mincount_clean/m8_s82.json
gate_sweep_m8,"Reference protocol, gate m=8 (default), single GPU batch",balanced,83,150,gpu,8,,0.7806173244854101,0.7900101216079793,,,,,,,,,,,,,,,,,,,,,,,Section III-D,mincount_clean/m8_s83.json
gate_sweep_m8,"Reference protocol, gate m=8 (default), single GPU batch",balanced,84,150,gpu,8,,0.6041917487737424,0.6197189745461748,,,,,,,,,,,,,,,,,,,,,,,Section III-D,mincount_clean/m8_s84.json
gate_sweep_m8,"Reference protocol, gate m=8 (default), single GPU batch",balanced,85,150,gpu,8,,0.6479717129979703,0.6632153839882098,,,,,,,,,,,,,,,,,,,,,,,Section III-D,mincount_clean/m8_s85.json
gate_sweep_m8,"Reference protocol, gate m=8 (default), single GPU batch",balanced,86,150,gpu,8,,0.7519594432177266,0.7646822752388667,,,,,,,,,,,,,,,,,,,,,,,Section III-D,mincount_clean/m8_s86.json
gate_sweep_m8,"Reference protocol, gate m=8 (default), single GPU batch",balanced,87,150,gpu,8,,0.6132387638488715,0.6063415572798992,,,,,,,,,,,,,,,,,,,,,,,Section III-D,mincount_clean/m8_s87.json
gate_sweep_m8,"Reference protocol, gate m=8 (default), single GPU batch",balanced,88,150,gpu,8,,0.6296853664508658,0.6372415670638836,,,,,,,,,,,,,,,,,,,,,,,Section III-D,mincount_clean/m8_s88.json
gate_sweep_m8,"Reference protocol, gate m=8 (default), single GPU batch",balanced,89,150,gpu,8,,0.6212995787480775,0.637865897555607,,,,,,,,,,,,,,,,,,,,,,,Section III-D,mincount_clean/m8_s89.json
gate_sweep_m8,"Reference protocol, gate m=8 (default), single GPU batch",balanced,90,150,gpu,8,,0.6724359508686018,0.6762570669545639,,,,,,,,,,,,,,,,,,,,,,,Section III-D,mincount_clean/m8_s90.json
gate_sweep_m8,"Reference protocol, gate m=8 (default), single GPU batch",balanced,91,150,gpu,8,,0.7640288138475388,0.7828907434922633,,,,,,,,,,,,,,,,,,,,,,,Section III-D,mincount_clean/m8_s91.json
gate_sweep_m16,"Reference protocol, gate m=16, single GPU batch",balanced,62,150,gpu,16,,0.6150705120441399,0.5852374984549512,,,,,,,,,,,,,,,,,,,,,,,"Section III-D, Table 11",mincount_clean/m16_s62.json
gate_sweep_m16,"Reference protocol, gate m=16, single GPU batch",balanced,63,150,gpu,16,,0.7145435635501529,0.7425566332527209,,,,,,,,,,,,,,,,,,,,,,,"Section III-D, Table 11",mincount_clean/m16_s63.json
gate_sweep_m16,"Reference protocol, gate m=16, single GPU batch",balanced,64,150,gpu,16,,0.5413630142179585,0.5109754260943163,,,,,,,,,,,,,,,,,,,,,,,"Section III-D, Table 11",mincount_clean/m16_s64.json
gate_sweep_m16,"Reference protocol, gate m=16, single GPU batch",balanced,65,150,gpu,16,,0.741850591453582,0.7671301512896193,,,,,,,,,,,,,,,,,,,,,,,"Section III-D, Table 11",mincount_clean/m16_s65.json
gate_sweep_m16,"Reference protocol, gate m=16, single GPU batch",balanced,66,150,gpu,16,,0.6429306877882016,0.6673896037675798,,,,,,,,,,,,,,,,,,,,,,,"Section III-D, Table 11",mincount_clean/m16_s66.json
gate_sweep_m16,"Reference protocol, gate m=16, single GPU batch",balanced,67,150,gpu,16,,0.6301235442287596,0.6590935504061766,,,,,,,,,,,,,,,,,,,,,,,"Section III-D, Table 11",mincount_clean/m16_s67.json
gate_sweep_m16,"Reference protocol, gate m=16, single GPU batch",balanced,68,150,gpu,16,,0.696640414310315,0.6841218139770556,,,,,,,,,,,,,,,,,,,,,,,"Section III-D, Table 11",mincount_clean/m16_s68.json
gate_sweep_m16,"Reference protocol, gate m=16, single GPU batch",balanced,69,150,gpu,16,,0.7308270761781319,0.7490823989613979,,,,,,,,,,,,,,,,,,,,,,,"Section III-D, Table 11",mincount_clean/m16_s69.json
gate_sweep_m16,"Reference protocol, gate m=16, single GPU batch",balanced,70,150,gpu,16,,0.6638432922965262,0.6891198177905135,,,,,,,,,,,,,,,,,,,,,,,"Section III-D, Table 11",mincount_clean/m16_s70.json
gate_sweep_m16,"Reference protocol, gate m=16, single GPU batch",balanced,71,150,gpu,16,,0.6786165361762571,0.7071189002948522,,,,,,,,,,,,,,,,,,,,,,,"Section III-D, Table 11",mincount_clean/m16_s71.json
gate_sweep_m16,"Reference protocol, gate m=16, single GPU batch",balanced,72,150,gpu,16,,0.7055175049076675,0.7168536858848163,,,,,,,,,,,,,,,,,,,,,,,"Section III-D, Table 11",mincount_clean/m16_s72.json
gate_sweep_m16,"Reference protocol, gate m=16, single GPU batch",balanced,73,150,gpu,16,,0.6389315794545402,0.6313471112245238,,,,,,,,,,,,,,,,,,,,,,,"Section III-D, Table 11",mincount_clean/m16_s73.json
gate_sweep_m16,"Reference protocol, gate m=16, single GPU batch",balanced,74,150,gpu,16,,0.42006032070516197,0.4365279334882975,,,,,,,,,,,,,,,,,,,,,,,"Section III-D, Table 11",mincount_clean/m16_s74.json
gate_sweep_m16,"Reference protocol, gate m=16, single GPU batch",balanced,75,150,gpu,16,,0.558939835435981,0.5926815676912569,,,,,,,,,,,,,,,,,,,,,,,"Section III-D, Table 11",mincount_clean/m16_s75.json
gate_sweep_m16,"Reference protocol, gate m=16, single GPU batch",balanced,76,150,gpu,16,,0.6111167421329172,0.6042745885111567,,,,,,,,,,,,,,,,,,,,,,,"Section III-D, Table 11",mincount_clean/m16_s76.json
gate_sweep_m16,"Reference protocol, gate m=16, single GPU batch",balanced,77,150,gpu,16,,0.4815798480700955,0.5180497020138671,,,,,,,,,,,,,,,,,,,,,,,"Section III-D, Table 11",mincount_clean/m16_s77.json
gate_sweep_m16,"Reference protocol, gate m=16, single GPU batch",balanced,78,150,gpu,16,,0.6973773310923919,0.7141157773465392,,,,,,,,,,,,,,,,,,,,,,,"Section III-D, Table 11",mincount_clean/m16_s78.json
gate_sweep_m16,"Reference protocol, gate m=16, single GPU batch",balanced,79,150,gpu,16,,0.603883182183814,0.573823154495644,,,,,,,,,,,,,,,,,,,,,,,"Section III-D, Table 11",mincount_clean/m16_s79.json
gate_sweep_m16,"Reference protocol, gate m=16, single GPU batch",balanced,80,150,gpu,16,,0.6782730479373391,0.6848413543021492,,,,,,,,,,,,,,,,,,,,,,,"Section III-D, Table 11",mincount_clean/m16_s80.json
gate_sweep_m16,"Reference protocol, gate m=16, single GPU batch",balanced,81,150,gpu,16,,0.526290173189589,0.5301597314019905,,,,,,,,,,,,,,,,,,,,,,,"Section III-D, Table 11",mincount_clean/m16_s81.json
gate_sweep_m16,"Reference protocol, gate m=16, single GPU batch",balanced,82,150,gpu,16,,0.6561307280436418,0.6829953305654738,,,,,,,,,,,,,,,,,,,,,,,"Section III-D, Table 11",mincount_clean/m16_s82.json
gate_sweep_m16,"Reference protocol, gate m=16, single GPU batch",balanced,83,150,gpu,16,,0.7685722213562303,0.7821219835843091,,,,,,,,,,,,,,,,,,,,,,,"Section III-D, Table 11",mincount_clean/m16_s83.json
gate_sweep_m16,"Reference protocol, gate m=16, single GPU batch",balanced,84,150,gpu,16,,0.6138817456120292,0.6152382376000939,,,,,,,,,,,,,,,,,,,,,,,"Section III-D, Table 11",mincount_clean/m16_s84.json
gate_sweep_m16,"Reference protocol, gate m=16, single GPU batch",balanced,85,150,gpu,16,,0.6295047924984787,0.6509811314420552,,,,,,,,,,,,,,,,,,,,,,,"Section III-D, Table 11",mincount_clean/m16_s85.json
gate_sweep_m16,"Reference protocol, gate m=16, single GPU batch",balanced,86,150,gpu,16,,0.719763738562564,0.7252974761920424,,,,,,,,,,,,,,,,,,,,,,,"Section III-D, Table 11",mincount_clean/m16_s86.json
gate_sweep_m16,"Reference protocol, gate m=16, single GPU batch",balanced,87,150,gpu,16,,0.6205369151253196,0.623490585386854,,,,,,,,,,,,,,,,,,,,,,,"Section III-D, Table 11",mincount_clean/m16_s87.json
gate_sweep_m16,"Reference protocol, gate m=16, single GPU batch",balanced,88,150,gpu,16,,0.7310618466089981,0.7532921645324958,,,,,,,,,,,,,,,,,,,,,,,"Section III-D, Table 11",mincount_clean/m16_s88.json
gate_sweep_m16,"Reference protocol, gate m=16, single GPU batch",balanced,89,150,gpu,16,,0.66806148489029,0.6879126289885065,,,,,,,,,,,,,,,,,,,,,,,"Section III-D, Table 11",mincount_clean/m16_s89.json
gate_sweep_m16,"Reference protocol, gate m=16, single GPU batch",balanced,90,150,gpu,16,,0.6778164408625224,0.6844207108037301,,,,,,,,,,,,,,,,,,,,,,,"Section III-D, Table 11",mincount_clean/m16_s90.json
gate_sweep_m16,"Reference protocol, gate m=16, single GPU batch",balanced,91,150,gpu,16,,0.773656570088216,0.7928900311238608,,,,,,,,,,,,,,,,,,,,,,,"Section III-D, Table 11",mincount_clean/m16_s91.json
